Workbook

Sheet Raw Games
A1: Date | B1: Where | C1: Half | D1: aa | E1: Alizé | F1: Allyn | G1: Bo | H1: Candace | I1: Charlene | J1: Clelia | K1: David | L1: Debby | M1: Espy | N1: Jack | O1: Jake | P1: Jan | Q1: Jeff M | R1: Jeff P | S1: Jeremy | T1: Jordan | U1: Karenina | V1: Karen | W1: Kas | X1: Melissa | Y1: Nancy | Z1: Ray | AA1: Sally | AB1: Sandy | AC1: Sara | AD1: Scott | AE1: Simon | AF1: Susan | AG1: Terry | AH1: Zach | AJ1: Min | AK1: Max | AL1: Winner | AM1: Loser | AN1: Players
A2: <?> | B2: Preston | I2: 690 | K2: 765 | L2: 520 | Y2: 695 | AB2: 700 | AJ2: =MIN($D2:$AI2) -> 520 | AK2: =MAX($D2:$AI2) -> 765 | AL2: =HLOOKUP(AJ2,{$D2:$AI2;$D$1:$AI$1},2,false) -> Debby | AM2: =HLOOKUP(AK2,{$D2:$AI2;$D$1:$AI$1},2,false) -> David | AN2: =count(D2:AI2) -> 5
A3: <?> | B3: Preston | K3: 380 | Y3: 335 | AA3: 775 | AC3: 225 | AJ3: =MIN($D3:$AI3) -> 225 | AK3: =MAX($D3:$AI3) -> 775 | AL3: =HLOOKUP(AJ3,{$D3:$AI3;$D$1:$AI$1},2,false) -> Sara | AM3: =HLOOKUP(AK3,{$D3:$AI3;$D$1:$AI$1},2,false) -> Sally | AN3: =count(D3:AI3) -> 4
A4: <?> | B4: Preston | I4: 385 | K4: 510 | Q4: 300 | Y4: 365 | AJ4: =MIN($D4:$AI4) -> 300 | AK4: =MAX($D4:$AI4) -> 510 | AL4: =HLOOKUP(AJ4,{$D4:$AI4;$D$1:$AI$1},2,false) -> Jeff M | AM4: =HLOOKUP(AK4,{$D4:$AI4;$D$1:$AI$1},2,false) -> David | AN4: =count(D4:AI4) -> 4
A5: <?> | B5: Preston | I5: 495 | K5: 195 | L5: 795 | Y5: 450 | AJ5: =MIN($D5:$AI5) -> 195 | AK5: =MAX($D5:$AI5) -> 795 | AL5: =HLOOKUP(AJ5,{$D5:$AI5;$D$1:$AI$1},2,false) -> David | AM5: =HLOOKUP(AK5,{$D5:$AI5;$D$1:$AI$1},2,false) -> Debby | AN5: =count(D5:AI5) -> 4
A6: <?> | B6: Preston | K6: 65 | L6: 485 | Y6: 540 | AJ6: =MIN($D6:$AI6) -> 65 | AK6: =MAX($D6:$AI6) -> 540 | AL6: =HLOOKUP(AJ6,{$D6:$AI6;$D$1:$AI$1},2,false) -> David | AM6: =HLOOKUP(AK6,{$D6:$AI6;$D$1:$AI$1},2,false) -> Nancy | AN6: =count(D6:AI6) -> 3
A7: <?> | B7: <?> | C7: Yes | D7: 150 | L7: 130 | Y7: 175 | AJ7: =MIN($D7:$AI7) -> 130 | AK7: =MAX($D7:$AI7) -> 175 | AL7: =HLOOKUP(AJ7,{$D7:$AI7;$D$1:$AI$1},2,false) -> Debby | AM7: =HLOOKUP(AK7,{$D7:$AI7;$D$1:$AI$1},2,false) -> Nancy | AN7: =count(D7:AI7) -> 3
A8: <?> | B8: Preston | I8: 280 | K8: 535 | L8: 525 | Y8: 900 | AJ8: =MIN($D8:$AI8) -> 280 | AK8: =MAX($D8:$AI8) -> 900 | AL8: =HLOOKUP(AJ8,{$D8:$AI8;$D$1:$AI$1},2,false) -> Charlene | AM8: =HLOOKUP(AK8,{$D8:$AI8;$D$1:$AI$1},2,false) -> Nancy | AN8: =count(D8:AI8) -> 4
A9: <?> | B9: Preston | I9: 460 | K9: 225 | L9: 395 | Y9: 675 | AJ9: =MIN($D9:$AI9) -> 225 | AK9: =MAX($D9:$AI9) -> 675 | AL9: =HLOOKUP(AJ9,{$D9:$AI9;$D$1:$AI$1},2,false) -> David | AM9: =HLOOKUP(AK9,{$D9:$AI9;$D$1:$AI$1},2,false) -> Nancy | AN9: =count(D9:AI9) -> 4
A10: <?> | B10: Preston | I10: 190 | K10: 450 | Q10: 305 | Y10: 550 | AJ10: =MIN($D10:$AI10) -> 190 | AK10: =MAX($D10:$AI10) -> 550 | AL10: =HLOOKUP(AJ10,{$D10:$AI10;$D$1:$AI$1},2,false) -> Charlene | AM10: =HLOOKUP(AK10,{$D10:$AI10;$D$1:$AI$1},2,false) -> Nancy | AN10: =count(D10:AI10) -> 4
A11: <?> | B11: Preston | I11: 400 | L11: 235 | Y11: 260 | AA11: 240 | AJ11: =MIN($D11:$AI11) -> 235 | AK11: =MAX($D11:$AI11) -> 400 | AL11: =HLOOKUP(AJ11,{$D11:$AI11;$D$1:$AI$1},2,false) -> Debby | AM11: =HLOOKUP(AK11,{$D11:$AI11;$D$1:$AI$1},2,false) -> Charlene | AN11: =count(D11:AI11) -> 4
A12: <?> | B12: Preston | I12: 165 | K12: 400 | L12: 250 | Y12: 190 | AJ12: =MIN($D12:$AI12) -> 165 | AK12: =MAX($D12:$AI12) -> 400 | AL12: =HLOOKUP(AJ12,{$D12:$AI12;$D$1:$AI$1},2,false) -> Charlene | AM12: =HLOOKUP(AK12,{$D12:$AI12;$D$1:$AI$1},2,false) -> David | AN12: =count(D12:AI12) -> 4
A13: <?> | B13: Preston | I13: 445 | L13: 370 | Q13: 465 | Y13: 430 | AJ13: =MIN($D13:$AI13) -> 370 | AK13: =MAX($D13:$AI13) -> 465 | AL13: =HLOOKUP(AJ13,{$D13:$AI13;$D$1:$AI$1},2,false) -> Debby | AM13: =HLOOKUP(AK13,{$D13:$AI13;$D$1:$AI$1},2,false) -> Jeff M | AN13: =count(D13:AI13) -> 4
A14: <?> | B14: Preston | I14: 525 | K14: 330 | L14: 540 | Y14: 675 | AJ14: =MIN($D14:$AI14) -> 330 | AK14: =MAX($D14:$AI14) -> 675 | AL14: =HLOOKUP(AJ14,{$D14:$AI14;$D$1:$AI$1},2,false) -> David | AM14: =HLOOKUP(AK14,{$D14:$AI14;$D$1:$AI$1},2,false) -> Nancy | AN14: =count(D14:AI14) -> 4
A15: <?> | B15: Preston | I15: 405 | K15: 385 | L15: 630 | Y15: 410 | AA15: 380 | AJ15: =MIN($D15:$AI15) -> 380 | AK15: =MAX($D15:$AI15) -> 630 | AL15: =HLOOKUP(AJ15,{$D15:$AI15;$D$1:$AI$1},2,false) -> Sally | AM15: =HLOOKUP(AK15,{$D15:$AI15;$D$1:$AI$1},2,false) -> Debby | AN15: =count(D15:AI15) -> 5
A16: <?> | B16: Preston | I16: 250 | K16: 690 | Y16: 515 | AA16: 800 | AJ16: =MIN($D16:$AI16) -> 250 | AK16: =MAX($D16:$AI16) -> 800 | AL16: =HLOOKUP(AJ16,{$D16:$AI16;$D$1:$AI$1},2,false) -> Charlene | AM16: =HLOOKUP(AK16,{$D16:$AI16;$D$1:$AI$1},2,false) -> Sally | AN16: =count(D16:AI16) -> 4
A17: <?> | B17: Preston | C17: Yes | F17: 80 | I17: 220 | Y17: 145 | AA17: 345 | AJ17: =MIN($D17:$AI17) -> 80 | AK17: =MAX($D17:$AI17) -> 345 | AL17: =HLOOKUP(AJ17,{$D17:$AI17;$D$1:$AI$1},2,false) -> Allyn | AM17: =HLOOKUP(AK17,{$D17:$AI17;$D$1:$AI$1},2,false) -> Sally | AN17: =count(D17:AI17) -> 4
A18: <?> | B18: Preston | C18: Yes | I18: 95 | K18: 240 | Q18: 95 | Y18: 265 | AJ18: =MIN($D18:$AI18) -> 95 | AK18: =MAX($D18:$AI18) -> 265 | AL18: =HLOOKUP(AJ18,{$D18:$AI18;$D$1:$AI$1},2,false) -> Charlene | AM18: =HLOOKUP(AK18,{$D18:$AI18;$D$1:$AI$1},2,false) -> Nancy | AN18: =count(D18:AI18) -> 4
A19: <?> | B19: Preston | I19: 455 | K19: 630 | L19: 395 | Y19: 380 | AA19: 650 | AJ19: =MIN($D19:$AI19) -> 380 | AK19: =MAX($D19:$AI19) -> 650 | AL19: =HLOOKUP(AJ19,{$D19:$AI19;$D$1:$AI$1},2,false) -> Nancy | AM19: =HLOOKUP(AK19,{$D19:$AI19;$D$1:$AI$1},2,false) -> Sally | AN19: =count(D19:AI19) -> 5
A20: <?> | B20: Preston | I20: 430 | K20: 290 | Y20: 275 | AC20: 940 | AJ20: =MIN($D20:$AI20) -> 275 | AK20: =MAX($D20:$AI20) -> 940 | AL20: =HLOOKUP(AJ20,{$D20:$AI20;$D$1:$AI$1},2,false) -> Nancy | AM20: =HLOOKUP(AK20,{$D20:$AI20;$D$1:$AI$1},2,false) -> Sara | AN20: =count(D20:AI20) -> 4
A21: <?> | B21: Preston | C21: Yes | F21: 490 | I21: 200 | K21: 310 | Y21: 160 | AJ21: =MIN($D21:$AI21) -> 160 | AK21: =MAX($D21:$AI21) -> 490 | AL21: =HLOOKUP(AJ21,{$D21:$AI21;$D$1:$AI$1},2,false) -> Nancy | AM21: =HLOOKUP(AK21,{$D21:$AI21;$D$1:$AI$1},2,false) -> Allyn | AN21: =count(D21:AI21) -> 4
A22: <?> | B22: Preston | C22: Yes | K22: 465 | L22: 405 | Y22: 75 | AB22: 420 | AJ22: =MIN($D22:$AI22) -> 75 | AK22: =MAX($D22:$AI22) -> 465 | AL22: =HLOOKUP(AJ22,{$D22:$AI22;$D$1:$AI$1},2,false) -> Nancy | AM22: =HLOOKUP(AK22,{$D22:$AI22;$D$1:$AI$1},2,false) -> David | AN22: =count(D22:AI22) -> 4
A23: <?> | B23: Preston | I23: 260 | K23: 285 | L23: 570 | Y23: 695 | AB23: 780 | AJ23: =MIN($D23:$AI23) -> 260 | AK23: =MAX($D23:$AI23) -> 780 | AL23: =HLOOKUP(AJ23,{$D23:$AI23;$D$1:$AI$1},2,false) -> Charlene | AM23: =HLOOKUP(AK23,{$D23:$AI23;$D$1:$AI$1},2,false) -> Sandy | AN23: =count(D23:AI23) -> 5
A24: <?> | B24: Superior | C24: Yes | I24: 245 | U24: 180 | Y24: 325 | AB24: 185 | AJ24: =MIN($D24:$AI24) -> 180 | AK24: =MAX($D24:$AI24) -> 325 | AL24: =HLOOKUP(AJ24,{$D24:$AI24;$D$1:$AI$1},2,false) -> Karenina | AM24: =HLOOKUP(AK24,{$D24:$AI24;$D$1:$AI$1},2,false) -> Nancy | AN24: =count(D24:AI24) -> 4
A25: <?> | B25: Preston | I25: 440 | K25: 420 | L25: 625 | U25: 575 | Y25: 445 | AB25: 895 | AJ25: =MIN($D25:$AI25) -> 420 | AK25: =MAX($D25:$AI25) -> 895 | AL25: =HLOOKUP(AJ25,{$D25:$AI25;$D$1:$AI$1},2,false) -> David | AM25: =HLOOKUP(AK25,{$D25:$AI25;$D$1:$AI$1},2,false) -> Sandy | AN25: =count(D25:AI25) -> 6
A26: <?> | B26: Superior | I26: 575 | K26: 510 | Q26: 565 | AA26: 400 | AJ26: =MIN($D26:$AI26) -> 400 | AK26: =MAX($D26:$AI26) -> 575 | AL26: =HLOOKUP(AJ26,{$D26:$AI26;$D$1:$AI$1},2,false) -> Sally | AM26: =HLOOKUP(AK26,{$D26:$AI26;$D$1:$AI$1},2,false) -> Charlene | AN26: =count(D26:AI26) -> 4
A27: <?> | B27: Superior | I27: 95 | K27: 705 | Q27: 775 | Y27: 400 | AJ27: =MIN($D27:$AI27) -> 95 | AK27: =MAX($D27:$AI27) -> 775 | AL27: =HLOOKUP(AJ27,{$D27:$AI27;$D$1:$AI$1},2,false) -> Charlene | AM27: =HLOOKUP(AK27,{$D27:$AI27;$D$1:$AI$1},2,false) -> Jeff M | AN27: =count(D27:AI27) -> 4
A28: <?> | B28: Preston | C28: Yes | I28: 155 | K28: 100 | L28: 495 | Q28: 240 | Y28: 235 | AJ28: =MIN($D28:$AI28) -> 100 | AK28: =MAX($D28:$AI28) -> 495 | AL28: =HLOOKUP(AJ28,{$D28:$AI28;$D$1:$AI$1},2,false) -> David | AM28: =HLOOKUP(AK28,{$D28:$AI28;$D$1:$AI$1},2,false) -> Debby | AN28: =count(D28:AI28) -> 5
A29: <?> | B29: Preston | C29: Yes | I29: 235 | K29: 135 | L29: 375 | Y29: 145 | AA29: 120 | AJ29: =MIN($D29:$AI29) -> 120 | AK29: =MAX($D29:$AI29) -> 375 | AL29: =HLOOKUP(AJ29,{$D29:$AI29;$D$1:$AI$1},2,false) -> Sally | AM29: =HLOOKUP(AK29,{$D29:$AI29;$D$1:$AI$1},2,false) -> Debby | AN29: =count(D29:AI29) -> 5
A30: <?> | B30: Preston | L30: 155 | Q30: 655 | Y30: 245 | AJ30: =MIN($D30:$AI30) -> 155 | AK30: =MAX($D30:$AI30) -> 655 | AL30: =HLOOKUP(AJ30,{$D30:$AI30;$D$1:$AI$1},2,false) -> Debby | AM30: =HLOOKUP(AK30,{$D30:$AI30;$D$1:$AI$1},2,false) -> Jeff M | AN30: =count(D30:AI30) -> 3
A31: <?> | B31: Preston | C31: Yes | K31: 160 | L31: 335 | Y31: 145 | AJ31: =MIN($D31:$AI31) -> 145 | AK31: =MAX($D31:$AI31) -> 335 | AL31: =HLOOKUP(AJ31,{$D31:$AI31;$D$1:$AI$1},2,false) -> Nancy | AM31: =HLOOKUP(AK31,{$D31:$AI31;$D$1:$AI$1},2,false) -> Debby | AN31: =count(D31:AI31) -> 3
A32: <?> | B32: Superior | C32: Yes | I32: 75 | K32: 325 | U32: 60 | Y32: 640 | AE32: 100 | AJ32: =MIN($D32:$AI32) -> 60 | AK32: =MAX($D32:$AI32) -> 640 | AL32: =HLOOKUP(AJ32,{$D32:$AI32;$D$1:$AI$1},2,false) -> Karenina | AM32: =HLOOKUP(AK32,{$D32:$AI32;$D$1:$AI$1},2,false) -> Nancy | AN32: =count(D32:AI32) -> 5
A33: <?> | B33: Preston | I33: 125 | K33: 655 | L33: 720 | Y33: 390 | AJ33: =MIN($D33:$AI33) -> 125 | AK33: =MAX($D33:$AI33) -> 720 | AL33: =HLOOKUP(AJ33,{$D33:$AI33;$D$1:$AI$1},2,false) -> Charlene | AM33: =HLOOKUP(AK33,{$D33:$AI33;$D$1:$AI$1},2,false) -> Debby | AN33: =count(D33:AI33) -> 4
A34: <?> | B34: Superior | I34: 175 | K34: 625 | L34: 285 | Y34: 185 | AJ34: =MIN($D34:$AI34) -> 175 | AK34: =MAX($D34:$AI34) -> 625 | AL34: =HLOOKUP(AJ34,{$D34:$AI34;$D$1:$AI$1},2,false) -> Charlene | AM34: =HLOOKUP(AK34,{$D34:$AI34;$D$1:$AI$1},2,false) -> David | AN34: =count(D34:AI34) -> 4
A35: <?> | B35: Preston | I35: 595 | K35: 455 | L35: 585 | Y35: 520 | AJ35: =MIN($D35:$AI35) -> 455 | AK35: =MAX($D35:$AI35) -> 595 | AL35: =HLOOKUP(AJ35,{$D35:$AI35;$D$1:$AI$1},2,false) -> David | AM35: =HLOOKUP(AK35,{$D35:$AI35;$D$1:$AI$1},2,false) -> Charlene | AN35: =count(D35:AI35) -> 4
A36: <?> | B36: Preston | F36: 375 | K36: 495 | Y36: 730 | AC36: 490 | AJ36: =MIN($D36:$AI36) -> 375 | AK36: =MAX($D36:$AI36) -> 730 | AL36: =HLOOKUP(AJ36,{$D36:$AI36;$D$1:$AI$1},2,false) -> Allyn | AM36: =HLOOKUP(AK36,{$D36:$AI36;$D$1:$AI$1},2,false) -> Nancy | AN36: =count(D36:AI36) -> 4
A37: <?> | B37: Superior | I37: 535 | K37: 590 | L37: 635 | Q37: 905 | Y37: 480 | AJ37: =MIN($D37:$AI37) -> 480 | AK37: =MAX($D37:$AI37) -> 905 | AL37: =HLOOKUP(AJ37,{$D37:$AI37;$D$1:$AI$1},2,false) -> Nancy | AM37: =HLOOKUP(AK37,{$D37:$AI37;$D$1:$AI$1},2,false) -> Jeff M | AN37: =count(D37:AI37) -> 5
A38: <?> | B38: Superior | I38: 840 | K38: 725 | L38: 950 | Y38: 150 | AB38: 565 | AJ38: =MIN($D38:$AI38) -> 150 | AK38: =MAX($D38:$AI38) -> 950 | AL38: =HLOOKUP(AJ38,{$D38:$AI38;$D$1:$AI$1},2,false) -> Nancy | AM38: =HLOOKUP(AK38,{$D38:$AI38;$D$1:$AI$1},2,false) -> Debby | AN38: =count(D38:AI38) -> 5
A39: <?> | B39: Preston | I39: 635 | K39: 665 | L39: 500 | Y39: 520 | AJ39: =MIN($D39:$AI39) -> 500 | AK39: =MAX($D39:$AI39) -> 665 | AL39: =HLOOKUP(AJ39,{$D39:$AI39;$D$1:$AI$1},2,false) -> Debby | AM39: =HLOOKUP(AK39,{$D39:$AI39;$D$1:$AI$1},2,false) -> David | AN39: =count(D39:AI39) -> 4
A40: <?> | B40: Preston | C40: Yes | I40: 235 | K40: 265 | L40: 270 | Q40: 110 | Y40: 360 | AJ40: =MIN($D40:$AI40) -> 110 | AK40: =MAX($D40:$AI40) -> 360 | AL40: =HLOOKUP(AJ40,{$D40:$AI40;$D$1:$AI$1},2,false) -> Jeff M | AM40: =HLOOKUP(AK40,{$D40:$AI40;$D$1:$AI$1},2,false) -> Nancy | AN40: =count(D40:AI40) -> 5
A41: <?> | B41: Superior | C41: Yes | I41: 170 | L41: 510 | U41: 120 | AB41: 320 | AJ41: =MIN($D41:$AI41) -> 120 | AK41: =MAX($D41:$AI41) -> 510 | AL41: =HLOOKUP(AJ41,{$D41:$AI41;$D$1:$AI$1},2,false) -> Karenina | AM41: =HLOOKUP(AK41,{$D41:$AI41;$D$1:$AI$1},2,false) -> Debby | AN41: =count(D41:AI41) -> 4
A42: <?> | B42: Preston | K42: 665 | V42: 705 | Y42: 285 | AA42: 605 | AJ42: =MIN($D42:$AI42) -> 285 | AK42: =MAX($D42:$AI42) -> 705 | AL42: =HLOOKUP(AJ42,{$D42:$AI42;$D$1:$AI$1},2,false) -> Nancy | AM42: =HLOOKUP(AK42,{$D42:$AI42;$D$1:$AI$1},2,false) -> Karen | AN42: =count(D42:AI42) -> 4
A43: <?> | B43: Superior | I43: 125 | K43: 240 | Y43: 520 | AB43: 495 | AJ43: =MIN($D43:$AI43) -> 125 | AK43: =MAX($D43:$AI43) -> 520 | AL43: =HLOOKUP(AJ43,{$D43:$AI43;$D$1:$AI$1},2,false) -> Charlene | AM43: =HLOOKUP(AK43,{$D43:$AI43;$D$1:$AI$1},2,false) -> Nancy | AN43: =count(D43:AI43) -> 4
A44: <?> | B44: Superior | I44: 595 | K44: 715 | U44: 475 | Y44: 640 | AB44: 565 | AE44: 670 | AJ44: =MIN($D44:$AI44) -> 475 | AK44: =MAX($D44:$AI44) -> 715 | AL44: =HLOOKUP(AJ44,{$D44:$AI44;$D$1:$AI$1},2,false) -> Karenina | AM44: =HLOOKUP(AK44,{$D44:$AI44;$D$1:$AI$1},2,false) -> David | AN44: =count(D44:AI44) -> 6
A45: <?> | B45: Preston | K45: 130 | O45: 620 | Y45: 370 | AJ45: =MIN($D45:$AI45) -> 130 | AK45: =MAX($D45:$AI45) -> 620 | AL45: =HLOOKUP(AJ45,{$D45:$AI45;$D$1:$AI$1},2,false) -> David | AM45: =HLOOKUP(AK45,{$D45:$AI45;$D$1:$AI$1},2,false) -> Jake | AN45: =count(D45:AI45) -> 3
A46: <?> | B46: Superior | I46: 485 | K46: 180 | L46: 330 | Y46: 460 | AJ46: =MIN($D46:$AI46) -> 180 | AK46: =MAX($D46:$AI46) -> 485 | AL46: =HLOOKUP(AJ46,{$D46:$AI46;$D$1:$AI$1},2,false) -> David | AM46: =HLOOKUP(AK46,{$D46:$AI46;$D$1:$AI$1},2,false) -> Charlene | AN46: =count(D46:AI46) -> 4
A47: <?> | B47: Superior | I47: 330 | K47: 480 | L47: 270 | Y47: 470 | AJ47: =MIN($D47:$AI47) -> 270 | AK47: =MAX($D47:$AI47) -> 480 | AL47: =HLOOKUP(AJ47,{$D47:$AI47;$D$1:$AI$1},2,false) -> Debby | AM47: =HLOOKUP(AK47,{$D47:$AI47;$D$1:$AI$1},2,false) -> David | AN47: =count(D47:AI47) -> 4
A48: <?> | B48: Preston | K48: 115 | Y48: 230 | AC48: 115 | AJ48: =MIN($D48:$AI48) -> 115 | AK48: =MAX($D48:$AI48) -> 230 | AL48: =HLOOKUP(AJ48,{$D48:$AI48;$D$1:$AI$1},2,false) -> David | AM48: =HLOOKUP(AK48,{$D48:$AI48;$D$1:$AI$1},2,false) -> Nancy | AN48: =count(D48:AI48) -> 3
A49: <?> | B49: Preston | I49: 100 | K49: 485 | Y49: 550 | AB49: 800 | AJ49: =MIN($D49:$AI49) -> 100 | AK49: =MAX($D49:$AI49) -> 800 | AL49: =HLOOKUP(AJ49,{$D49:$AI49;$D$1:$AI$1},2,false) -> Charlene | AM49: =HLOOKUP(AK49,{$D49:$AI49;$D$1:$AI$1},2,false) -> Sandy | AN49: =count(D49:AI49) -> 4
A50: <?> | B50: Preston | K50: 325 | L50: 330 | Y50: 460 | AA50: 250 | AJ50: =MIN($D50:$AI50) -> 250 | AK50: =MAX($D50:$AI50) -> 460 | AL50: =HLOOKUP(AJ50,{$D50:$AI50;$D$1:$AI$1},2,false) -> Sally | AM50: =HLOOKUP(AK50,{$D50:$AI50;$D$1:$AI$1},2,false) -> Nancy | AN50: =count(D50:AI50) -> 4
A51: <?> | B51: Indian Wells | K51: 490 | Y51: 370 | AA51: 515 | AC51: 390 | AF51: 510 | AJ51: =MIN($D51:$AI51) -> 370 | AK51: =MAX($D51:$AI51) -> 515 | AL51: =HLOOKUP(AJ51,{$D51:$AI51;$D$1:$AI$1},2,false) -> Nancy | AM51: =HLOOKUP(AK51,{$D51:$AI51;$D$1:$AI$1},2,false) -> Sally | AN51: =count(D51:AI51) -> 5
A52: <?> | B52: Preston | C52: Yes | I52: 165 | K52: 105 | L52: 455 | Y52: 250 | AJ52: =MIN($D52:$AI52) -> 105 | AK52: =MAX($D52:$AI52) -> 455 | AL52: =HLOOKUP(AJ52,{$D52:$AI52;$D$1:$AI$1},2,false) -> David | AM52: =HLOOKUP(AK52,{$D52:$AI52;$D$1:$AI$1},2,false) -> Debby | AN52: =count(D52:AI52) -> 4
A53: <?> | B53: Preston | K53: 390 | L53: 315 | Y53: 325 | AB53: 710 | AJ53: =MIN($D53:$AI53) -> 315 | AK53: =MAX($D53:$AI53) -> 710 | AL53: =HLOOKUP(AJ53,{$D53:$AI53;$D$1:$AI$1},2,false) -> Debby | AM53: =HLOOKUP(AK53,{$D53:$AI53;$D$1:$AI$1},2,false) -> Sandy | AN53: =count(D53:AI53) -> 4
A54: <?> | B54: Superior | I54: 560 | K54: 305 | Y54: 195 | AB54: 315 | AJ54: =MIN($D54:$AI54) -> 195 | AK54: =MAX($D54:$AI54) -> 560 | AL54: =HLOOKUP(AJ54,{$D54:$AI54;$D$1:$AI$1},2,false) -> Nancy | AM54: =HLOOKUP(AK54,{$D54:$AI54;$D$1:$AI$1},2,false) -> Charlene | AN54: =count(D54:AI54) -> 4
A55: <?> | B55: Superior | I55: 465 | K55: 575 | Q55: 725 | Y55: 405 | AJ55: =MIN($D55:$AI55) -> 405 | AK55: =MAX($D55:$AI55) -> 725 | AL55: =HLOOKUP(AJ55,{$D55:$AI55;$D$1:$AI$1},2,false) -> Nancy | AM55: =HLOOKUP(AK55,{$D55:$AI55;$D$1:$AI$1},2,false) -> Jeff M | AN55: =count(D55:AI55) -> 4
A56: <?> | B56: Preston | K56: 110 | Y56: 310 | AA56: 110 | AJ56: =MIN($D56:$AI56) -> 110 | AK56: =MAX($D56:$AI56) -> 310 | AL56: =HLOOKUP(AJ56,{$D56:$AI56;$D$1:$AI$1},2,false) -> David | AM56: =HLOOKUP(AK56,{$D56:$AI56;$D$1:$AI$1},2,false) -> Nancy | AN56: =count(D56:AI56) -> 3
A57: <?> | B57: Superior | I57: 770 | K57: 420 | Q57: 450 | Y57: 630 | AA57: 1165 | AJ57: =MIN($D57:$AI57) -> 420 | AK57: =MAX($D57:$AI57) -> 1165 | AL57: =HLOOKUP(AJ57,{$D57:$AI57;$D$1:$AI$1},2,false) -> David | AM57: =HLOOKUP(AK57,{$D57:$AI57;$D$1:$AI$1},2,false) -> Sally | AN57: =count(D57:AI57) -> 5
A58: <?> | B58: Preston | C58: Yes | K58: 245 | Y58: 165 | AA58: 310 | AJ58: =MIN($D58:$AI58) -> 165 | AK58: =MAX($D58:$AI58) -> 310 | AL58: =HLOOKUP(AJ58,{$D58:$AI58;$D$1:$AI$1},2,false) -> Nancy | AM58: =HLOOKUP(AK58,{$D58:$AI58;$D$1:$AI$1},2,false) -> Sally | AN58: =count(D58:AI58) -> 3
A59: <?> | B59: Preston | C59: Yes | I59: 215 | K59: 510 | L59: 355 | Y59: 205 | Z59: 775 | AC59: 545 | AJ59: =MIN($D59:$AI59) -> 205 | AK59: =MAX($D59:$AI59) -> 775 | AL59: =HLOOKUP(AJ59,{$D59:$AI59;$D$1:$AI$1},2,false) -> Nancy | AM59: =HLOOKUP(AK59,{$D59:$AI59;$D$1:$AI$1},2,false) -> Ray | AN59: =count(D59:AI59) -> 6
A60: <?> | B60: Superior | I60: 225 | Q60: 125 | AB60: 255 | AJ60: =MIN($D60:$AI60) -> 125 | AK60: =MAX($D60:$AI60) -> 255 | AL60: =HLOOKUP(AJ60,{$D60:$AI60;$D$1:$AI$1},2,false) -> Jeff M | AM60: =HLOOKUP(AK60,{$D60:$AI60;$D$1:$AI$1},2,false) -> Sandy | AN60: =count(D60:AI60) -> 3
A61: <?> | B61: Preston | I61: 235 | K61: 595 | Y61: 325 | AB61: 415 | AJ61: =MIN($D61:$AI61) -> 235 | AK61: =MAX($D61:$AI61) -> 595 | AL61: =HLOOKUP(AJ61,{$D61:$AI61;$D$1:$AI$1},2,false) -> Charlene | AM61: =HLOOKUP(AK61,{$D61:$AI61;$D$1:$AI$1},2,false) -> David | AN61: =count(D61:AI61) -> 4
A62: <?> | B62: Superior | I62: 385 | K62: 585 | L62: 600 | Y62: 500 | AJ62: =MIN($D62:$AI62) -> 385 | AK62: =MAX($D62:$AI62) -> 600 | AL62: =HLOOKUP(AJ62,{$D62:$AI62;$D$1:$AI$1},2,false) -> Charlene | AM62: =HLOOKUP(AK62,{$D62:$AI62;$D$1:$AI$1},2,false) -> Debby | AN62: =count(D62:AI62) -> 4
A63: <?> | B63: Preston | I63: 465 | K63: 1080 | Y63: 600 | AB63: 480 | AJ63: =MIN($D63:$AI63) -> 465 | AK63: =MAX($D63:$AI63) -> 1080 | AL63: =HLOOKUP(AJ63,{$D63:$AI63;$D$1:$AI$1},2,false) -> Charlene | AM63: =HLOOKUP(AK63,{$D63:$AI63;$D$1:$AI$1},2,false) -> David | AN63: =count(D63:AI63) -> 4
A64: <?> | B64: Preston | C64: Yes | K64: 40 | L64: 525 | Y64: 45 | AJ64: =MIN($D64:$AI64) -> 40 | AK64: =MAX($D64:$AI64) -> 525 | AL64: =HLOOKUP(AJ64,{$D64:$AI64;$D$1:$AI$1},2,false) -> David | AM64: =HLOOKUP(AK64,{$D64:$AI64;$D$1:$AI$1},2,false) -> Debby | AN64: =count(D64:AI64) -> 3
A65: <?> | B65: Preston | I65: 330 | K65: 315 | Q65: 640 | Y65: 580 | AJ65: =MIN($D65:$AI65) -> 315 | AK65: =MAX($D65:$AI65) -> 640 | AL65: =HLOOKUP(AJ65,{$D65:$AI65;$D$1:$AI$1},2,false) -> David | AM65: =HLOOKUP(AK65,{$D65:$AI65;$D$1:$AI$1},2,false) -> Jeff M | AN65: =count(D65:AI65) -> 4
A66: <?> | B66: Preston | I66: 95 | K66: 70 | Q66: 210 | Y66: 164 | AJ66: =MIN($D66:$AI66) -> 70 | AK66: =MAX($D66:$AI66) -> 210 | AL66: =HLOOKUP(AJ66,{$D66:$AI66;$D$1:$AI$1},2,false) -> David | AM66: =HLOOKUP(AK66,{$D66:$AI66;$D$1:$AI$1},2,false) -> Jeff M | AN66: =count(D66:AI66) -> 4
A67: <?> | B67: Preston | I67: 195 | K67: 175 | Q67: 360 | Y67: 245 | AJ67: =MIN($D67:$AI67) -> 175 | AK67: =MAX($D67:$AI67) -> 360 | AL67: =HLOOKUP(AJ67,{$D67:$AI67;$D$1:$AI$1},2,false) -> David | AM67: =HLOOKUP(AK67,{$D67:$AI67;$D$1:$AI$1},2,false) -> Jeff M | AN67: =count(D67:AI67) -> 4
A68: <?> | B68: Preston | C68: Yes | K68: 480 | L68: 235 | Y68: 305 | AJ68: =MIN($D68:$AI68) -> 235 | AK68: =MAX($D68:$AI68) -> 480 | AL68: =HLOOKUP(AJ68,{$D68:$AI68;$D$1:$AI$1},2,false) -> Debby | AM68: =HLOOKUP(AK68,{$D68:$AI68;$D$1:$AI$1},2,false) -> David | AN68: =count(D68:AI68) -> 3
A69: <?> | B69: Preston | C69: Yes | K69: 195 | Y69: 215 | AC69: 385 | AJ69: =MIN($D69:$AI69) -> 195 | AK69: =MAX($D69:$AI69) -> 385 | AL69: =HLOOKUP(AJ69,{$D69:$AI69;$D$1:$AI$1},2,false) -> David | AM69: =HLOOKUP(AK69,{$D69:$AI69;$D$1:$AI$1},2,false) -> Sara | AN69: =count(D69:AI69) -> 3
A70: <?> | B70: Preston | I70: 80 | M70: 725 | Y70: 485 | AB70: 525 | AJ70: =MIN($D70:$AI70) -> 80 | AK70: =MAX($D70:$AI70) -> 725 | AL70: =HLOOKUP(AJ70,{$D70:$AI70;$D$1:$AI$1},2,false) -> Charlene | AM70: =HLOOKUP(AK70,{$D70:$AI70;$D$1:$AI$1},2,false) -> Espy | AN70: =count(D70:AI70) -> 4
A71: <?> | B71: Preston | K71: 300 | L71: 390 | Y71: 190 | AA71: 255 | AJ71: =MIN($D71:$AI71) -> 190 | AK71: =MAX($D71:$AI71) -> 390 | AL71: =HLOOKUP(AJ71,{$D71:$AI71;$D$1:$AI$1},2,false) -> Nancy | AM71: =HLOOKUP(AK71,{$D71:$AI71;$D$1:$AI$1},2,false) -> Debby | AN71: =count(D71:AI71) -> 4
A72: <?> | B72: Preston | I72: 1020 | K72: 440 | Q72: 415 | Y72: 255 | AJ72: =MIN($D72:$AI72) -> 255 | AK72: =MAX($D72:$AI72) -> 1020 | AL72: =HLOOKUP(AJ72,{$D72:$AI72;$D$1:$AI$1},2,false) -> Nancy | AM72: =HLOOKUP(AK72,{$D72:$AI72;$D$1:$AI$1},2,false) -> Charlene | AN72: =count(D72:AI72) -> 4
A73: <?> | B73: Preston | K73: 530 | Y73: 90 | AA73: 470 | AJ73: =MIN($D73:$AI73) -> 90 | AK73: =MAX($D73:$AI73) -> 530 | AL73: =HLOOKUP(AJ73,{$D73:$AI73;$D$1:$AI$1},2,false) -> Nancy | AM73: =HLOOKUP(AK73,{$D73:$AI73;$D$1:$AI$1},2,false) -> David | AN73: =count(D73:AI73) -> 3
A74: <?> | B74: Preston | I74: 570 | K74: 730 | Q74: 735 | Y74: 520 | AJ74: =MIN($D74:$AI74) -> 520 | AK74: =MAX($D74:$AI74) -> 735 | AL74: =HLOOKUP(AJ74,{$D74:$AI74;$D$1:$AI$1},2,false) -> Nancy | AM74: =HLOOKUP(AK74,{$D74:$AI74;$D$1:$AI$1},2,false) -> Jeff M | AN74: =count(D74:AI74) -> 4
A75: <?> | B75: Preston | I75: 345 | K75: 390 | Q75: 255 | Y75: 235 | AJ75: =MIN($D75:$AI75) -> 235 | AK75: =MAX($D75:$AI75) -> 390 | AL75: =HLOOKUP(AJ75,{$D75:$AI75;$D$1:$AI$1},2,false) -> Nancy | AM75: =HLOOKUP(AK75,{$D75:$AI75;$D$1:$AI$1},2,false) -> David | AN75: =count(D75:AI75) -> 4
A76: <?> | B76: Preston | K76: 295 | L76: 380 | Y76: 375 | AJ76: =MIN($D76:$AI76) -> 295 | AK76: =MAX($D76:$AI76) -> 380 | AL76: =HLOOKUP(AJ76,{$D76:$AI76;$D$1:$AI$1},2,false) -> David | AM76: =HLOOKUP(AK76,{$D76:$AI76;$D$1:$AI$1},2,false) -> Debby | AN76: =count(D76:AI76) -> 3
A77: <?> | B77: Preston | K77: 245 | Y77: 205 | AA77: 170 | AJ77: =MIN($D77:$AI77) -> 170 | AK77: =MAX($D77:$AI77) -> 245 | AL77: =HLOOKUP(AJ77,{$D77:$AI77;$D$1:$AI$1},2,false) -> Sally | AM77: =HLOOKUP(AK77,{$D77:$AI77;$D$1:$AI$1},2,false) -> David | AN77: =count(D77:AI77) -> 3
A78: <?> | B78: Preston | K78: 180 | Y78: 495 | AA78: 580 | AJ78: =MIN($D78:$AI78) -> 180 | AK78: =MAX($D78:$AI78) -> 580 | AL78: =HLOOKUP(AJ78,{$D78:$AI78;$D$1:$AI$1},2,false) -> David | AM78: =HLOOKUP(AK78,{$D78:$AI78;$D$1:$AI$1},2,false) -> Sally | AN78: =count(D78:AI78) -> 3
A79: <?> | B79: Preston | K79: 140 | Y79: 405 | AA79: 105 | AJ79: =MIN($D79:$AI79) -> 105 | AK79: =MAX($D79:$AI79) -> 405 | AL79: =HLOOKUP(AJ79,{$D79:$AI79;$D$1:$AI$1},2,false) -> Sally | AM79: =HLOOKUP(AK79,{$D79:$AI79;$D$1:$AI$1},2,false) -> Nancy | AN79: =count(D79:AI79) -> 3
A80: <?> | B80: Preston | K80: 550 | Y80: 505 | AA80: 310 | AJ80: =MIN($D80:$AI80) -> 310 | AK80: =MAX($D80:$AI80) -> 550 | AL80: =HLOOKUP(AJ80,{$D80:$AI80;$D$1:$AI$1},2,false) -> Sally | AM80: =HLOOKUP(AK80,{$D80:$AI80;$D$1:$AI$1},2,false) -> David | AN80: =count(D80:AI80) -> 3
A81: <?> | B81: Preston | K81: 440 | Y81: 540 | AA81: 280 | AJ81: =MIN($D81:$AI81) -> 280 | AK81: =MAX($D81:$AI81) -> 540 | AL81: =HLOOKUP(AJ81,{$D81:$AI81;$D$1:$AI$1},2,false) -> Sally | AM81: =HLOOKUP(AK81,{$D81:$AI81;$D$1:$AI$1},2,false) -> Nancy | AN81: =count(D81:AI81) -> 3
A82: <?> | B82: Preston | K82: 445 | Y82: 240 | AA82: 445 | AJ82: =MIN($D82:$AI82) -> 240 | AK82: =MAX($D82:$AI82) -> 445 | AL82: =HLOOKUP(AJ82,{$D82:$AI82;$D$1:$AI$1},2,false) -> Nancy | AM82: =HLOOKUP(AK82,{$D82:$AI82;$D$1:$AI$1},2,false) -> David | AN82: =count(D82:AI82) -> 3
A83: <?> | B83: Preston | K83: 435 | Y83: 310 | AA83: 765 | AJ83: =MIN($D83:$AI83) -> 310 | AK83: =MAX($D83:$AI83) -> 765 | AL83: =HLOOKUP(AJ83,{$D83:$AI83;$D$1:$AI$1},2,false) -> Nancy | AM83: =HLOOKUP(AK83,{$D83:$AI83;$D$1:$AI$1},2,false) -> Sally | AN83: =count(D83:AI83) -> 3
A84: <?> | B84: Superior | I84: 380 | K84: 445 | L84: 730 | Q84: 840 | Y84: 425 | AJ84: =MIN($D84:$AI84) -> 380 | AK84: =MAX($D84:$AI84) -> 840 | AL84: =HLOOKUP(AJ84,{$D84:$AI84;$D$1:$AI$1},2,false) -> Charlene | AM84: =HLOOKUP(AK84,{$D84:$AI84;$D$1:$AI$1},2,false) -> Jeff M | AN84: =count(D84:AI84) -> 5
A85: <?> | B85: Superior | I85: 395 | K85: 760 | Y85: 385 | AA85: 830 | AB85: 555 | AJ85: =MIN($D85:$AI85) -> 385 | AK85: =MAX($D85:$AI85) -> 830 | AL85: =HLOOKUP(AJ85,{$D85:$AI85;$D$1:$AI$1},2,false) -> Nancy | AM85: =HLOOKUP(AK85,{$D85:$AI85;$D$1:$AI$1},2,false) -> Sally | AN85: =count(D85:AI85) -> 5
A86: <?> | B86: Superior | I86: 675 | K86: 150 | Y86: 555 | AC86: 605 | AJ86: =MIN($D86:$AI86) -> 150 | AK86: =MAX($D86:$AI86) -> 675 | AL86: =HLOOKUP(AJ86,{$D86:$AI86;$D$1:$AI$1},2,false) -> David | AM86: =HLOOKUP(AK86,{$D86:$AI86;$D$1:$AI$1},2,false) -> Charlene | AN86: =count(D86:AI86) -> 4
A87: <?> | B87: Superior | I87: 105 | Q87: 180 | AB87: 330 | AJ87: =MIN($D87:$AI87) -> 105 | AK87: =MAX($D87:$AI87) -> 330 | AL87: =HLOOKUP(AJ87,{$D87:$AI87;$D$1:$AI$1},2,false) -> Charlene | AM87: =HLOOKUP(AK87,{$D87:$AI87;$D$1:$AI$1},2,false) -> Sandy | AN87: =count(D87:AI87) -> 3
A88: <?> | B88: Superior | I88: 765 | K88: 565 | Q88: 415 | Y88: 555 | AJ88: =MIN($D88:$AI88) -> 415 | AK88: =MAX($D88:$AI88) -> 765 | AL88: =HLOOKUP(AJ88,{$D88:$AI88;$D$1:$AI$1},2,false) -> Jeff M | AM88: =HLOOKUP(AK88,{$D88:$AI88;$D$1:$AI$1},2,false) -> Charlene | AN88: =count(D88:AI88) -> 4
A89: <?> | B89: Superior | I89: 760 | K89: 570 | Q89: 300 | Y89: 455 | AJ89: =MIN($D89:$AI89) -> 300 | AK89: =MAX($D89:$AI89) -> 760 | AL89: =HLOOKUP(AJ89,{$D89:$AI89;$D$1:$AI$1},2,false) -> Jeff M | AM89: =HLOOKUP(AK89,{$D89:$AI89;$D$1:$AI$1},2,false) -> Charlene | AN89: =count(D89:AI89) -> 4
A90: <?> | B90: Superior | C90: Yes | I90: 215 | L90: 215 | Q90: 350 | AB90: 40 | AJ90: =MIN($D90:$AI90) -> 40 | AK90: =MAX($D90:$AI90) -> 350 | AL90: =HLOOKUP(AJ90,{$D90:$AI90;$D$1:$AI$1},2,false) -> Sandy | AM90: =HLOOKUP(AK90,{$D90:$AI90;$D$1:$AI$1},2,false) -> Jeff M | AN90: =count(D90:AI90) -> 4
A91: <?> | B91: Superior | I91: 755 | K91: 815 | L91: 685 | Y91: 270 | AB91: 870 | AJ91: =MIN($D91:$AI91) -> 270 | AK91: =MAX($D91:$AI91) -> 870 | AL91: =HLOOKUP(AJ91,{$D91:$AI91;$D$1:$AI$1},2,false) -> Nancy | AM91: =HLOOKUP(AK91,{$D91:$AI91;$D$1:$AI$1},2,false) -> Sandy | AN91: =count(D91:AI91) -> 5
A92: <?> | B92: Superior | I92: 390 | K92: 310 | Q92: 520 | AB92: 400 | AJ92: =MIN($D92:$AI92) -> 310 | AK92: =MAX($D92:$AI92) -> 520 | AL92: =HLOOKUP(AJ92,{$D92:$AI92;$D$1:$AI$1},2,false) -> David | AM92: =HLOOKUP(AK92,{$D92:$AI92;$D$1:$AI$1},2,false) -> Jeff M | AN92: =count(D92:AI92) -> 4
A93: <?> | B93: Superior | I93: 620 | K93: 500 | Q93: 390 | Y93: 295 | AJ93: =MIN($D93:$AI93) -> 295 | AK93: =MAX($D93:$AI93) -> 620 | AL93: =HLOOKUP(AJ93,{$D93:$AI93;$D$1:$AI$1},2,false) -> Nancy | AM93: =HLOOKUP(AK93,{$D93:$AI93;$D$1:$AI$1},2,false) -> Charlene | AN93: =count(D93:AI93) -> 4
A94: <?> | B94: Superior | C94: Yes | I94: 380 | K94: 150 | Q94: 185 | Y94: 330 | AJ94: =MIN($D94:$AI94) -> 150 | AK94: =MAX($D94:$AI94) -> 380 | AL94: =HLOOKUP(AJ94,{$D94:$AI94;$D$1:$AI$1},2,false) -> David | AM94: =HLOOKUP(AK94,{$D94:$AI94;$D$1:$AI$1},2,false) -> Charlene | AN94: =count(D94:AI94) -> 4
A95: <?> | B95: Superior | C95: Yes | I95: 300 | K95: 70 | L95: 85 | Y95: 315 | AB95: 290 | AJ95: =MIN($D95:$AI95) -> 70 | AK95: =MAX($D95:$AI95) -> 315 | AL95: =HLOOKUP(AJ95,{$D95:$AI95;$D$1:$AI$1},2,false) -> David | AM95: =HLOOKUP(AK95,{$D95:$AI95;$D$1:$AI$1},2,false) -> Nancy | AN95: =count(D95:AI95) -> 5
A96: <?> | B96: Superior | I96: 395 | K96: 475 | Q96: 460 | Y96: 510 | AJ96: =MIN($D96:$AI96) -> 395 | AK96: =MAX($D96:$AI96) -> 510 | AL96: =HLOOKUP(AJ96,{$D96:$AI96;$D$1:$AI$1},2,false) -> Charlene | AM96: =HLOOKUP(AK96,{$D96:$AI96;$D$1:$AI$1},2,false) -> Nancy | AN96: =count(D96:AI96) -> 4
A97: <?> | B97: Superior | I97: 355 | K97: 660 | L97: 475 | Y97: 380 | AB97: 295 | AJ97: =MIN($D97:$AI97) -> 295 | AK97: =MAX($D97:$AI97) -> 660 | AL97: =HLOOKUP(AJ97,{$D97:$AI97;$D$1:$AI$1},2,false) -> Sandy | AM97: =HLOOKUP(AK97,{$D97:$AI97;$D$1:$AI$1},2,false) -> David | AN97: =count(D97:AI97) -> 5
A98: <?> | B98: Superior | I98: 565 | K98: 365 | Y98: 130 | AB98: 305 | AJ98: =MIN($D98:$AI98) -> 130 | AK98: =MAX($D98:$AI98) -> 565 | AL98: =HLOOKUP(AJ98,{$D98:$AI98;$D$1:$AI$1},2,false) -> Nancy | AM98: =HLOOKUP(AK98,{$D98:$AI98;$D$1:$AI$1},2,false) -> Charlene | AN98: =count(D98:AI98) -> 4
A99: <?> | B99: Superior | I99: 355 | K99: 355 | Y99: 700 | AB99: 310 | AJ99: =MIN($D99:$AI99) -> 310 | AK99: =MAX($D99:$AI99) -> 700 | AL99: =HLOOKUP(AJ99,{$D99:$AI99;$D$1:$AI$1},2,false) -> Sandy | AM99: =HLOOKUP(AK99,{$D99:$AI99;$D$1:$AI$1},2,false) -> Nancy | AN99: =count(D99:AI99) -> 4
A100: <?> | B100: Superior | I100: 250 | L100: 805 | Q100: 705 | AB100: 535 | AJ100: =MIN($D100:$AI100) -> 250 | AK100: =MAX($D100:$AI100) -> 805 | AL100: =HLOOKUP(AJ100,{$D100:$AI100;$D$1:$AI$1},2,false) -> Charlene | AM100: =HLOOKUP(AK100,{$D100:$AI100;$D$1:$AI$1},2,false) -> Debby | AN100: =count(D100:AI100) -> 4
...

Sheet Leaders (dont edit)
A1: {=INDEX('Stats (dont edit)'!1:1,0)} -> Name | B1: Games | C1: Wins | D1: Win % | E1: Losses | F1: Loss % | G1: Lowest | H1: Highest | I1: Avg | J1: All Time | K1: Rank | L1: Score
A2: =IFERROR(__xludf.DUMMYFUNCTION("SORT(FILTER('Stats (dont edit)'!A2:L1000,'Stats (dont edit)'!D2:D1000<>""""),11,TRUE)"),"Karenina") -> Karenina | B2: =IFERROR(__xludf.DUMMYFUNCTION("""COMPUTED_VALUE"""),18.0) -> 18 | C2: =IFERROR(__xludf.DUMMYFUNCTION("""COMPUTED_VALUE"""),6.0) -> 6 | D2: =IFERROR(__xludf.DUMMYFUNCTION("""COMPUTED_VALUE"""),0.3333333333333333) -> 0.33333333 | E2: =IFERROR(__xludf.DUMMYFUNCTION("""COMPUTED_VALUE"""),2.0) -> 2 | F2: =IFERROR(__xludf.DUMMYFUNCTION("""COMPUTED_VALUE"""),0.1111111111111111) -> 0.11111111 | G2: =IFERROR(__xludf.DUMMYFUNCTION("""COMPUTED_VALUE"""),60.0) -> 60 | H2: =IFERROR(__xludf.DUMMYFUNCTION("""COMPUTED_VALUE"""),800.0) -> 800 | I2: =IFERROR(__xludf.DUMMYFUNCTION("""COMPUTED_VALUE"""),359.44444444444446) -> 359.44444 | J2: =IFERROR(__xludf.DUMMYFUNCTION("""COMPUTED_VALUE"""),6470.0) -> 6470 | K2: =IFERROR(__xludf.DUMMYFUNCTION("""COMPUTED_VALUE"""),1.0) -> 1 | L2: =IFERROR(__xludf.DUMMYFUNCTION("""COMPUTED_VALUE"""),1.5833333333333333) -> 1.5833333
A3: =IFERROR(__xludf.DUMMYFUNCTION("""COMPUTED_VALUE"""),"Jeff M") -> Jeff M | B3: =IFERROR(__xludf.DUMMYFUNCTION("""COMPUTED_VALUE"""),81.0) -> 81 | C3: =IFERROR(__xludf.DUMMYFUNCTION("""COMPUTED_VALUE"""),23.0) -> 23 | D3: =IFERROR(__xludf.DUMMYFUNCTION("""COMPUTED_VALUE"""),0.2839506172839506) -> 0.28395062 | E3: =IFERROR(__xludf.DUMMYFUNCTION("""COMPUTED_VALUE"""),26.0) -> 26 | F3: =IFERROR(__xludf.DUMMYFUNCTION("""COMPUTED_VALUE"""),0.32098765432098764) -> 0.32098765 | G3: =IFERROR(__xludf.DUMMYFUNCTION("""COMPUTED_VALUE"""),15.0) -> 15 | H3: =IFERROR(__xludf.DUMMYFUNCTION("""COMPUTED_VALUE"""),1310.0) -> 1310 | I3: =IFERROR(__xludf.DUMMYFUNCTION("""COMPUTED_VALUE"""),428.4567901234568) -> 428.45679 | J3: =IFERROR(__xludf.DUMMYFUNCTION("""COMPUTED_VALUE"""),34705.0) -> 34705 | K3: =IFERROR(__xludf.DUMMYFUNCTION("""COMPUTED_VALUE"""),2.0) -> 2 | L3: =IFERROR(__xludf.DUMMYFUNCTION("""COMPUTED_VALUE"""),1.156683432403597) -> 1.1566834
A4: =IFERROR(__xludf.DUMMYFUNCTION("""COMPUTED_VALUE"""),"David") -> David | B4: =IFERROR(__xludf.DUMMYFUNCTION("""COMPUTED_VALUE"""),493.0) -> 493 | C4: =IFERROR(__xludf.DUMMYFUNCTION("""COMPUTED_VALUE"""),148.0) -> 148 | D4: =IFERROR(__xludf.DUMMYFUNCTION("""COMPUTED_VALUE"""),0.3002028397565923) -> 0.30020284 | E4: =IFERROR(__xludf.DUMMYFUNCTION("""COMPUTED_VALUE"""),98.0) -> 98 | F4: =IFERROR(__xludf.DUMMYFUNCTION("""COMPUTED_VALUE"""),0.19878296146044624) -> 0.19878296 | G4: =IFERROR(__xludf.DUMMYFUNCTION("""COMPUTED_VALUE"""),5.0) -> 5 | H4: =IFERROR(__xludf.DUMMYFUNCTION("""COMPUTED_VALUE"""),1080.0) -> 1080 | I4: =IFERROR(__xludf.DUMMYFUNCTION("""COMPUTED_VALUE"""),396.8762677484787) -> 396.87627 | J4: =IFERROR(__xludf.DUMMYFUNCTION("""COMPUTED_VALUE"""),195660.0) -> 195660 | K4: =IFERROR(__xludf.DUMMYFUNCTION("""COMPUTED_VALUE"""),3.0) -> 3 | L4: =IFERROR(__xludf.DUMMYFUNCTION("""COMPUTED_VALUE"""),1.1383877325148426) -> 1.1383877
A5: =IFERROR(__xludf.DUMMYFUNCTION("""COMPUTED_VALUE"""),"Karen") -> Karen | B5: =IFERROR(__xludf.DUMMYFUNCTION("""COMPUTED_VALUE"""),34.0) -> 34 | C5: =IFERROR(__xludf.DUMMYFUNCTION("""COMPUTED_VALUE"""),9.0) -> 9 | D5: =IFERROR(__xludf.DUMMYFUNCTION("""COMPUTED_VALUE"""),0.2647058823529412) -> 0.26470588 | E5: =IFERROR(__xludf.DUMMYFUNCTION("""COMPUTED_VALUE"""),12.0) -> 12 | F5: =IFERROR(__xludf.DUMMYFUNCTION("""COMPUTED_VALUE"""),0.35294117647058826) -> 0.35294118 | G5: =IFERROR(__xludf.DUMMYFUNCTION("""COMPUTED_VALUE"""),55.0) -> 55 | H5: =IFERROR(__xludf.DUMMYFUNCTION("""COMPUTED_VALUE"""),890.0) -> 890 | I5: =IFERROR(__xludf.DUMMYFUNCTION("""COMPUTED_VALUE"""),430.1470588235294) -> 430.14706 | J5: =IFERROR(__xludf.DUMMYFUNCTION("""COMPUTED_VALUE"""),14625.0) -> 14625 | K5: =IFERROR(__xludf.DUMMYFUNCTION("""COMPUTED_VALUE"""),4.0) -> 4 | L5: =IFERROR(__xludf.DUMMYFUNCTION("""COMPUTED_VALUE"""),1.1038062283737025) -> 1.1038062
A6: =IFERROR(__xludf.DUMMYFUNCTION("""COMPUTED_VALUE"""),"Charlene") -> Charlene | B6: =IFERROR(__xludf.DUMMYFUNCTION("""COMPUTED_VALUE"""),342.0) -> 342 | C6: =IFERROR(__xludf.DUMMYFUNCTION("""COMPUTED_VALUE"""),89.0) -> 89 | D6: =IFERROR(__xludf.DUMMYFUNCTION("""COMPUTED_VALUE"""),0.260233918128655) -> 0.26023392 | E6: =IFERROR(__xludf.DUMMYFUNCTION("""COMPUTED_VALUE"""),75.0) -> 75 | F6: =IFERROR(__xludf.DUMMYFUNCTION("""COMPUTED_VALUE"""),0.21929824561403508) -> 0.21929825 | G6: =IFERROR(__xludf.DUMMYFUNCTION("""COMPUTED_VALUE"""),45.0) -> 45 | H6: =IFERROR(__xludf.DUMMYFUNCTION("""COMPUTED_VALUE"""),1020.0) -> 1020 | I6: =IFERROR(__xludf.DUMMYFUNCTION("""COMPUTED_VALUE"""),416.9590643274854) -> 416.95906 | J6: =IFERROR(__xludf.DUMMYFUNCTION("""COMPUTED_VALUE"""),142600.0) -> 142600 | K6: =IFERROR(__xludf.DUMMYFUNCTION("""COMPUTED_VALUE"""),5.0) -> 5 | L6: =IFERROR(__xludf.DUMMYFUNCTION("""COMPUTED_VALUE"""),1.0734585000512977) -> 1.0734585
A7: =IFERROR(__xludf.DUMMYFUNCTION("""COMPUTED_VALUE"""),"Nancy") -> Nancy | B7: =IFERROR(__xludf.DUMMYFUNCTION("""COMPUTED_VALUE"""),514.0) -> 514 | C7: =IFERROR(__xludf.DUMMYFUNCTION("""COMPUTED_VALUE"""),137.0) -> 137 | D7: =IFERROR(__xludf.DUMMYFUNCTION("""COMPUTED_VALUE"""),0.26653696498054474) -> 0.26653697 | E7: =IFERROR(__xludf.DUMMYFUNCTION("""COMPUTED_VALUE"""),114.0) -> 114 | F7: =IFERROR(__xludf.DUMMYFUNCTION("""COMPUTED_VALUE"""),0.22178988326848248) -> 0.22178988 | G7: =IFERROR(__xludf.DUMMYFUNCTION("""COMPUTED_VALUE"""),30.0) -> 30 | H7: =IFERROR(__xludf.DUMMYFUNCTION("""COMPUTED_VALUE"""),1100.0) -> 1100 | I7: =IFERROR(__xludf.DUMMYFUNCTION("""COMPUTED_VALUE"""),406.03891050583655) -> 406.03891 | J7: =IFERROR(__xludf.DUMMYFUNCTION("""COMPUTED_VALUE"""),208704.0) -> 208704 | K7: =IFERROR(__xludf.DUMMYFUNCTION("""COMPUTED_VALUE"""),6.0) -> 6 | L7: =IFERROR(__xludf.DUMMYFUNCTION("""COMPUTED_VALUE"""),1.0275552998531394) -> 1.0275553
A8: =IFERROR(__xludf.DUMMYFUNCTION("""COMPUTED_VALUE"""),"Debby") -> Debby | B8: =IFERROR(__xludf.DUMMYFUNCTION("""COMPUTED_VALUE"""),184.0) -> 184 | C8: =IFERROR(__xludf.DUMMYFUNCTION("""COMPUTED_VALUE"""),43.0) -> 43 | D8: =IFERROR(__xludf.DUMMYFUNCTION("""COMPUTED_VALUE"""),0.23369565217391305) -> 0.23369565 | E8: =IFERROR(__xludf.DUMMYFUNCTION("""COMPUTED_VALUE"""),55.0) -> 55 | F8: =IFERROR(__xludf.DUMMYFUNCTION("""COMPUTED_VALUE"""),0.29891304347826086) -> 0.29891304 | G8: =IFERROR(__xludf.DUMMYFUNCTION("""COMPUTED_VALUE"""),25.0) -> 25 | H8: =IFERROR(__xludf.DUMMYFUNCTION("""COMPUTED_VALUE"""),1025.0) -> 1025 | I8: =IFERROR(__xludf.DUMMYFUNCTION("""COMPUTED_VALUE"""),459.1304347826087) -> 459.13043 | J8: =IFERROR(__xludf.DUMMYFUNCTION("""COMPUTED_VALUE"""),84480.0) -> 84480 | K8: =IFERROR(__xludf.DUMMYFUNCTION("""COMPUTED_VALUE"""),7.0) -> 7 | L8: =IFERROR(__xludf.DUMMYFUNCTION("""COMPUTED_VALUE"""),0.9771089319470699) -> 0.97710893
A9: =IFERROR(__xludf.DUMMYFUNCTION("""COMPUTED_VALUE"""),"Sally") -> Sally | B9: =IFERROR(__xludf.DUMMYFUNCTION("""COMPUTED_VALUE"""),207.0) -> 207 | C9: =IFERROR(__xludf.DUMMYFUNCTION("""COMPUTED_VALUE"""),45.0) -> 45 | D9: =IFERROR(__xludf.DUMMYFUNCTION("""COMPUTED_VALUE"""),0.21739130434782608) -> 0.2173913 | E9: =IFERROR(__xludf.DUMMYFUNCTION("""COMPUTED_VALUE"""),78.0) -> 78 | F9: =IFERROR(__xludf.DUMMYFUNCTION("""COMPUTED_VALUE"""),0.37681159420289856) -> 0.37681159 | G9: =IFERROR(__xludf.DUMMYFUNCTION("""COMPUTED_VALUE"""),40.0) -> 40 | H9: =IFERROR(__xludf.DUMMYFUNCTION("""COMPUTED_VALUE"""),1185.0) -> 1185 | I9: =IFERROR(__xludf.DUMMYFUNCTION("""COMPUTED_VALUE"""),446.7149758454106) -> 446.71498 | J9: =IFERROR(__xludf.DUMMYFUNCTION("""COMPUTED_VALUE"""),92470.0) -> 92470 | K9: =IFERROR(__xludf.DUMMYFUNCTION("""COMPUTED_VALUE"""),8.0) -> 8 | L9: =IFERROR(__xludf.DUMMYFUNCTION("""COMPUTED_VALUE"""),0.7661088940231977) -> 0.76610889
A10: =IFERROR(__xludf.DUMMYFUNCTION("""COMPUTED_VALUE"""),"Sara") -> Sara | B10: =IFERROR(__xludf.DUMMYFUNCTION("""COMPUTED_VALUE"""),26.0) -> 26 | C10: =IFERROR(__xludf.DUMMYFUNCTION("""COMPUTED_VALUE"""),5.0) -> 5 | D10: =IFERROR(__xludf.DUMMYFUNCTION("""COMPUTED_VALUE"""),0.19230769230769232) -> 0.19230769 | E10: =IFERROR(__xludf.DUMMYFUNCTION("""COMPUTED_VALUE"""),7.0) -> 7 | F10: =IFERROR(__xludf.DUMMYFUNCTION("""COMPUTED_VALUE"""),0.2692307692307692) -> 0.26923077 | G10: =IFERROR(__xludf.DUMMYFUNCTION("""COMPUTED_VALUE"""),45.0) -> 45 | H10: =IFERROR(__xludf.DUMMYFUNCTION("""COMPUTED_VALUE"""),940.0) -> 940 | I10: =IFERROR(__xludf.DUMMYFUNCTION("""COMPUTED_VALUE"""),367.6923076923077) -> 367.69231 | J10: =IFERROR(__xludf.DUMMYFUNCTION("""COMPUTED_VALUE"""),9560.0) -> 9560 | K10: =IFERROR(__xludf.DUMMYFUNCTION("""COMPUTED_VALUE"""),9.0) -> 9 | L10: =IFERROR(__xludf.DUMMYFUNCTION("""COMPUTED_VALUE"""),0.6923076923076923) -> 0.69230769
A11: =IFERROR(__xludf.DUMMYFUNCTION("""COMPUTED_VALUE"""),"Sandy") -> Sandy | B11: =IFERROR(__xludf.DUMMYFUNCTION("""COMPUTED_VALUE"""),138.0) -> 138 | C11: =IFERROR(__xludf.DUMMYFUNCTION("""COMPUTED_VALUE"""),21.0) -> 21 | D11: =IFERROR(__xludf.DUMMYFUNCTION("""COMPUTED_VALUE"""),0.15217391304347827) -> 0.15217391 | E11: =IFERROR(__xludf.DUMMYFUNCTION("""COMPUTED_VALUE"""),43.0) -> 43 | F11: =IFERROR(__xludf.DUMMYFUNCTION("""COMPUTED_VALUE"""),0.3115942028985507) -> 0.3115942 | G11: =IFERROR(__xludf.DUMMYFUNCTION("""COMPUTED_VALUE"""),40.0) -> 40 | H11: =IFERROR(__xludf.DUMMYFUNCTION("""COMPUTED_VALUE"""),1120.0) -> 1120 | I11: =IFERROR(__xludf.DUMMYFUNCTION("""COMPUTED_VALUE"""),501.8840579710145) -> 501.88406 | J11: =IFERROR(__xludf.DUMMYFUNCTION("""COMPUTED_VALUE"""),69260.0) -> 69260 | K11: =IFERROR(__xludf.DUMMYFUNCTION("""COMPUTED_VALUE"""),10.0) -> 10 | L11: =IFERROR(__xludf.DUMMYFUNCTION("""COMPUTED_VALUE"""),0.6570048309178744) -> 0.65700483

Sheet Stats (dont edit)
A1: Name | B1: Games | C1: Wins | D1: Win % | E1: Losses | F1: Loss % | G1: Lowest | H1: Highest | I1: Avg | J1: All Time | K1: Rank | L1: Score
A2: =('Pivot (dont edit)'!A4) -> aa | B2: =count('Pivot (dont edit)'!4:4) -> 1 | C2: =COUNTIF('Raw Games'!AL:AL,$A2) -> 0 | D2: =IF($B2>'Constants (dont edit)'!$B$3,C2/$B2,"") | E2: =COUNTIF('Raw Games'!AM:AM,$A2) -> 0 | F2: =IF($B2>'Constants (dont edit)'!$B$3,E2/$B2,"") | G2: =MIN('Pivot (dont edit)'!4:4) -> 150 | H2: =MAX('Pivot (dont edit)'!4:4) -> 150 | I2: =if(AND(B2>='Constants (dont edit)'!$B$4,SUM('Pivot (dont edit)'!4:4)>0), AVERAGE('Pivot (dont edit)'!4:4), "") | J2: =sum('Pivot (dont edit)'!4:4) -> 150 | K2: =RANK(L2,L:L) -> 11 | L2: =IF($B2>'Constants (dont edit)'!$B$3,(SUMIF('Raw Games'!AL:AL,$A2,'Raw Games'!AN:AN)-SUMIF('Raw Games'!AM:AM,$A2,'Raw Games'!AN:AN)/B2)/B2,0) -> 0
A3: =('Pivot (dont edit)'!A5) -> Alizé | B3: =count('Pivot (dont edit)'!5:5) -> 1 | C3: =COUNTIF('Raw Games'!AL:AL,$A3) -> 0 | D3: =IF($B3>'Constants (dont edit)'!$B$3,C3/$B3,"") | E3: =COUNTIF('Raw Games'!AM:AM,$A3) -> 0 | F3: =IF($B3>'Constants (dont edit)'!$B$3,E3/$B3,"") | G3: =MIN('Pivot (dont edit)'!5:5) -> 355 | H3: =MAX('Pivot (dont edit)'!5:5) -> 355 | I3: =if(AND(B3>='Constants (dont edit)'!$B$4,SUM('Pivot (dont edit)'!5:5)>0), AVERAGE('Pivot (dont edit)'!5:5), "") | J3: =sum('Pivot (dont edit)'!5:5) -> 355 | K3: =RANK(L3,L:L) -> 11 | L3: =IF($B3>'Constants (dont edit)'!$B$3,(SUMIF('Raw Games'!AL:AL,$A3,'Raw Games'!AN:AN)-SUMIF('Raw Games'!AM:AM,$A3,'Raw Games'!AN:AN)/B3)/B3,0) -> 0
A4: =('Pivot (dont edit)'!A6) -> Allyn | B4: =count('Pivot (dont edit)'!6:6) -> 9 | C4: =COUNTIF('Raw Games'!AL:AL,$A4) -> 2 | D4: =IF($B4>'Constants (dont edit)'!$B$3,C4/$B4,"") | E4: =COUNTIF('Raw Games'!AM:AM,$A4) -> 3 | F4: =IF($B4>'Constants (dont edit)'!$B$3,E4/$B4,"") | G4: =MIN('Pivot (dont edit)'!6:6) -> 80 | H4: =MAX('Pivot (dont edit)'!6:6) -> 750 | I4: =if(AND(B4>='Constants (dont edit)'!$B$4,SUM('Pivot (dont edit)'!6:6)>0), AVERAGE('Pivot (dont edit)'!6:6), "") -> 378.88889 | J4: =sum('Pivot (dont edit)'!6:6) -> 3410 | K4: =RANK(L4,L:L) -> 11 | L4: =IF($B4>'Constants (dont edit)'!$B$3,(SUMIF('Raw Games'!AL:AL,$A4,'Raw Games'!AN:AN)-SUMIF('Raw Games'!AM:AM,$A4,'Raw Games'!AN:AN)/B4)/B4,0) -> 0
A5: =('Pivot (dont edit)'!A7) -> Bo | B5: =count('Pivot (dont edit)'!7:7) -> 1 | C5: =COUNTIF('Raw Games'!AL:AL,$A5) -> 0 | D5: =IF($B5>'Constants (dont edit)'!$B$3,C5/$B5,"") | E5: =COUNTIF('Raw Games'!AM:AM,$A5) -> 0 | F5: =IF($B5>'Constants (dont edit)'!$B$3,E5/$B5,"") | G5: =MIN('Pivot (dont edit)'!7:7) -> 390 | H5: =MAX('Pivot (dont edit)'!7:7) -> 390 | I5: =if(AND(B5>='Constants (dont edit)'!$B$4,SUM('Pivot (dont edit)'!7:7)>0), AVERAGE('Pivot (dont edit)'!7:7), "") | J5: =sum('Pivot (dont edit)'!7:7) -> 390 | K5: =RANK(L5,L:L) -> 11 | L5: =IF($B5>'Constants (dont edit)'!$B$3,(SUMIF('Raw Games'!AL:AL,$A5,'Raw Games'!AN:AN)-SUMIF('Raw Games'!AM:AM,$A5,'Raw Games'!AN:AN)/B5)/B5,0) -> 0
A6: =('Pivot (dont edit)'!A8) -> Candace | B6: =count('Pivot (dont edit)'!8:8) -> 3 | C6: =COUNTIF('Raw Games'!AL:AL,$A6) -> 1 | D6: =IF($B6>'Constants (dont edit)'!$B$3,C6/$B6,"") | E6: =COUNTIF('Raw Games'!AM:AM,$A6) -> 0 | F6: =IF($B6>'Constants (dont edit)'!$B$3,E6/$B6,"") | G6: =MIN('Pivot (dont edit)'!8:8) -> 170 | H6: =MAX('Pivot (dont edit)'!8:8) -> 540 | I6: =if(AND(B6>='Constants (dont edit)'!$B$4,SUM('Pivot (dont edit)'!8:8)>0), AVERAGE('Pivot (dont edit)'!8:8), "") -> 376.66667 | J6: =sum('Pivot (dont edit)'!8:8) -> 1130 | K6: =RANK(L6,L:L) -> 11 | L6: =IF($B6>'Constants (dont edit)'!$B$3,(SUMIF('Raw Games'!AL:AL,$A6,'Raw Games'!AN:AN)-SUMIF('Raw Games'!AM:AM,$A6,'Raw Games'!AN:AN)/B6)/B6,0) -> 0
A7: =('Pivot (dont edit)'!A9) -> Charlene | B7: =count('Pivot (dont edit)'!9:9) -> 342 | C7: =COUNTIF('Raw Games'!AL:AL,$A7) -> 89 | D7: =IF($B7>'Constants (dont edit)'!$B$3,C7/$B7,"") -> 0.26023392 | E7: =COUNTIF('Raw Games'!AM:AM,$A7) -> 75 | F7: =IF($B7>'Constants (dont edit)'!$B$3,E7/$B7,"") -> 0.21929825 | G7: =MIN('Pivot (dont edit)'!9:9) -> 45 | H7: =MAX('Pivot (dont edit)'!9:9) -> 1020 | I7: =if(AND(B7>='Constants (dont edit)'!$B$4,SUM('Pivot (dont edit)'!9:9)>0), AVERAGE('Pivot (dont edit)'!9:9), "") -> 416.95906 | J7: =sum('Pivot (dont edit)'!9:9) -> 142600 | K7: =RANK(L7,L:L) -> 5 | L7: =IF($B7>'Constants (dont edit)'!$B$3,(SUMIF('Raw Games'!AL:AL,$A7,'Raw Games'!AN:AN)-SUMIF('Raw Games'!AM:AM,$A7,'Raw Games'!AN:AN)/B7)/B7,0) -> 1.0734585
A8: =('Pivot (dont edit)'!A10) -> Clelia | B8: =count('Pivot (dont edit)'!10:10) -> 3 | C8: =COUNTIF('Raw Games'!AL:AL,$A8) -> 0 | D8: =IF($B8>'Constants (dont edit)'!$B$3,C8/$B8,"") | E8: =COUNTIF('Raw Games'!AM:AM,$A8) -> 1 | F8: =IF($B8>'Constants (dont edit)'!$B$3,E8/$B8,"") | G8: =MIN('Pivot (dont edit)'!10:10) -> 205 | H8: =MAX('Pivot (dont edit)'!10:10) -> 645 | I8: =if(AND(B8>='Constants (dont edit)'!$B$4,SUM('Pivot (dont edit)'!10:10)>0), AVERAGE('Pivot (dont edit)'!10:10), "") -> 395 | J8: =sum('Pivot (dont edit)'!10:10) -> 1185 | K8: =RANK(L8,L:L) -> 11 | L8: =IF($B8>'Constants (dont edit)'!$B$3,(SUMIF('Raw Games'!AL:AL,$A8,'Raw Games'!AN:AN)-SUMIF('Raw Games'!AM:AM,$A8,'Raw Games'!AN:AN)/B8)/B8,0) -> 0
A9: =('Pivot (dont edit)'!A11) -> David | B9: =count('Pivot (dont edit)'!11:11) -> 493 | C9: =COUNTIF('Raw Games'!AL:AL,$A9) -> 148 | D9: =IF($B9>'Constants (dont edit)'!$B$3,C9/$B9,"") -> 0.30020284 | E9: =COUNTIF('Raw Games'!AM:AM,$A9) -> 98 | F9: =IF($B9>'Constants (dont edit)'!$B$3,E9/$B9,"") -> 0.19878296 | G9: =MIN('Pivot (dont edit)'!11:11) -> 5 | H9: =MAX('Pivot (dont edit)'!11:11) -> 1080 | I9: =if(AND(B9>='Constants (dont edit)'!$B$4,SUM('Pivot (dont edit)'!11:11)>0), AVERAGE('Pivot (dont edit)'!11:11), "") -> 396.87627 | J9: =sum('Pivot (dont edit)'!11:11) -> 195660 | K9: =RANK(L9,L:L) -> 3 | L9: =IF($B9>'Constants (dont edit)'!$B$3,(SUMIF('Raw Games'!AL:AL,$A9,'Raw Games'!AN:AN)-SUMIF('Raw Games'!AM:AM,$A9,'Raw Games'!AN:AN)/B9)/B9,0) -> 1.1383877
A10: =('Pivot (dont edit)'!A12) -> Debby | B10: =count('Pivot (dont edit)'!12:12) -> 184 | C10: =COUNTIF('Raw Games'!AL:AL,$A10) -> 43 | D10: =IF($B10>'Constants (dont edit)'!$B$3,C10/$B10,"") -> 0.23369565 | E10: =COUNTIF('Raw Games'!AM:AM,$A10) -> 55 | F10: =IF($B10>'Constants (dont edit)'!$B$3,E10/$B10,"") -> 0.29891304 | G10: =MIN('Pivot (dont edit)'!12:12) -> 25 | H10: =MAX('Pivot (dont edit)'!12:12) -> 1025 | I10: =if(AND(B10>='Constants (dont edit)'!$B$4,SUM('Pivot (dont edit)'!12:12)>0), AVERAGE('Pivot (dont edit)'!12:12), "") -> 459.13043 | J10: =sum('Pivot (dont edit)'!12:12) -> 84480 | K10: =RANK(L10,L:L) -> 7 | L10: =IF($B10>'Constants (dont edit)'!$B$3,(SUMIF('Raw Games'!AL:AL,$A10,'Raw Games'!AN:AN)-SUMIF('Raw Games'!AM:AM,$A10,'Raw Games'!AN:AN)/B10)/B10,0) -> 0.97710893
A11: =('Pivot (dont edit)'!A13) -> Espy | B11: =count('Pivot (dont edit)'!13:13) -> 7 | C11: =COUNTIF('Raw Games'!AL:AL,$A11) -> 0 | D11: =IF($B11>'Constants (dont edit)'!$B$3,C11/$B11,"") | E11: =COUNTIF('Raw Games'!AM:AM,$A11) -> 3 | F11: =IF($B11>'Constants (dont edit)'!$B$3,E11/$B11,"") | G11: =MIN('Pivot (dont edit)'!13:13) -> 345 | H11: =MAX('Pivot (dont edit)'!13:13) -> 730 | I11: =if(AND(B11>='Constants (dont edit)'!$B$4,SUM('Pivot (dont edit)'!13:13)>0), AVERAGE('Pivot (dont edit)'!13:13), "") -> 562.14286 | J11: =sum('Pivot (dont edit)'!13:13) -> 3935 | K11: =RANK(L11,L:L) -> 11 | L11: =IF($B11>'Constants (dont edit)'!$B$3,(SUMIF('Raw Games'!AL:AL,$A11,'Raw Games'!AN:AN)-SUMIF('Raw Games'!AM:AM,$A11,'Raw Games'!AN:AN)/B11)/B11,0) -> 0
A12: =('Pivot (dont edit)'!A14) -> Jack | B12: =count('Pivot (dont edit)'!14:14) -> 6 | C12: =COUNTIF('Raw Games'!AL:AL,$A12) -> 1 | D12: =IF($B12>'Constants (dont edit)'!$B$3,C12/$B12,"") | E12: =COUNTIF('Raw Games'!AM:AM,$A12) -> 2 | F12: =IF($B12>'Constants (dont edit)'!$B$3,E12/$B12,"") | G12: =MIN('Pivot (dont edit)'!14:14) -> 300 | H12: =MAX('Pivot (dont edit)'!14:14) -> 630 | I12: =if(AND(B12>='Constants (dont edit)'!$B$4,SUM('Pivot (dont edit)'!14:14)>0), AVERAGE('Pivot (dont edit)'!14:14), "") -> 457.5 | J12: =sum('Pivot (dont edit)'!14:14) -> 2745 | K12: =RANK(L12,L:L) -> 11 | L12: =IF($B12>'Constants (dont edit)'!$B$3,(SUMIF('Raw Games'!AL:AL,$A12,'Raw Games'!AN:AN)-SUMIF('Raw Games'!AM:AM,$A12,'Raw Games'!AN:AN)/B12)/B12,0) -> 0
A13: =('Pivot (dont edit)'!A15) -> Jake | B13: =count('Pivot (dont edit)'!15:15) -> 1 | C13: =COUNTIF('Raw Games'!AL:AL,$A13) -> 0 | D13: =IF($B13>'Constants (dont edit)'!$B$3,C13/$B13,"") | E13: =COUNTIF('Raw Games'!AM:AM,$A13) -> 1 | F13: =IF($B13>'Constants (dont edit)'!$B$3,E13/$B13,"") | G13: =MIN('Pivot (dont edit)'!15:15) -> 620 | H13: =MAX('Pivot (dont edit)'!15:15) -> 620 | I13: =if(AND(B13>='Constants (dont edit)'!$B$4,SUM('Pivot (dont edit)'!15:15)>0), AVERAGE('Pivot (dont edit)'!15:15), "") | J13: =sum('Pivot (dont edit)'!15:15) -> 620 | K13: =RANK(L13,L:L) -> 11 | L13: =IF($B13>'Constants (dont edit)'!$B$3,(SUMIF('Raw Games'!AL:AL,$A13,'Raw Games'!AN:AN)-SUMIF('Raw Games'!AM:AM,$A13,'Raw Games'!AN:AN)/B13)/B13,0) -> 0
A14: =('Pivot (dont edit)'!A16) -> Jan | B14: =count('Pivot (dont edit)'!16:16) -> 3 | C14: =COUNTIF('Raw Games'!AL:AL,$A14) -> 1 | D14: =IF($B14>'Constants (dont edit)'!$B$3,C14/$B14,"") | E14: =COUNTIF('Raw Games'!AM:AM,$A14) -> 0 | F14: =IF($B14>'Constants (dont edit)'!$B$3,E14/$B14,"") | G14: =MIN('Pivot (dont edit)'!16:16) -> 425 | H14: =MAX('Pivot (dont edit)'!16:16) -> 755 | I14: =if(AND(B14>='Constants (dont edit)'!$B$4,SUM('Pivot (dont edit)'!16:16)>0), AVERAGE('Pivot (dont edit)'!16:16), "") -> 538.33333 | J14: =sum('Pivot (dont edit)'!16:16) -> 1615 | K14: =RANK(L14,L:L) -> 11 | L14: =IF($B14>'Constants (dont edit)'!$B$3,(SUMIF('Raw Games'!AL:AL,$A14,'Raw Games'!AN:AN)-SUMIF('Raw Games'!AM:AM,$A14,'Raw Games'!AN:AN)/B14)/B14,0) -> 0
A15: =('Pivot (dont edit)'!A17) -> Jeff M | B15: =count('Pivot (dont edit)'!17:17) -> 81 | C15: =COUNTIF('Raw Games'!AL:AL,$A15) -> 23 | D15: =IF($B15>'Constants (dont edit)'!$B$3,C15/$B15,"") -> 0.28395062 | E15: =COUNTIF('Raw Games'!AM:AM,$A15) -> 26 | F15: =IF($B15>'Constants (dont edit)'!$B$3,E15/$B15,"") -> 0.32098765 | G15: =MIN('Pivot (dont edit)'!17:17) -> 15 | H15: =MAX('Pivot (dont edit)'!17:17) -> 1310 | I15: =if(AND(B15>='Constants (dont edit)'!$B$4,SUM('Pivot (dont edit)'!17:17)>0), AVERAGE('Pivot (dont edit)'!17:17), "") -> 428.45679 | J15: =sum('Pivot (dont edit)'!17:17) -> 34705 | K15: =RANK(L15,L:L) -> 2 | L15: =IF($B15>'Constants (dont edit)'!$B$3,(SUMIF('Raw Games'!AL:AL,$A15,'Raw Games'!AN:AN)-SUMIF('Raw Games'!AM:AM,$A15,'Raw Games'!AN:AN)/B15)/B15,0) -> 1.1566834
A16: =('Pivot (dont edit)'!A18) -> Jeff P | B16: =count('Pivot (dont edit)'!18:18) -> 1 | C16: =COUNTIF('Raw Games'!AL:AL,$A16) -> 0 | D16: =IF($B16>'Constants (dont edit)'!$B$3,C16/$B16,"") | E16: =COUNTIF('Raw Games'!AM:AM,$A16) -> 1 | F16: =IF($B16>'Constants (dont edit)'!$B$3,E16/$B16,"") | G16: =MIN('Pivot (dont edit)'!18:18) -> 1155 | H16: =MAX('Pivot (dont edit)'!18:18) -> 1155 | I16: =if(AND(B16>='Constants (dont edit)'!$B$4,SUM('Pivot (dont edit)'!18:18)>0), AVERAGE('Pivot (dont edit)'!18:18), "") | J16: =sum('Pivot (dont edit)'!18:18) -> 1155 | K16: =RANK(L16,L:L) -> 11 | L16: =IF($B16>'Constants (dont edit)'!$B$3,(SUMIF('Raw Games'!AL:AL,$A16,'Raw Games'!AN:AN)-SUMIF('Raw Games'!AM:AM,$A16,'Raw Games'!AN:AN)/B16)/B16,0) -> 0
A17: =('Pivot (dont edit)'!A19) -> Jeremy | B17: =count('Pivot (dont edit)'!19:19) -> 2 | C17: =COUNTIF('Raw Games'!AL:AL,$A17) -> 1 | D17: =IF($B17>'Constants (dont edit)'!$B$3,C17/$B17,"") | E17: =COUNTIF('Raw Games'!AM:AM,$A17) -> 0 | F17: =IF($B17>'Constants (dont edit)'!$B$3,E17/$B17,"") | G17: =MIN('Pivot (dont edit)'!19:19) -> 400 | H17: =MAX('Pivot (dont edit)'!19:19) -> 645 | I17: =if(AND(B17>='Constants (dont edit)'!$B$4,SUM('Pivot (dont edit)'!19:19)>0), AVERAGE('Pivot (dont edit)'!19:19), "") | J17: =sum('Pivot (dont edit)'!19:19) -> 1045 | K17: =RANK(L17,L:L) -> 11 | L17: =IF($B17>'Constants (dont edit)'!$B$3,(SUMIF('Raw Games'!AL:AL,$A17,'Raw Games'!AN:AN)-SUMIF('Raw Games'!AM:AM,$A17,'Raw Games'!AN:AN)/B17)/B17,0) -> 0
A18: =('Pivot (dont edit)'!A20) -> Jordan | B18: =count('Pivot (dont edit)'!20:20) -> 2 | C18: =COUNTIF('Raw Games'!AL:AL,$A18) -> 0 | D18: =IF($B18>'Constants (dont edit)'!$B$3,C18/$B18,"") | E18: =COUNTIF('Raw Games'!AM:AM,$A18) -> 2 | F18: =IF($B18>'Constants (dont edit)'!$B$3,E18/$B18,"") | G18: =MIN('Pivot (dont edit)'!20:20) -> 675 | H18: =MAX('Pivot (dont edit)'!20:20) -> 905 | I18: =if(AND(B18>='Constants (dont edit)'!$B$4,SUM('Pivot (dont edit)'!20:20)>0), AVERAGE('Pivot (dont edit)'!20:20), "") | J18: =sum('Pivot (dont edit)'!20:20) -> 1580 | K18: =RANK(L18,L:L) -> 11 | L18: =IF($B18>'Constants (dont edit)'!$B$3,(SUMIF('Raw Games'!AL:AL,$A18,'Raw Games'!AN:AN)-SUMIF('Raw Games'!AM:AM,$A18,'Raw Games'!AN:AN)/B18)/B18,0) -> 0
A19: =('Pivot (dont edit)'!A21) -> Karenina | B19: =count('Pivot (dont edit)'!21:21) -> 18 | C19: =COUNTIF('Raw Games'!AL:AL,$A19) -> 6 | D19: =IF($B19>'Constants (dont edit)'!$B$3,C19/$B19,"") -> 0.33333333 | E19: =COUNTIF('Raw Games'!AM:AM,$A19) -> 2 | F19: =IF($B19>'Constants (dont edit)'!$B$3,E19/$B19,"") -> 0.11111111 | G19: =MIN('Pivot (dont edit)'!21:21) -> 60 | H19: =MAX('Pivot (dont edit)'!21:21) -> 800 | I19: =if(AND(B19>='Constants (dont edit)'!$B$4,SUM('Pivot (dont edit)'!21:21)>0), AVERAGE('Pivot (dont edit)'!21:21), "") -> 359.44444 | J19: =sum('Pivot (dont edit)'!21:21) -> 6470 | K19: =RANK(L19,L:L) -> 1 | L19: =IF($B19>'Constants (dont edit)'!$B$3,(SUMIF('Raw Games'!AL:AL,$A19,'Raw Games'!AN:AN)-SUMIF('Raw Games'!AM:AM,$A19,'Raw Games'!AN:AN)/B19)/B19,0) -> 1.5833333
A20: =('Pivot (dont edit)'!A22) -> Karen | B20: =count('Pivot (dont edit)'!22:22) -> 34 | C20: =COUNTIF('Raw Games'!AL:AL,$A20) -> 9 | D20: =IF($B20>'Constants (dont edit)'!$B$3,C20/$B20,"") -> 0.26470588 | E20: =COUNTIF('Raw Games'!AM:AM,$A20) -> 12 | F20: =IF($B20>'Constants (dont edit)'!$B$3,E20/$B20,"") -> 0.35294118 | G20: =MIN('Pivot (dont edit)'!22:22) -> 55 | H20: =MAX('Pivot (dont edit)'!22:22) -> 890 | I20: =if(AND(B20>='Constants (dont edit)'!$B$4,SUM('Pivot (dont edit)'!22:22)>0), AVERAGE('Pivot (dont edit)'!22:22), "") -> 430.14706 | J20: =sum('Pivot (dont edit)'!22:22) -> 14625 | K20: =RANK(L20,L:L) -> 4 | L20: =IF($B20>'Constants (dont edit)'!$B$3,(SUMIF('Raw Games'!AL:AL,$A20,'Raw Games'!AN:AN)-SUMIF('Raw Games'!AM:AM,$A20,'Raw Games'!AN:AN)/B20)/B20,0) -> 1.1038062
A21: =('Pivot (dont edit)'!A23) -> Kas | B21: =count('Pivot (dont edit)'!23:23) -> 6 | C21: =COUNTIF('Raw Games'!AL:AL,$A21) -> 0 | D21: =IF($B21>'Constants (dont edit)'!$B$3,C21/$B21,"") | E21: =COUNTIF('Raw Games'!AM:AM,$A21) -> 1 | F21: =IF($B21>'Constants (dont edit)'!$B$3,E21/$B21,"") | G21: =MIN('Pivot (dont edit)'!23:23) -> 365 | H21: =MAX('Pivot (dont edit)'!23:23) -> 830 | I21: =if(AND(B21>='Constants (dont edit)'!$B$4,SUM('Pivot (dont edit)'!23:23)>0), AVERAGE('Pivot (dont edit)'!23:23), "") -> 618.33333 | J21: =sum('Pivot (dont edit)'!23:23) -> 3710 | K21: =RANK(L21,L:L) -> 11 | L21: =IF($B21>'Constants (dont edit)'!$B$3,(SUMIF('Raw Games'!AL:AL,$A21,'Raw Games'!AN:AN)-SUMIF('Raw Games'!AM:AM,$A21,'Raw Games'!AN:AN)/B21)/B21,0) -> 0
A22: =('Pivot (dont edit)'!A24) -> Melissa | B22: =count('Pivot (dont edit)'!24:24) -> 5 | C22: =COUNTIF('Raw Games'!AL:AL,$A22) -> 1 | D22: =IF($B22>'Constants (dont edit)'!$B$3,C22/$B22,"") | E22: =COUNTIF('Raw Games'!AM:AM,$A22) -> 2 | F22: =IF($B22>'Constants (dont edit)'!$B$3,E22/$B22,"") | G22: =MIN('Pivot (dont edit)'!24:24) -> 215 | H22: =MAX('Pivot (dont edit)'!24:24) -> 740 | I22: =if(AND(B22>='Constants (dont edit)'!$B$4,SUM('Pivot (dont edit)'!24:24)>0), AVERAGE('Pivot (dont edit)'!24:24), "") -> 518 | J22: =sum('Pivot (dont edit)'!24:24) -> 2590 | K22: =RANK(L22,L:L) -> 11 | L22: =IF($B22>'Constants (dont edit)'!$B$3,(SUMIF('Raw Games'!AL:AL,$A22,'Raw Games'!AN:AN)-SUMIF('Raw Games'!AM:AM,$A22,'Raw Games'!AN:AN)/B22)/B22,0) -> 0
A23: =('Pivot (dont edit)'!A25) -> Nancy | B23: =count('Pivot (dont edit)'!25:25) -> 514 | C23: =COUNTIF('Raw Games'!AL:AL,$A23) -> 137 | D23: =IF($B23>'Constants (dont edit)'!$B$3,C23/$B23,"") -> 0.26653697 | E23: =COUNTIF('Raw Games'!AM:AM,$A23) -> 114 | F23: =IF($B23>'Constants (dont edit)'!$B$3,E23/$B23,"") -> 0.22178988 | G23: =MIN('Pivot (dont edit)'!25:25) -> 30 | H23: =MAX('Pivot (dont edit)'!25:25) -> 1100 | I23: =if(AND(B23>='Constants (dont edit)'!$B$4,SUM('Pivot (dont edit)'!25:25)>0), AVERAGE('Pivot (dont edit)'!25:25), "") -> 406.03891 | J23: =sum('Pivot (dont edit)'!25:25) -> 208704 | K23: =RANK(L23,L:L) -> 6 | L23: =IF($B23>'Constants (dont edit)'!$B$3,(SUMIF('Raw Games'!AL:AL,$A23,'Raw Games'!AN:AN)-SUMIF('Raw Games'!AM:AM,$A23,'Raw Games'!AN:AN)/B23)/B23,0) -> 1.0275553
A24: =('Pivot (dont edit)'!A26) -> Ray | B24: =count('Pivot (dont edit)'!26:26) -> 4 | C24: =COUNTIF('Raw Games'!AL:AL,$A24) -> 0 | D24: =IF($B24>'Constants (dont edit)'!$B$3,C24/$B24,"") | E24: =COUNTIF('Raw Games'!AM:AM,$A24) -> 1 | F24: =IF($B24>'Constants (dont edit)'!$B$3,E24/$B24,"") | G24: =MIN('Pivot (dont edit)'!26:26) -> 110 | H24: =MAX('Pivot (dont edit)'!26:26) -> 775 | I24: =if(AND(B24>='Constants (dont edit)'!$B$4,SUM('Pivot (dont edit)'!26:26)>0), AVERAGE('Pivot (dont edit)'!26:26), "") -> 412.5 | J24: =sum('Pivot (dont edit)'!26:26) -> 1650 | K24: =RANK(L24,L:L) -> 11 | L24: =IF($B24>'Constants (dont edit)'!$B$3,(SUMIF('Raw Games'!AL:AL,$A24,'Raw Games'!AN:AN)-SUMIF('Raw Games'!AM:AM,$A24,'Raw Games'!AN:AN)/B24)/B24,0) -> 0
A25: =('Pivot (dont edit)'!A27) -> Sally | B25: =count('Pivot (dont edit)'!27:27) -> 207 | C25: =COUNTIF('Raw Games'!AL:AL,$A25) -> 45 | D25: =IF($B25>'Constants (dont edit)'!$B$3,C25/$B25,"") -> 0.2173913 | E25: =COUNTIF('Raw Games'!AM:AM,$A25) -> 78 | F25: =IF($B25>'Constants (dont edit)'!$B$3,E25/$B25,"") -> 0.37681159 | G25: =MIN('Pivot (dont edit)'!27:27) -> 40 | H25: =MAX('Pivot (dont edit)'!27:27) -> 1185 | I25: =if(AND(B25>='Constants (dont edit)'!$B$4,SUM('Pivot (dont edit)'!27:27)>0), AVERAGE('Pivot (dont edit)'!27:27), "") -> 446.71498 | J25: =sum('Pivot (dont edit)'!27:27) -> 92470 | K25: =RANK(L25,L:L) -> 8 | L25: =IF($B25>'Constants (dont edit)'!$B$3,(SUMIF('Raw Games'!AL:AL,$A25,'Raw Games'!AN:AN)-SUMIF('Raw Games'!AM:AM,$A25,'Raw Games'!AN:AN)/B25)/B25,0) -> 0.76610889 | M25: =('Pivot (dont edit)'!M27) | N25: =count('Pivot (dont edit)'!27:27) -> 207 | O25: =COUNTIF('Raw Games'!AX:AX,$A25) -> 0 | P25: =IF($B25>'Constants (dont edit)'!$B$3,O25/$B25,"") -> 0 | Q25: =COUNTIF('Raw Games'!AY:AY,$A25) -> 0 | R25: =IF($B25>'Constants (dont edit)'!$B$3,Q25/$B25,"") -> 0 | S25: =MIN('Pivot (dont edit)'!27:27) -> 40 | T25: =MAX('Pivot (dont edit)'!27:27) -> 1185 | U25: =if(AND(N25>='Constants (dont edit)'!$B$4,SUM('Pivot (dont edit)'!27:27)>0), AVERAGE('Pivot (dont edit)'!27:27), "") -> 446.71498 | V25: =sum('Pivot (dont edit)'!27:27) -> 92470 | W25: =RANK(X25,X:X) -> 1 | X25: =IF($B25>'Constants (dont edit)'!$B$3,(SUMIF('Raw Games'!AX:AX,$A25,'Raw Games'!AZ:AZ)-SUMIF('Raw Games'!AY:AY,$A25,'Raw Games'!AZ:AZ)/N25)/N25,0) -> 0 | Y25: =('Pivot (dont edit)'!Y27) | Z25: =count('Pivot (dont edit)'!27:27) -> 207 | AA25: =COUNTIF('Raw Games'!BJ:BJ,$A25) -> 0 | AB25: =IF($B25>'Constants (dont edit)'!$B$3,AA25/$B25,"") -> 0 | AC25: =COUNTIF('Raw Games'!BK:BK,$A25) -> 0 | AD25: =IF($B25>'Constants (dont edit)'!$B$3,AC25/$B25,"") -> 0 | AE25: =MIN('Pivot (dont edit)'!27:27) -> 40 | AF25: =MAX('Pivot (dont edit)'!27:27) -> 1185
A26: =('Pivot (dont edit)'!A28) -> Sandy | B26: =count('Pivot (dont edit)'!28:28) -> 138 | C26: =COUNTIF('Raw Games'!AL:AL,$A26) -> 21 | D26: =IF($B26>'Constants (dont edit)'!$B$3,C26/$B26,"") -> 0.15217391 | E26: =COUNTIF('Raw Games'!AM:AM,$A26) -> 43 | F26: =IF($B26>'Constants (dont edit)'!$B$3,E26/$B26,"") -> 0.3115942 | G26: =MIN('Pivot (dont edit)'!28:28) -> 40 | H26: =MAX('Pivot (dont edit)'!28:28) -> 1120 | I26: =if(AND(B26>='Constants (dont edit)'!$B$4,SUM('Pivot (dont edit)'!28:28)>0), AVERAGE('Pivot (dont edit)'!28:28), "") -> 501.88406 | J26: =sum('Pivot (dont edit)'!28:28) -> 69260 | K26: =RANK(L26,L:L) -> 10 | L26: =IF($B26>'Constants (dont edit)'!$B$3,(SUMIF('Raw Games'!AL:AL,$A26,'Raw Games'!AN:AN)-SUMIF('Raw Games'!AM:AM,$A26,'Raw Games'!AN:AN)/B26)/B26,0) -> 0.65700483 | M26: =('Pivot (dont edit)'!M28) | N26: =count('Pivot (dont edit)'!28:28) -> 138 | O26: =COUNTIF('Raw Games'!AX:AX,$A26) -> 0 | P26: =IF($B26>'Constants (dont edit)'!$B$3,O26/$B26,"") -> 0 | Q26: =COUNTIF('Raw Games'!AY:AY,$A26) -> 0 | R26: =IF($B26>'Constants (dont edit)'!$B$3,Q26/$B26,"") -> 0 | S26: =MIN('Pivot (dont edit)'!28:28) -> 40 | T26: =MAX('Pivot (dont edit)'!28:28) -> 1120 | U26: =if(AND(N26>='Constants (dont edit)'!$B$4,SUM('Pivot (dont edit)'!28:28)>0), AVERAGE('Pivot (dont edit)'!28:28), "") -> 501.88406 | V26: =sum('Pivot (dont edit)'!28:28) -> 69260 | W26: =RANK(X26,X:X) -> 1 | X26: =IF($B26>'Constants (dont edit)'!$B$3,(SUMIF('Raw Games'!AX:AX,$A26,'Raw Games'!AZ:AZ)-SUMIF('Raw Games'!AY:AY,$A26,'Raw Games'!AZ:AZ)/N26)/N26,0) -> 0 | Y26: =('Pivot (dont edit)'!Y28) -> 895 | Z26: =count('Pivot (dont edit)'!28:28) -> 138 | AA26: =COUNTIF('Raw Games'!BJ:BJ,$A26) -> 0 | AB26: =IF($B26>'Constants (dont edit)'!$B$3,AA26/$B26,"") -> 0 | AC26: =COUNTIF('Raw Games'!BK:BK,$A26) -> 0 | AD26: =IF($B26>'Constants (dont edit)'!$B$3,AC26/$B26,"") -> 0 | AE26: =MIN('Pivot (dont edit)'!28:28) -> 40 | AF26: =MAX('Pivot (dont edit)'!28:28) -> 1120
A27: =('Pivot (dont edit)'!A29) -> Sara | B27: =count('Pivot (dont edit)'!29:29) -> 26 | C27: =COUNTIF('Raw Games'!AL:AL,$A27) -> 5 | D27: =IF($B27>'Constants (dont edit)'!$B$3,C27/$B27,"") -> 0.19230769 | E27: =COUNTIF('Raw Games'!AM:AM,$A27) -> 7 | F27: =IF($B27>'Constants (dont edit)'!$B$3,E27/$B27,"") -> 0.26923077 | G27: =MIN('Pivot (dont edit)'!29:29) -> 45 | H27: =MAX('Pivot (dont edit)'!29:29) -> 940 | I27: =if(AND(B27>='Constants (dont edit)'!$B$4,SUM('Pivot (dont edit)'!29:29)>0), AVERAGE('Pivot (dont edit)'!29:29), "") -> 367.69231 | J27: =sum('Pivot (dont edit)'!29:29) -> 9560 | K27: =RANK(L27,L:L) -> 9 | L27: =IF($B27>'Constants (dont edit)'!$B$3,(SUMIF('Raw Games'!AL:AL,$A27,'Raw Games'!AN:AN)-SUMIF('Raw Games'!AM:AM,$A27,'Raw Games'!AN:AN)/B27)/B27,0) -> 0.69230769 | M27: =('Pivot (dont edit)'!M29) | N27: =count('Pivot (dont edit)'!29:29) -> 26 | O27: =COUNTIF('Raw Games'!AX:AX,$A27) -> 0 | P27: =IF($B27>'Constants (dont edit)'!$B$3,O27/$B27,"") -> 0 | Q27: =COUNTIF('Raw Games'!AY:AY,$A27) -> 0 | R27: =IF($B27>'Constants (dont edit)'!$B$3,Q27/$B27,"") -> 0 | S27: =MIN('Pivot (dont edit)'!29:29) -> 45 | T27: =MAX('Pivot (dont edit)'!29:29) -> 940 | U27: =if(AND(N27>='Constants (dont edit)'!$B$4,SUM('Pivot (dont edit)'!29:29)>0), AVERAGE('Pivot (dont edit)'!29:29), "") -> 367.69231 | V27: =sum('Pivot (dont edit)'!29:29) -> 9560 | W27: =RANK(X27,X:X) -> 1 | X27: =IF($B27>'Constants (dont edit)'!$B$3,(SUMIF('Raw Games'!AX:AX,$A27,'Raw Games'!AZ:AZ)-SUMIF('Raw Games'!AY:AY,$A27,'Raw Games'!AZ:AZ)/N27)/N27,0) -> 0 | Y27: =('Pivot (dont edit)'!Y29) | Z27: =count('Pivot (dont edit)'!29:29) -> 26 | AA27: =COUNTIF('Raw Games'!BJ:BJ,$A27) -> 0 | AB27: =IF($B27>'Constants (dont edit)'!$B$3,AA27/$B27,"") -> 0 | AC27: =COUNTIF('Raw Games'!BK:BK,$A27) -> 0 | AD27: =IF($B27>'Constants (dont edit)'!$B$3,AC27/$B27,"") -> 0 | AE27: =MIN('Pivot (dont edit)'!29:29) -> 45 | AF27: =MAX('Pivot (dont edit)'!29:29) -> 940
A28: =('Pivot (dont edit)'!A30) -> Scott | B28: =count('Pivot (dont edit)'!30:30) -> 1 | C28: =COUNTIF('Raw Games'!AL:AL,$A28) -> 0 | D28: =IF($B28>'Constants (dont edit)'!$B$3,C28/$B28,"") | E28: =COUNTIF('Raw Games'!AM:AM,$A28) -> 1 | F28: =IF($B28>'Constants (dont edit)'!$B$3,E28/$B28,"") | G28: =MIN('Pivot (dont edit)'!30:30) -> 380 | H28: =MAX('Pivot (dont edit)'!30:30) -> 380 | I28: =if(AND(B28>='Constants (dont edit)'!$B$4,SUM('Pivot (dont edit)'!30:30)>0), AVERAGE('Pivot (dont edit)'!30:30), "") | J28: =sum('Pivot (dont edit)'!30:30) -> 380 | K28: =RANK(L28,L:L) -> 11 | L28: =IF($B28>'Constants (dont edit)'!$B$3,(SUMIF('Raw Games'!AL:AL,$A28,'Raw Games'!AN:AN)-SUMIF('Raw Games'!AM:AM,$A28,'Raw Games'!AN:AN)/B28)/B28,0) -> 0 | M28: =('Pivot (dont edit)'!M30) | N28: =count('Pivot (dont edit)'!30:30) -> 1 | O28: =COUNTIF('Raw Games'!AX:AX,$A28) -> 0 | P28: =IF($B28>'Constants (dont edit)'!$B$3,O28/$B28,"") | Q28: =COUNTIF('Raw Games'!AY:AY,$A28) -> 0 | R28: =IF($B28>'Constants (dont edit)'!$B$3,Q28/$B28,"") | S28: =MIN('Pivot (dont edit)'!30:30) -> 380 | T28: =MAX('Pivot (dont edit)'!30:30) -> 380 | U28: =if(AND(N28>='Constants (dont edit)'!$B$4,SUM('Pivot (dont edit)'!30:30)>0), AVERAGE('Pivot (dont edit)'!30:30), "") | V28: =sum('Pivot (dont edit)'!30:30) -> 380 | W28: =RANK(X28,X:X) -> 1 | X28: =IF($B28>'Constants (dont edit)'!$B$3,(SUMIF('Raw Games'!AX:AX,$A28,'Raw Games'!AZ:AZ)-SUMIF('Raw Games'!AY:AY,$A28,'Raw Games'!AZ:AZ)/N28)/N28,0) -> 0 | Y28: =('Pivot (dont edit)'!Y30) | Z28: =count('Pivot (dont edit)'!30:30) -> 1 | AA28: =COUNTIF('Raw Games'!BJ:BJ,$A28) -> 0 | AB28: =IF($B28>'Constants (dont edit)'!$B$3,AA28/$B28,"") | AC28: =COUNTIF('Raw Games'!BK:BK,$A28) -> 0 | AD28: =IF($B28>'Constants (dont edit)'!$B$3,AC28/$B28,"") | AE28: =MIN('Pivot (dont edit)'!30:30) -> 380 | AF28: =MAX('Pivot (dont edit)'!30:30) -> 380
A29: =('Pivot (dont edit)'!A31) -> Simon | B29: =count('Pivot (dont edit)'!31:31) -> 3 | C29: =COUNTIF('Raw Games'!AL:AL,$A29) -> 0 | D29: =IF($B29>'Constants (dont edit)'!$B$3,C29/$B29,"") | E29: =COUNTIF('Raw Games'!AM:AM,$A29) -> 0 | F29: =IF($B29>'Constants (dont edit)'!$B$3,E29/$B29,"") | G29: =MIN('Pivot (dont edit)'!31:31) -> 100 | H29: =MAX('Pivot (dont edit)'!31:31) -> 670 | I29: =if(AND(B29>='Constants (dont edit)'!$B$4,SUM('Pivot (dont edit)'!31:31)>0), AVERAGE('Pivot (dont edit)'!31:31), "") -> 458.33333 | J29: =sum('Pivot (dont edit)'!31:31) -> 1375 | K29: =RANK(L29,L:L) -> 11 | L29: =IF($B29>'Constants (dont edit)'!$B$3,(SUMIF('Raw Games'!AL:AL,$A29,'Raw Games'!AN:AN)-SUMIF('Raw Games'!AM:AM,$A29,'Raw Games'!AN:AN)/B29)/B29,0) -> 0 | M29: =('Pivot (dont edit)'!M31) | N29: =count('Pivot (dont edit)'!31:31) -> 3 | O29: =COUNTIF('Raw Games'!AX:AX,$A29) -> 0 | P29: =IF($B29>'Constants (dont edit)'!$B$3,O29/$B29,"") | Q29: =COUNTIF('Raw Games'!AY:AY,$A29) -> 0 | R29: =IF($B29>'Constants (dont edit)'!$B$3,Q29/$B29,"") | S29: =MIN('Pivot (dont edit)'!31:31) -> 100 | T29: =MAX('Pivot (dont edit)'!31:31) -> 670 | U29: =if(AND(N29>='Constants (dont edit)'!$B$4,SUM('Pivot (dont edit)'!31:31)>0), AVERAGE('Pivot (dont edit)'!31:31), "") -> 458.33333 | V29: =sum('Pivot (dont edit)'!31:31) -> 1375 | W29: =RANK(X29,X:X) -> 1 | X29: =IF($B29>'Constants (dont edit)'!$B$3,(SUMIF('Raw Games'!AX:AX,$A29,'Raw Games'!AZ:AZ)-SUMIF('Raw Games'!AY:AY,$A29,'Raw Games'!AZ:AZ)/N29)/N29,0) -> 0 | Y29: =('Pivot (dont edit)'!Y31) | Z29: =count('Pivot (dont edit)'!31:31) -> 3 | AA29: =COUNTIF('Raw Games'!BJ:BJ,$A29) -> 0 | AB29: =IF($B29>'Constants (dont edit)'!$B$3,AA29/$B29,"") | AC29: =COUNTIF('Raw Games'!BK:BK,$A29) -> 0 | AD29: =IF($B29>'Constants (dont edit)'!$B$3,AC29/$B29,"") | AE29: =MIN('Pivot (dont edit)'!31:31) -> 100 | AF29: =MAX('Pivot (dont edit)'!31:31) -> 670

Sheet Constants (dont edit)
A1: Name | B1: Value
A2: Constants
A3: Minimum Number of Games for stats | B3: 15
A4: Minimum Number of Games for avg | B4: 3
A5: Rank Factor | B5: 1000
A7: Global Stats
A8: Total Game Count | B8: =COUNTA('Raw Games'!A:A)-1 -> 538
A9: Full Game Count | B9: =B8-B10 -> 480
A10: Half Game Count | B10: =COUNTIF('Raw Games'!C:C,"=Yes") -> 58
A11: Overall average score | B11: =AVERAGE('Raw Games'!F:AI) -> 423.79322
A12: All time maximum score | B12: =MAX('Raw Games'!F:AI) -> 1310
A13: All time minimum score | B13: =MIN('Raw Games'!F:AI) -> 5
A14: Scores over 1000 | B14: =COUNTIF('Raw Games'!F:AI,">=1000") -> 18
A16: README
A17: 1. In 'Raw Games' sheet, be sure to keep Min, Max, Winner, Loser data filled downward at least as far as the game data rows.
A18: 2. In 'Raw Games' sheet, when winners and losers stop getting highlighted, you need to Edit > Paste Special > Conditional Formatting those rows and below after copying to clipboard the last highlighted row.
A19: 3. Adding a new person is a two stop process: 1) insert a column in the alphabetical location for the new person, and b) Navigate to "Stats" page and fill downward to reveal last person.
A20: 4. Inserting a new person whose name starts with A and is before the current first person is difficult because all the Conditions and Formulae will point to the column after. You will have to edit all of them.
A21: 5. To add new Game results, add them after the last row in the "Raw Games" sheet (curently at over 250 rows)
A22: 6. Once there are over 1001 rows in 'Raw Games' we will have to a) add Columns to the 'Pivot' sheet and b) Modify the TRANSPOSE function in Pivot!A:1 to include the additional columns.

Sheet Pivot (dont edit)
A1: {=TRANSPOSE('Raw Games'!1:1022)} -> Date | B1: <?> | C1: <?> | D1: <?> | E1: <?> | F1: <?> | G1: <?> | H1: <?> | I1: <?> | J1: <?> | K1: <?> | L1: <?> | M1: <?> | N1: <?> | O1: <?> | P1: <?> | Q1: <?> | R1: <?> | S1: <?> | T1: <?> | U1: <?> | V1: <?> | W1: <?> | X1: <?> | Y1: <?> | Z1: <?> | AA1: <?> | AB1: <?> | AC1: <?> | AD1: <?> | AE1: <?> | AF1: <?> | AG1: <?> | AH1: <?> | AI1: <?> | AJ1: <?> | AK1: <?> | AL1: <?> | AM1: <?> | AN1: <?> | AO1: <?> | AP1: <?> | AQ1: <?> | AR1: <?> | AS1: <?> | AT1: <?> | AU1: <?> | AV1: <?> | AW1: <?> | AX1: <?> | AY1: <?> | AZ1: <?> | BA1: <?> | BB1: <?> | BC1: <?> | BD1: <?> | BE1: <?> | BF1: <?> | BG1: <?> | BH1: <?> | BI1: <?> | BJ1: <?> | BK1: <?> | BL1: <?> | BM1: <?> | BN1: <?> | BO1: <?> | BP1: <?> | BQ1: <?> | BR1: <?> | BS1: <?> | BT1: <?> | BU1: <?> | BV1: <?> | BW1: <?> | BX1: <?> | BY1: <?> | BZ1: <?> | CA1: <?> | CB1: <?> | CC1: <?> | CD1: <?> | CE1: <?> | CF1: <?> | CG1: <?> | CH1: <?> | CI1: <?> | CJ1: <?> | CK1: <?> | CL1: <?> | CM1: <?> | CN1: <?> | CO1: <?> | CP1: <?> | CQ1: <?> | CR1: <?> | CS1: <?> | CT1: <?> | CU1: <?> | CV1: <?> | CW1: <?> | CX1: <?> | CY1: <?> | CZ1: <?> | DA1: <?> | DB1: <?> | DC1: <?> | DD1: <?> | DE1: <?> | DF1: <?> | DG1: <?> | DH1: <?> | DI1: <?> | DJ1: <?> | DK1: <?> | DL1: <?> | DM1: <?> | DN1: <?> | DO1: <?> | DP1: <?> | DQ1: <?> | DR1: <?> | DS1: <?> | DT1: <?> | DU1: <?> | DV1: <?> | DW1: <?> | DX1: 43485 | DY1: 44086 | DZ1: 44087 | EA1: 44089 | EB1: 44092 | EC1: 44098 | ED1: 44100 | EE1: 44107 | EF1: 44108 | EG1: 44112 | EH1: 44114 | EI1: 44121 | EJ1: 44122 | EK1: 44127 | EL1: 44129 | EM1: 44132 | EN1: 44135 | EO1: 44137 | EP1: 44140 | EQ1: 44142 | ER1: 44146 | ES1: 44148 | ET1: 44151 | EU1: 44156 | EV1: 44158 | EW1: 44164 | EX1: 44170 | EY1: 44170 | EZ1: 44173 | FA1: 44175 | FB1: 44176 | FC1: 44183 | FD1: 44186 | FE1: 44187 | FF1: 44200 | FG1: 44203 | FH1: 44204 | FI1: 44205 | FJ1: 44206 | FK1: 44210 | FL1: 44224 | FM1: 44225 | FN1: 44226 | FO1: 44239 | FP1: 44240 | FQ1: 44241 | FR1: 44242 | FS1: 44254 | FT1: 44256 | FU1: 44260 | FV1: 44264 | FW1: 44267 | FX1: 44272 | FY1: 44273 | FZ1: 44274 | GA1: 44276 | GB1: 44279 | GC1: 44281 | GD1: 44285 | GE1: 44288 | GF1: 44292 | GG1: 44293 | GH1: 44297 | GI1: 44297 | GJ1: 44297 | GK1: 44298 | GL1: 44299 | GM1: 44300 | GN1: 44302 | GO1: 44307 | GP1: 44312 | GQ1: 44318 | GR1: 44329 | GS1: 44342 | GT1: 44343 | GU1: 44344 | GV1: 44346 | GW1: 44347 | GX1: 44352 | GY1: 44362 | GZ1: 44370 | HA1: 44374 | HB1: 44375 | HC1: 44416 | HD1: 44422 | HE1: 44422 | HF1: 44423 | HG1: 44428 | HH1: 44437 | HI1: 44500 | HJ1: 44500 | HK1: 44538 | HL1: 44539 | HM1: 44562 | HN1: 44581 | HO1: 44595 | HP1: 44602 | HQ1: 44623 | HR1: 44664 | HS1: 44665 | HT1: 44673 | HU1: 44679 | HV1: 44681 | HW1: 44686 | HX1: 44688 | HY1: 44689 | HZ1: 44700 | IA1: 44702 | IB1: 44709 | IC1: 44710 | ID1: 44711 | IE1: 44712 | IF1: 44751 | IG1: 44756 | IH1: 44778 | II1: 44787 | IJ1: 44791 | IK1: 44793 | IL1: 44798 | IM1: 44815 | IN1: 44819 | IO1: 44836 | IP1: 44839 | IQ1: 44850 | IR1: 44852 | IS1: 44864 | IT1: 44870 | IU1: 44871 | IV1: 44875 | IW1: 44878 | IX1: 44880 | IY1: 44887 | IZ1: 44896 | JA1: 44903 | JB1: 44927 | JC1: 44933 | JD1: 44938 | JE1: 44945 | JF1: 44953 | JG1: 44954 | JH1: 44961 | JI1: 44966 | JJ1: 44968 | JK1: 44989 | JL1: 44990 | JM1: 44996 | JN1: 44999 | JO1: 45001 | JP1: 45003 | JQ1: 45008 | JR1: 45008 | JS1: 45010 | JT1: 45016 | JU1: 45022 | JV1: 45025 | JW1: 45027 | JX1: 45029 | JY1: 45031 | JZ1: 45031 | KA1: 45041 | KB1: 45043 | KC1: 45045 | KD1: 45051 | KE1: 45055 | KF1: 45057 | KG1: 45058 | KH1: 45059 | KI1: 45064 | KJ1: 45066 | KK1: 45067 | KL1: 45071 | KM1: 45073 | KN1: 45074 | KO1: 45079 | KP1: 45081 | KQ1: 45085 | KR1: 45087 | KS1: 45089 | KT1: 45092 | KU1: 45094 | KV1: 45097 | KW1: 45099 | KX1: 45106 | KY1: 45107 | KZ1: 45109 | LA1: 45110 | LB1: 45111 | LC1: 45113 | LD1: 45116 | LE1: 45121 | LF1: 45122 | LG1: 45126 | LH1: 45129 | LI1: 45134 | LJ1: 45143 | LK1: 45147 | LL1: 45148 | LM1: 45150 | LN1: 45155 | LO1: 45156 | LP1: 45158 | LQ1: 45162 | LR1: 45167 | LS1: 45170 | LT1: 45172 | LU1: 45178 | LV1: 45181 | LW1: 45184 | LX1: 45185 | LY1: 45187 | LZ1: 45190 | MA1: 45191 | MB1: 45192 | MC1: 45193 | MD1: 45194 | ME1: 45197 | MF1: 45199 | MG1: 45202 | MH1: 45206 | MI1: 45212 | MJ1: 45218 | MK1: 45225 | ML1: 45227 | MM1: 45232 | MN1: 45237 | MO1: 45240 | MP1: 45242 | MQ1: 45243 | MR1: 45245 | MS1: 45246 | MT1: 45247 | MU1: 45248 | MV1: 45249 | MW1: 45252 | MX1: 45254 | MY1: 45255 | MZ1: 45256 | NA1: 45259 | NB1: 45262 | NC1: 45272 | ND1: 45274 | NE1: 45278 | NF1: 45281 | NG1: 45287 | NH1: 45291 | NI1: 45302 | NJ1: 45309 | NK1: 45311 | NL1: 45317 | NM1: 45318 | NN1: 45319 | NO1: 45323 | NP1: 45325 | NQ1: 45330 | NR1: 45332 | NS1: 45337 | NT1: 45339 | NU1: 45344 | NV1: 45650 | NW1: 45351 | NX1: 45353 | NY1: 45358 | NZ1: 45360 | OA1: 45364 | OB1: 45367 | OC1: 45372 | OD1: 45380 | OE1: 45381 | OF1: 45392 | OG1: 45393 | OH1: 45395 | OI1: 45397 | OJ1: 45398 | OK1: 45391 | OL1: 45407 | OM1: 45416 | ON1: 45424 | OO1: 45426 | OP1: 45430 | OQ1: 45438 | OR1: 45444 | OS1: 45451 | OT1: 45458 | OU1: 45465 | OV1: 45471 | OW1: 45472 | OX1: 45476 | OY1: 45481 | OZ1: 45485 | PA1: 45486 | PB1: 45493 | PC1: 45494 | PD1: 45497 | PE1: 45498 | PF1: 45516 | PG1: 45521 | PH1: 45534 | PI1: 45536 | PJ1: 45598 | PK1: 45611 | PL1: 45619 | PM1: 45624 | PN1: 45633 | PO1: 45637 | PP1: 45641 | PQ1: 45654 | PR1: 45655 | PS1: 45657 | PT1: 45661 | PU1: 45664 | PV1: 45666 | PW1: 45668 | PX1: 45675 | PY1: 45683 | PZ1: 45690 | QA1: 45696 | QB1: 45699 | QC1: 45704 | QD1: 45711 | QE1: 45719 | QF1: 45723 | QG1: 45731 | QH1: 45743 | QI1: 45745 | QJ1: 45752 | QK1: 45754 | QL1: 45757 | QM1: 45758 | QN1: 45759 | QO1: 45764 | QP1: 45772 | QQ1: 45773 | QR1: 45774 | QS1: 45775 | QT1: 45785 | QU1: 45788 | QV1: 45794 | QW1: 45799 | QX1: 45801 | QY1: 45807 | QZ1: 45808 | RA1: 45815 | RB1: 45821 | RC1: 45823 | RD1: 45829 | RE1: 45830 | RF1: 45836 | RG1: 45837 | RH1: 45838 | RI1: 45841 | RJ1: 45842 | RK1: 45844 | RL1: 45845 | RM1: 45853 | RN1: 45875 | RO1: 45879 | RP1: 45881 | RQ1: 45885 | RR1: 45886 | RS1: 45889 | RT1: 45892 | RU1: 45897 | RV1: 45898 | RW1: 45899 | RX1: 45900 | RY1: 45903 | RZ1: 45906 | SA1: 45914 | SB1: 45917 | SC1: 45922 | SD1: 45924 | SE1: 45930 | SF1: 45931 | SG1: 45934 | SH1: 45941 | SI1: 45948 | SJ1: 45961 | SK1: 45966 | SL1: 45968 | SM1: 45969 | SN1: 45970 | SO1: 45976 | SP1: 45983 | SQ1: 45983 | SR1: 45990 | SS1: 45991 | ST1: 45994 | SU1: 45997 | SV1: 46016 | SW1: 46017 | SX1: 46023 | SY1: 46025 | SZ1: 46032 | TA1: 46039 | TB1: 46041 | TC1: 46044 | TD1: 46050 | TE1: 46067 | TF1: 46074 | TG1: 46081 | TH1: 46084 | TI1: 46085 | TJ1: 46089 | TK1: 46091 | TL1: 46109 | TM1: 46121 | TN1: 46137 | TO1: 46156 | TP1: 46159 | TQ1: 46160 | TR1: 46167 | TS1: 46186
A2: Where | B2: Preston | C2: Preston | D2: Preston | E2: Preston | F2: Preston | G2: <?> | H2: Preston | I2: Preston | J2: Preston | K2: Preston | L2: Preston | M2: Preston | N2: Preston | O2: Preston | P2: Preston | Q2: Preston | R2: Preston | S2: Preston | T2: Preston | U2: Preston | V2: Preston | W2: Preston | X2: Superior | Y2: Preston | Z2: Superior | AA2: Superior | AB2: Preston | AC2: Preston | AD2: Preston | AE2: Preston | AF2: Superior | AG2: Preston | AH2: Superior | AI2: Preston | AJ2: Preston | AK2: Superior | AL2: Superior | AM2: Preston | AN2: Preston | AO2: Superior | AP2: Preston | AQ2: Superior | AR2: Superior | AS2: Preston | AT2: Superior | AU2: Superior | AV2: Preston | AW2: Preston | AX2: Preston | AY2: Indian Wells | AZ2: Preston | BA2: Preston | BB2: Superior | BC2: Superior | BD2: Preston | BE2: Superior | BF2: Preston | BG2: Preston | BH2: Superior | BI2: Preston | BJ2: Superior | BK2: Preston | BL2: Preston | BM2: Preston | BN2: Preston | BO2: Preston | BP2: Preston | BQ2: Preston | BR2: Preston | BS2: Preston | BT2: Preston | BU2: Preston | BV2: Preston | BW2: Preston | BX2: Preston | BY2: Preston | BZ2: Preston | CA2: Preston | CB2: Preston | CC2: Preston | CD2: Preston | CE2: Preston | CF2: Superior | CG2: Superior | CH2: Superior | CI2: Superior | CJ2: Superior | CK2: Superior | CL2: Superior | CM2: Superior | CN2: Superior | CO2: Superior | CP2: Superior | CQ2: Superior | CR2: Superior | CS2: Superior | CT2: Superior | CU2: Superior | CV2: Superior | CW2: Superior | CX2: Superior | CY2: Superior | CZ2: Superior | DA2: Superior | DB2: Superior | DC2: Superior | DD2: Superior | DE2: Superior | DF2: Superior | DG2: Superior | DH2: Superior | DI2: Superior | DJ2: Superior | DK2: Superior | DL2: Superior | DM2: Superior | DN2: Superior | DO2: Superior | DP2: Superior | DQ2: Superior | DR2: Superior | DS2: Superior | DT2: Superior | DU2: Superior | DV2: Superior | DW2: Sally's | DX2: Ian's House | DY2: Steckel Camp, Santa Paula, CA | DZ2: Steckel Camp, Santa Paula, CA | EA2: Superior | EB2: Preston | EC2: Preston | ED2: Superior | EE2: Preston | EF2: Preston | EG2: Preston | EH2: Superior | EI2: Preston | EJ2: Preston | EK2: Preston | EL2: Preston | EM2: Superior | EN2: Refugio St. Beach | EO2: Superior | EP2: Superior | EQ2: Superior | ER2: Superior | ES2: Preston | ET2: Preston | EU2: Cedros | EV2: Preston | EW2: Superior | EX2: Superior | EY2: Superior | EZ2: Preston | FA2: Superior | FB2: Preston | FC2: Superior | FD2: Sally's | FE2: Sally's | FF2: Superior | FG2: Sally's | FH2: Sally's | FI2: Sally's | FJ2: Superior | FK2: Preston | FL2: Sally's | FM2: Sally's | FN2: Sally's | FO2: Preston | FP2: Preston | FQ2: Sally's | FR2: Sally's | FS2: Campland on the Bay, San Diego | FT2: Preston | FU2: Preston | FV2: Preston | FW2: Preston | FX2: Preston | FY2: Preston | FZ2: Preston | GA2: Preston | GB2: Preston | GC2: Preston | GD2: Superior | GE2: Superior | GF2: Superior | GG2: Preston | GH2: Lake Tahoe Campground | GI2: Lake Tahoe Campground | GJ2: Superior | GK2: Lake Tahoe Campground | GL2: Lake Tahoe Campground | GM2: Lake Tahoe Campground | GN2: Aspen Camp, Lee VIning, CA | GO2: Indian Wells | GP2: Preston | GQ2: Preston | GR2: Preston | GS2: Sally's | GT2: Sally's | GU2: Sally's | GV2: Preston | GW2: Superior | GX2: Sally's | GY2: Superior | GZ2: Superior | HA2: Superior | HB2: Superior | HC2: Preston | HD2: Preston | HE2: Superior | HF2: Preston | HG2: Superior | HH2: Superior | HI2: Preston | HJ2: Preston | HK2: Sally's | HL2: Sally's | HM2: Superior | HN2: Preston | HO2: Preston | HP2: Preston | HQ2: Preston | HR2: Sally's | HS2: Sally's | HT2: Preston | HU2: Preston | HV2: Superior | HW2: Preston | HX2: Preston | HY2: Superior | HZ2: Preston | IA2: Superior | IB2: Preston | IC2: Goleta | ID2: Rincon Parkway | IE2: Preston | IF2: Superior | IG2: Preston | IH2: Superior | II2: Superior | IJ2: Preston | IK2: Preston | IL2: Preston | IM2: Superior | IN2: Preston | IO2: Superior | IP2: Preston | IQ2: Preston | IR2: Preston | IS2: Superior | IT2: Sally's | IU2: Preston | IV2: Superior | IW2: Superior | IX2: Preston | IY2: Preston | IZ2: Superior | JA2: Superior | JB2: Superior | JC2: Superior | JD2: Superior | JE2: Superior | JF2: Sally's | JG2: Superior | JH2: Superior | JI2: Superior | JJ2: Superior | JK2: Preston | JL2: Preston | JM2: Preston | JN2: Preston | JO2: Preston | JP2: Preston | JQ2: Preston | JR2: Preston | JS2: Preston | JT2: Campland on the Bay, San Diego | JU2: Preston | JV2: Preston - Passover | JW2: Superior | JX2: Preston | JY2: Superior | JZ2: Preston | KA2: Preston | KB2: Preston | KC2: Preston | KD2: Superior | KE2: Preston | KF2: Preston | KG2: Preston | KH2: Superior | KI2: Preston | KJ2: Superior | KK2: Preston | KL2: Preston | KM2: Hobson Beach Park, Ventura | KN2: Hobson Beach Park, Ventura | KO2: Preston | KP2: Preston | KQ2: Preston | KR2: Indian Wells | KS2: Preston | KT2: Preston | KU2: Preston | KV2: Preston | KW2: Preston | KX2: Preston | KY2: Preston | KZ2: Thornehill Broome | LA2: Thornehill Broome | LB2: Thornehill Broome | LC2: Preston | LD2: Preston | LE2: Preston | LF2: Superior | LG2: Preston | LH2: Preston | LI2: Preston | LJ2: Emma Wood St Bch | LK2: Preston | LL2: Preston | LM2: Superior | LN2: Preston | LO2: Emma Wood St Bch | LP2: Preston | LQ2: Preston | LR2: Preston | LS2: Sally's | LT2: Sally's | LU2: Superior | LV2: Preston | LW2: Bridgeport | LX2: Tahoe City Campground | LY2: Tahoe City Campground | LZ2: Mariposa Fairgrounds | MA2: Azalea, Sequoia | MB2: Azalea, Sequoia | MC2: Azalea, Sequoia | MD2: Preston | ME2: Preston | MF2: Superior | MG2: Superior | MH2: Superior | MI2: Superior | MJ2: Preston | MK2: Preston | ML2: Superior | MM2: Preston | MN2: Preston | MO2: Tuscon, AZ | MP2: Fort Stockton, TX | MQ2: Sonora, TX | MR2: Cracker Barrel, San Antonio, TX ￼ | MS2: Mustang Hollow, TX | MT2: Port Aransas, TX | MU2: Port Aransas, TX | MV2: Port Aransas, TX | MW2: Port Aransas, TX | MX2: San Antonio, TX | MY2: Shriner Park, Junction, TX | MZ2: Van Horn, TX | NA2: KOA, Lordsburg, TX | NB2: Palm Desert | NC2: Cedros | ND2: Preston | NE2: Superior | NF2: Preston | NG2: Preston | NH2: Preston | NI2: Preston | NJ2: Preston | NK2: Cedros | NL2: Palm Desert | NM2: Palm Desert | NN2: Palm Desert | NO2: Preston | NP2: Superior | NQ2: Preston | NR2: Preston | NS2: Preston | NT2: Superior | NU2: Preston | NV2: Preston | NW2: Preston | NX2: Superior | NY2: Preston | NZ2: Superior | OA2: Preston | OB2: Preston | OC2: Preston | OD2: Palm Desert | OE2: Tonopah, AZ | OF2: Robert's Trucks, San Angelo | OG2: San Angelo, TX | OH2: San Angelo, TX | OI2: San Angelo, TX | OJ2: San Angelo, TX | OK2: El Paso | OL2: Preston | OM2: Preston | ON2: Preston | OO2: Preston | OP2: Preston | OQ2: Palm Desert | OR2: Preston | OS2: Superior | OT2: Sancola | OU2: Preston | OV2: Preston | OW2: Superior | OX2: Los Baños | OY2: Lue Heron, Tillamook | OZ2: Morro Bay | PA2: Preston | PB2: Superior | PC2: Preston | PD2: Preston | PE2: Preston | PF2: Superior | PG2: Superior | PH2: Palm Desert | PI2: Superior | PJ2: Superior | PK2: Superior | PL2: Preston | PM2: Superior | PN2: Preston | PO2: Preston | PP2: Preston | PQ2: Preston | PR2: Preston | PS2: Preston | PT2: Superior | PU2: Palm Desert | PV2: Palm Desert | PW2: Cedros | PX2: Preston | PY2: Palm Desert | PZ2: Palm Desert | QA2: Preston | QB2: Superior | QC2: Preston | QD2: Preston | QE2: Palm Desert | QF2: Palm Desert | QG2: Preston | QH2: Preston | QI2: Preston | QJ2: Preston | QK2: Preston | QL2: Palm Desert | QM2: Anza Borrego State Park ￼￼ | QN2: Anza Borrego State Park ￼￼ | QO2: Preston | QP2: Palm Desert | QQ2: Palm Desert | QR2: Palm Desert | QS2: Preston | QT2: Preston | QU2: Preston | QV2: Preston | QW2: Preston | QX2: Preston | QY2: Preston | QZ2: Preston | RA2: Preston | RB2: Preston | RC2: Preston | RD2: Palm Desert | RE2: Superior | RF2: Preston | RG2: Palm Desert | RH2: Palm Desert | RI2: Preston | RJ2: Preston | RK2: Preston | RL2: Preston | RM2: Preston | RN2: Preston | RO2: Preston | RP2: Preston | RQ2: Carpenteria | RR2: Carpenteria | RS2: Preston | RT2: Preston | RU2: Preston | RV2: Palm Desert | RW2: Palm Desert | RX2: Palm Desert | RY2: Preston | RZ2: Preston | SA2: Preston | SB2: Preston | SC2: Preston | SD2: Superior | SE2: Huntington Beach | SF2: Huntington Beach | SG2: Preston | SH2: Preston | SI2: Palm Desert | SJ2: Preston | SK2: Palm Desert | SL2: Palm Desert | SM2: Palm Desert | SN2: Preston | SO2: Preston | SP2: Preston | SQ2: Palm Desert | SR2: Palm Desert | SS2: Palm Desert | ST2: Preston | SU2: Superior | SV2: Preston | SW2: Preston | SX2: Preston | SY2: Superior | SZ2: Preston | TA2: Superior | TB2: Dakota Trail | TC2: Palm Desert | TD2: Palm Desert | TE2: Superior | TF2: Preston | TG2: Superior | TH2: Palm Desert | TI2: Palm Desert | TJ2: Palm Desert | TK2: Palm Desert | TL2: Superior | TM2: Preston | TN2: Palm Desert | TO2: Preston | TP2: Newport Dunes | TQ2: Newport Dunes | TR2: Palm Desert | TS2: Debby's House | UJ2: Last row of conditional formatting
A3: Half | G3: Yes | Q3: Yes | R3: Yes | U3: Yes | V3: Yes | X3: Yes | AB3: Yes | AC3: Yes | AE3: Yes | AF3: Yes | AN3: Yes | AO3: Yes | AZ3: Yes | BF3: Yes | BG3: Yes | BL3: Yes | BP3: Yes | BQ3: Yes | CL3: Yes | CP3: Yes | CQ3: Yes | DC3: Yes | DG3: Yes | DH3: Yes | DW3: Yes | DX3: Yes | EB3: Yes | EC3: Yes | EF3: Yes | EJ3: Yes | EM3: Yes | EN3: Yes | EP3: Yes | ET3: Yes | FB3: Yes | FC3: Yes | FD3: Yes | FQ3: Yes | FS3: Yes | FT3: Yes | FW3: Yes | GP3: Yes | HD3: Yes | HR3: Yes | HS3: Yes | II3: Yes | IN3: Yes | IR3: Yes | IU3: Yes | IX3: Yes | KP3: Yes | KQ3: Yes | PF3: Yes | PO3: Yes | TB3: Yes | TC3: Yes | TO3: Yes | TR3: Yes
A4: aa | G4: 150
A5: Alizé | MW5: 355
A6: Allyn | Q6: 80 | U6: 490 | AJ6: 375 | KA6: 750 | KE6: 310 | KI6: 380 | KK6: 530 | KP6: 335 | KV6: 160
A7: Bo | DX7: 390
A8: Candace | HK8: 170 | MG8: 420 | MI8: 540
A9: Charlene | B9: 690 | D9: 385 | E9: 495 | H9: 280 | I9: 460 | J9: 190 | K9: 400 | L9: 165 | M9: 445 | N9: 525 | O9: 405 | P9: 250 | Q9: 220 | R9: 95 | S9: 455 | T9: 430 | U9: 200 | W9: 260 | X9: 245 | Y9: 440 | Z9: 575 | AA9: 95 | AB9: 155 | AC9: 235 | AF9: 75 | AG9: 125 | AH9: 175 | AI9: 595 | AK9: 535 | AL9: 840 | AM9: 635 | AN9: 235 | AO9: 170 | AQ9: 125 | AR9: 595 | AT9: 485 | AU9: 330 | AW9: 100 | AZ9: 165 | BB9: 560 | BC9: 465 | BE9: 770 | BG9: 215 | BH9: 225 | BI9: 235 | BJ9: 385 | BK9: 465 | BM9: 330 | BN9: 95 | BO9: 195 | BR9: 80 | BT9: 1020 | BV9: 570 | BW9: 345 | CF9: 380 | CG9: 395 | CH9: 675 | CI9: 105 | CJ9: 765 | CK9: 760 | CL9: 215 | CM9: 755 | CN9: 390 | CO9: 620 | CP9: 380 | CQ9: 300 | CR9: 395 | CS9: 355 | CT9: 565 | CU9: 355 | CV9: 250 | CX9: 605 | CY9: 790 | CZ9: 370 | DA9: 365 | DB9: 585 | DC9: 245 | DD9: 325 | DE9: 630 | DF9: 210 | DG9: 170 | DH9: 285 | DI9: 210 | DJ9: 245 | DK9: 155 | DL9: 400 | DM9: 795 | DN9: 270 | DO9: 395 | DP9: 310 | DQ9: 440 | DR9: 325 | DS9: 590 | DT9: 235 | DU9: 315 | DV9: 190 | EA9: 670 | ED9: 600 | EE9: 470 | EF9: 260 | EG9: 555 | EH9: 520 | EI9: 460 | EK9: 430 | EL9: 435 | EM9: 395 | EN9: 155 | EO9: 345 | EP9: 115 | EQ9: 590 | ER9: 250 | EU9: 245 | EV9: 310 | EW9: 170 | EX9: 295 | EY9: 205 | EZ9: 445 | FA9: 360 | FC9: 220 | FF9: 895 | FJ9: 535 | FP9: 795 | FV9: 215 | FX9: 310 | FZ9: 525 | GB9: 405 | GC9: 580 | GD9: 725 | GE9: 335 | GF9: 345 | GG9: 645 | GJ9: 540 | GW9: 655 | GY9: 520 | GZ9: 385 | HA9: 505 | HB9: 320 | HE9: 300 | HF9: 260 | HG9: 640 | HH9: 645 | HJ9: 485 | HM9: 850 | HN9: 720 | HO9: 455 | HP9: 330 | HQ9: 605 | HT9: 555 | HU9: 625 | HV9: 410 | HW9: 335 | HX9: 355 | HY9: 160 | HZ9: 540 | IA9: 330 | IB9: 365 | IC9: 345 | IG9: 640 | IH9: 560 | II9: 255 | IJ9: 230 | IK9: 595 | IL9: 665 | IO9: 365 | IP9: 490 | IQ9: 620 | IR9: 165 | IS9: 365 | IU9: 115 | IV9: 405 | IW9: 425 | IZ9: 225 | JA9: 340 | JB9: 45 | JC9: 590 | JD9: 305 | JE9: 540 | JG9: 490 | JH9: 470 | JI9: 750 | JJ9: 405 | JK9: 255 | JL9: 530 | JM9: 265 | JN9: 650 | JO9: 160 | JP9: 440 | JQ9: 450 | JR9: 175 | JS9: 465 | JU9: 350 | JV9: 635 | JW9: 365 | JX9: 495 | JY9: 235 | JZ9: 625 | KA9: 420 | KB9: 530 | KC9: 680 | KD9: 585 | KE9: 205 | KF9: 220 | KH9: 610 | KJ9: 225 | KK9: 625 | KL9: 335 | KS9: 625 | KT9: 295 | KU9: 225 | KW9: 225 | KX9: 345 | KY9: 835 | LC9: 475 | LF9: 825 | LG9: 335 | LI9: 325 | LK9: 165 | LL9: 715 | LM9: 680 | LN9: 270 | LP9: 625 | LQ9: 560 | LR9: 735 | LU9: 505 | LV9: 320 | MD9: 640 | ME9: 555 | MF9: 590 | MH9: 260 | MJ9: 265 | MK9: 560 | ML9: 165 | MM9: 365 | MN9: 485 | ND9: 690 | NE9: 100 | NF9: 500 | NG9: 595 | NH9: 205 | NI9: 195 | NJ9: 560 | NK9: 500 | NO9: 385 | NP9: 240 | NQ9: 260 | NR9: 675 | NS9: 495 | NT9: 340 | NU9: 355 | NV9: 610 | NW9: 485 | NX9: 390 | NZ9: 280 | OA9: 325 | OB9: 685 | OC9: 615 | OL9: 245 | ON9: 385 | OO9: 515 | OP9: 385 | OR9: 415 | OS9: 485 | OT9: 565 | OU9: 375 | OV9: 335 | OW9: 345 | OX9: 680 | OY9: 510 | OZ9: 205 | PA9: 455 | PB9: 530 | PC9: 210 | PE9: 330 | PF9: 405 | PG9: 170 | PI9: 740 | PJ9: 400 | PK9: 320 | PL9: 720 | PM9: 415 | PN9: 400 | PP9: 535 | PQ9: 335 | PR9: 370 | PS9: 375 | PT9: 545 | PW9: 870 | PX9: 110 | QA9: 460 | QB9: 425 | QD9: 445 | QG9: 365 | QH9: 500 | QI9: 315 | QJ9: 215 | QK9: 380 | QO9: 325 | QS9: 205 | QU9: 320 | QV9: 610 | QW9: 815 | QX9: 315 | QY9: 400 | QZ9: 515 | RA9: 90 | RB9: 80 | RC9: 510 | RE9: 725 | RI9: 365 | RJ9: 325 | RK9: 285 | RL9: 505 | RM9: 435 | RN9: 340 | RO9: 450 | RP9: 350 | RS9: 285 | RT9: 470 | RU9: 300 | RY9: 455 | RZ9: 285 | SA9: 635 | SB9: 305 | SC9: 465 | SD9: 495 | SG9: 270 | SH9: 320 | SN9: 275 | SO9: 640 | SP9: 700 | ST9: 470 | SU9: 495 | SV9: 290 | SX9: 445 | SY9: 245 | SZ9: 775 | TA9: 735 | TE9: 435 | TF9: 185 | TG9: 360 | TL9: 385 | TM9: 695
A10: Clelia | EB10: 335 | EJ10: 205 | PV10: 645
A11: David | B11: 765 | C11: 380 | D11: 510 | E11: 195 | F11: 65 | H11: 535 | I11: 225 | J11: 450 | L11: 400 | N11: 330 | O11: 385 | P11: 690 | R11: 240 | S11: 630 | T11: 290 | U11: 310 | V11: 465 | W11: 285 | Y11: 420 | Z11: 510 | AA11: 705 | AB11: 100 | AC11: 135 | AE11: 160 | AF11: 325 | AG11: 655 | AH11: 625 | AI11: 455 | AJ11: 495 | AK11: 590 | AL11: 725 | AM11: 665 | AN11: 265 | AP11: 665 | AQ11: 240 | AR11: 715 | AS11: 130 | AT11: 180 | AU11: 480 | AV11: 115 | AW11: 485 | AX11: 325 | AY11: 490 | AZ11: 105 | BA11: 390 | BB11: 305 | BC11: 575 | BD11: 110 | BE11: 420 | BF11: 245 | BG11: 510 | BI11: 595 | BJ11: 585 | BK11: 1080 | BL11: 40 | BM11: 315 | BN11: 70 | BO11: 175 | BP11: 480 | BQ11: 195 | BS11: 300 | BT11: 440 | BU11: 530 | BV11: 730 | BW11: 390 | BX11: 295 | BY11: 245 | BZ11: 180 | CA11: 140 | CB11: 550 | CC11: 440 | CD11: 445 | CE11: 435 | CF11: 445 | CG11: 760 | CH11: 150 | CJ11: 565 | CK11: 570 | CM11: 815 | CN11: 310 | CO11: 500 | CP11: 150 | CQ11: 70 | CR11: 475 | CS11: 660 | CT11: 365 | CU11: 355 | CW11: 290 | CX11: 895 | CY11: 285 | CZ11: 585 | DA11: 755 | DB11: 595 | DC11: 305 | DD11: 420 | DE11: 530 | DF11: 330 | DH11: 200 | DI11: 465 | DJ11: 470 | DL11: 850 | DM11: 520 | DO11: 555 | DP11: 185 | DQ11: 670 | DR11: 280 | DS11: 190 | DT11: 385 | DU11: 385 | DV11: 290 | DY11: 420 | DZ11: 335 | EA11: 375 | EB11: 235 | EC11: 5 | ED11: 335 | EE11: 810 | EF11: 675 | EG11: 460 | EH11: 300 | EI11: 370 | EJ11: 130 | EK11: 355 | EL11: 165 | EM11: 340 | EN11: 5 | EO11: 255 | EP11: 15 | EQ11: 210 | ER11: 75 | ES11: 515 | ET11: 385 | EU11: 615 | EV11: 455 | EX11: 350 | EY11: 675 | EZ11: 945 | FA11: 215 | FB11: 140 | FC11: 320 | FD11: 115 | FF11: 470 | FJ11: 475 | FK11: 390 | FL11: 510 | FM11: 395 | FN11: 195 | FO11: 70 | FP11: 820 | FR11: 345 | FS11: 335 | FT11: 35 | FU11: 485 | FW11: 105 | FX11: 510 | FY11: 235 | FZ11: 740 | GA11: 300 | GB11: 215 | GC11: 210 | GD11: 595 | GE11: 495 | GF11: 340 | GG11: 340 | GH11: 415 | GI11: 305 | GK11: 315 | GL11: 350 | GM11: 310 | GN11: 335 | GO11: 470 | GP11: 215 | GQ11: 380 | GR11: 385 | GS11: 365 | GT11: 710 | GU11: 320 | GV11: 505 | GW11: 250 | GX11: 350 | GY11: 540 | GZ11: 695 | HA11: 185 | HB11: 270 | HC11: 225 | HD11: 135 | HE11: 525 | HF11: 655 | HG11: 455 | HH11: 705 | HI11: 290 | HJ11: 540 | HK11: 580 | HL11: 465 | HM11: 395 | HN11: 345 | HO11: 580 | HP11: 300 | HQ11: 200 | HS11: 20 | HT11: 490 | HU11: 495 | HW11: 285 | HX11: 250 | HY11: 445 | HZ11: 520 | IA11: 310 | IB11: 190 | ID11: 610 | IE11: 355 | IF11: 525 | IG11: 410 | IH11: 350 | II11: 150 | IJ11: 720 | IK11: 470 | IL11: 185 | IM11: 450 | IN11: 80 | IO11: 345 | IP11: 350 | IQ11: 450 | IR11: 105 | IS11: 375 | IT11: 430 | IU11: 105 | IV11: 470 | IW11: 885 | IX11: 240 | IY11: 560 | IZ11: 615 | JA11: 200 | JB11: 45 | JD11: 540 | JE11: 270 | JG11: 505 | JH11: 445 | JI11: 310 | JJ11: 175 | JK11: 240 | JL11: 680 | JM11: 260 | JN11: 240 | JO11: 345 | JP11: 195 | JQ11: 345 | JR11: 340 | JT11: 700 | JU11: 340 | JV11: 440 | JW11: 290 | JX11: 350 | JY11: 365 | JZ11: 570 | KA11: 345 | KB11: 150 | KC11: 270 | KD11: 605 | KE11: 400 | KF11: 170 | KG11: 545 | KH11: 445 | KI11: 385 | KJ11: 290 | KK11: 335 | KL11: 635 | KM11: 115 | KN11: 310 | KP11: 80 | KQ11: 220 | KR11: 710 | KS11: 310 | KT11: 465 | KU11: 190 | KV11: 265 | KW11: 465 | KX11: 565 | KY11: 410 | KZ11: 215 | LA11: 405 | LB11: 695 | LC11: 595 | LD11: 135 | LE11: 390 | LF11: 430 | LG11: 310 | LH11: 485 | LI11: 360 | LJ11: 265 | LK11: 460 | LL11: 440 | LM11: 365 | LN11: 310 | LO11: 310 | LP11: 395 | LQ11: 460 | LR11: 380 | LS11: 260 | LT11: 285 | LU11: 425 | LV11: 490 | LW11: 750 | LX11: 620 | LY11: 350 | LZ11: 245 | MA11: 605 | MB11: 590 | MC11: 220 | MD11: 435 | ME11: 270 | MF11: 495 | MG11: 540 | MH11: 75 | MI11: 365 | MJ11: 720 | ML11: 465 | MM11: 525 | MN11: 445 | MO11: 345 | MP11: 350 | MQ11: 250 | MR11: 305 | MS11: 370 | MT11: 360 | MU11: 220 | MV11: 315 | MX11: 480 | MY11: 190 | MZ11: 95 | NA11: 335 | NB11: 455 | NC11: 325 | ND11: 715 | NE11: 510 | NF11: 465 | NG11: 465 | NH11: 570 | NI11: 575 | NJ11: 745 | NK11: 475 | NL11: 520 | NM11: 195 | NN11: 140 | NO11: 315 | NP11: 380 | NQ11: 345 | NR11: 165 | NS11: 560 | NT11: 370 | NU11: 275 | NV11: 485 | NW11: 615 | NX11: 590 | NY11: 315 | NZ11: 655 | OA11: 405 | OB11: 520 | OC11: 260 | OD11: 325 | OE11: 190 | OF11: 320 | OG11: 420 | OH11: 180 | OI11: 545 | OJ11: 445 | OK11: 245 | OL11: ￼270 | OM11: 160 | ON11: 165 | OO11: 305 | OP11: 390 | OQ11: 170 | OR11: 300 | OS11: 525 | OT11: 295 | OU11: 740 | OV11: 565 | OW11: 675 | OX11: 520 | OY11: 660 | OZ11: 415 | PA11: 380 | PB11: 595 | PC11: 435 | PD11: 640 | PE11: 335 | PF11: 390 | PG11: 175 | PI11: 525 | PJ11: 215 | PK11: 550 | PL11: 570 | PM11: 560 | PN11: 340 | PO11: 530 | PP11: 425 | PQ11: 320 | PR11: 270 | PS11: 625 | PT11: 415 | PU11: 585 | PW11: 830 | PX11: 310 | PY11: 285 | PZ11: 780 | QA11: 590 | QB11: 225 | QC11: 215 | QD11: 595 | QE11: 245 | QF11: 260 | QG11: 295 | QH11: 200 | QI11: 265 | QJ11: 275 | QK11: 410 | QL11: 325 | QM11: 690 | QN11: 360 | QO11: 570 | QP11: 440 | QQ11: 220 | QR11: 755 | QS11: 385 | QT11: 235 | QU11: 375 | QW11: 575 | QX11: 330 | QY11: 280 | RA11: 655 | RB11: 445 | RC11: 545 | RE11: 610 | RF11: 375 | RG11: 305 | RH11: 450 | RI11: 205 | RJ11: 365 | RK11: 200 | RL11: 505 | RN11: 590 | RO11: 490 | RQ11: 505 | RR11: 200 | RS11: 820 | RT11: 575 | RU11: 450 | RV11: 220 | RW11: 370 | RX11: 540 | RY11: 210 | RZ11: 670 | SA11: 515 | SB11: 235 | SC11: 365 | SD11: 135 | SE11: 260 | SF11: 255 | SG11: 1055 | SH11: 740 | SJ11: 155 | SK11: 480 | SL11: 215 | SM11: 385 | SN11: 390 | SQ11: 360 | SR11: 150 | SS11: 265 | ST11: 355 | SU11: 245 | SV11: 445 | SW11: 440 | SX11: 460 | SY11: 595 | SZ11: 640 | TA11: 950 | TB11: 450 | TC11: 475 | TD11: 235 | TE11: 570 | TF11: 665 | TG11: 515 | TH11: 160 | TI11: 410 | TJ11: 195 | TK11: 190 | TL11: 380 | TM11: 285 | TN11: 325 | TO11: 190 | TP11: 330 | TQ11: 50 | TR11: 170 | TS11: 185
A12: Debby | B12: 520 | E12: 795 | F12: 485 | G12: 130 | H12: 525 | I12: 395 | K12: 235 | L12: 250 | M12: 370 | N12: 540 | O12: 630 | S12: 395 | V12: 405 | W12: 570 | Y12: 625 | AB12: 495 | AC12: 375 | AD12: 155 | AE12: 335 | AG12: 720 | AH12: 285 | AI12: 585 | AK12: 635 | AL12: 950 | AM12: 500 | AN12: 270 | AO12: 510 | AT12: 330 | AU12: 270 | AX12: 330 | AZ12: 455 | BA12: 315 | BG12: 355 | BJ12: 600 | BL12: 525 | BP12: 235 | BS12: 390 | BX12: 380 | CF12: 730 | CL12: 215 | CM12: 685 | CQ12: 85 | CS12: 475 | CV12: 805 | CW12: 495 | CX12: 475 | DB12: 590 | DC12: 250 | DI12: 570 | DO12: 510 | DQ12: 400 | DR12: 170 | DV12: 150 | DW12: 25 | EC12: 185 | EJ12: 565 | ES12: 200 | FB12: 295 | FU12: 300 | GQ12: 745 | GR12: 925 | GT12: 680 | HD12: 190 | HF12: 245 | HH12: 745 | HJ12: 340 | HM12: 515 | HN12: 590 | HO12: 615 | HP12: 495 | HQ12: 630 | HT12: 475 | HU12: 705 | HV12: 605 | HZ12: 715 | IA12: 645 | IE12: 445 | IF12: 340 | IG12: 495 | II12: 435 | IJ12: 310 | IL12: 480 | IM12: 490 | IN12: 25 | IQ12: 220 | IV12: 300 | IW12: 340 | IZ12: 450 | JA12: 570 | JB12: 115 | JC12: 625 | JD12: 310 | JE12: 615 | JF12: 230 | JI12: 330 | JL12: 395 | JM12: 380 | JN12: 225 | JO12: 630 | JQ12: 610 | JR12: 425 | JT12: 225 | JU12: 370 | JX12: 585 | JY12: 320 | JZ12: 525 | KB12: 400 | KF12: 595 | KI12: 220 | KL12: 570 | KP12: 240 | KS12: 710 | KW12: 450 | KX12: 365 | LC12: 685 | LG12: 615 | LH12: 390 | LL12: 715 | LN12: 845 | LQ12: 465 | LR12: 540 | ME12: 240 | MH12: 130 | MJ12: 705 | MK12: 275 | ML12: 855 | MM12: 435 | MN12: 530 | ND12: 690 | NF12: 555 | NH12: 155 | NJ12: 445 | NK12: 440 | NO12: 500 | NP12: 885 | NQ12: 450 | NR12: 325 | NS12: 250 | NW12: 395 | NY12: 135 | NZ12: 695 | OB12: 550 | OC12: 525 | OL12: 500 | OM12: 445 | OO12: 335 | OW12: 540 | PD12: 265 | PG12: 375 | PJ12: 675 | PL12: 865 | PN12: 395 | PP12: 260 | PS12: 665 | PT12: 380 | QA12: 625 | QB12: 200 | QD12: 310 | QG12: 410 | QO12: 470 | QT12: 255 | QV12: 230 | QW12: 345 | QY12: 1025 | QZ12: 880 | RA12: 485 | RF12: 535 | RP12: 570 | RT12: 465 | RZ12: 805 | SC12: 400 | SG12: 270 | SH12: 950 | SP12: 815 | SU12: 185 | SX12: 885 | SY12: 310 | SZ12: 455 | TA12: 520 | TE12: 515 | TG12: 345 | TM12: 135 | TO12: 245 | TS12: 450
A13: Espy | BR13: 725 | IC13: 620 | OT13: 670 | OU13: 380 | OW13: 345 | SC13: 730 | TF13: 465
A14: Jack | HI14: 565 | IP14: 630 | KG14: 300 | LE14: 315 | PO14: 325 | SJ14: 610
A15: Jake | AS15: 620
A16: Jan | EE16: 425 | FS16: 435 | ML16: 755
A17: Jeff M | D17: 300 | J17: 305 | M17: 465 | R17: 95 | Z17: 565 | AA17: 775 | AB17: 240 | AD17: 655 | AK17: 905 | AN17: 110 | BC17: 725 | BE17: 450 | BH17: 125 | BM17: 640 | BN17: 210 | BO17: 360 | BT17: 415 | BV17: 735 | BW17: 255 | CF17: 840 | CI17: 180 | CJ17: 415 | CK17: 300 | CL17: 350 | CN17: 520 | CO17: 390 | CP17: 185 | CR17: 460 | CV17: 705 | CZ17: 450 | DG17: 15 | DH17: 285 | DJ17: 555 | DM17: 580 | DN17: 650 | DP17: 845 | DR17: 515 | DS17: 485 | DT17: 300 | DU17: 310 | EA17: 665 | EF17: 550 | EG17: 315 | EM17: 45 | EO17: 360 | EP17: 260 | ER17: 335 | EV17: 705 | EW17: 225 | EY17: 365 | FC17: 665 | FF17: 425 | FJ17: 695 | FP17: 595 | FZ17: 185 | GE17: 615 | GF17: 310 | GG17: 315 | GJ17: 375 | GY17: 585 | GZ17: 765 | HB17: 120 | HG17: 140 | HV17: 330 | HW17: 140 | IR17: 190 | JC17: 420 | JG17: 270 | JW17: 370 | KU17: 335 | LP17: 1310 | MF17: 380 | OY17: 1140 | PF17: 75 | PK17: 225 | PQ17: 545 | RB17: 690 | SA17: 220 | SD17: 240 | SN17: 260 | SO17: 285
A18: Jeff P | KW18: 1155
A19: Jeremy | IG19: 400 | IY19: 645
A20: Jordan | IG20: 905 | IY20: 675
A21: Karenina | X21: 180 | Y21: 575 | AF21: 60 | AO21: 120 | AR21: 475 | DC21: 85 | EN21: 105 | FS21: 110 | FT21: 85 | FV21: 580 | HY21: 630 | IH21: 485 | KH21: 310 | KQ21: 505 | LF21: 715 | NV21: 345 | PR21: 305 | RE21: 800
A22: Karen | AP22: 705 | DX22: 180 | ET22: 150 | FD22: 280 | FG22: 235 | FH22: 170 | FI22: 295 | FQ22: 185 | FY22: 525 | HR22: 65 | HS22: 235 | IT22: 470 | JF22: 700 | KO22: 295 | KX22: 565 | LH22: 485 | LT22: 65 | MK22: 890 | NF22: 745 | OQ22: 430 | OR22: 220 | PH22: 870 | PU22: 365 | PV22: 515 | PZ22: 410 | RD22: 645 | RV22: 190 | RW22: 835 | RX22: 850 | SI22: 355 | SQ22: 620 | TB22: 55 | TR22: 325 | TS22: 700
A23: Kas | JF23: 695 | JT23: 365 | LH23: 775 | MI23: 370 | QV23: 830 | QZ23: 675
A24: Melissa | HI24: 740 | IP24: 585 | KG24: 215 | LE24: 740 | SJ24: 310
A25: Nancy | B25: 695 | C25: 335 | D25: 365 | E25: 450 | F25: 540 | G25: 175 | H25: 900 | I25: 675 | J25: 550 | K25: 260 | L25: 190 | M25: 430 | N25: 675 | O25: 410 | P25: 515 | Q25: 145 | R25: 265 | S25: 380 | T25: 275 | U25: 160 | V25: 75 | W25: 695 | X25: 325 | Y25: 445 | AA25: 400 | AB25: 235 | AC25: 145 | AD25: 245 | AE25: 145 | AF25: 640 | AG25: 390 | AH25: 185 | AI25: 520 | AJ25: 730 | AK25: 480 | AL25: 150 | AM25: 520 | AN25: 360 | AP25: 285 | AQ25: 520 | AR25: 640 | AS25: 370 | AT25: 460 | AU25: 470 | AV25: 230 | AW25: 550 | AX25: 460 | AY25: 370 | AZ25: 250 | BA25: 325 | BB25: 195 | BC25: 405 | BD25: 310 | BE25: 630 | BF25: 165 | BG25: 205 | BI25: 325 | BJ25: 500 | BK25: 600 | BL25: 45 | BM25: 580 | BN25: 164 | BO25: 245 | BP25: 305 | BQ25: 215 | BR25: 485 | BS25: 190 | BT25: 255 | BU25: 90 | BV25: 520 | BW25: 235 | BX25: 375 | BY25: 205 | BZ25: 495 | CA25: 405 | CB25: 505 | CC25: 540 | CD25: 240 | CE25: 310 | CF25: 425 | CG25: 385 | CH25: 555 | CJ25: 555 | CK25: 455 | CM25: 270 | CO25: 295 | CP25: 330 | CQ25: 315 | CR25: 510 | CS25: 380 | CT25: 130 | CU25: 700 | CW25: 615 | CX25: 830 | CY25: 225 | CZ25: 420 | DA25: 365 | DB25: 885 | DC25: 65 | DD25: 470 | DE25: 220 | DF25: 795 | DG25: 95 | DI25: 590 | DJ25: 510 | DK25: 225 | DL25: 315 | DM25: 320 | DN25: 705 | DO25: 230 | DP25: 560 | DQ25: 660 | DR25: 330 | DS25: 500 | DT25: 240 | DU25: 560 | DV25: 535 | DW25: 460 | DX25: 185 | DY25: 380 | DZ25: 455 | EA25: 510 | EB25: 210 | EC25: 145 | ED25: 485 | EE25: 480 | EF25: 340 | EG25: 250 | EH25: 485 | EI25: 655 | EJ25: 375 | EK25: 355 | EL25: 335 | EM25: 235 | EN25: 215 | EO25: 310 | EP25: 350 | EQ25: 520 | ER25: 150 | ES25: 420 | ET25: 105 | EU25: 560 | EV25: 575 | EX25: 385 | EY25: 270 | EZ25: 420 | FA25: 215 | FB25: 140 | FC25: 300 | FD25: 245 | FF25: 480 | FG25: 430 | FH25: 290 | FI25: 180 | FJ25: 925 | FK25: 695 | FL25: 190 | FM25: 320 | FN25: 460 | FO25: 145 | FP25: 445 | FR25: 420 | FS25: 330 | FT25: 200 | FU25: 435 | FV25: 360 | FW25: 100 | FX25: 380 | FY25: 435 | FZ25: 400 | GA25: 400 | GB25: 385 | GC25: 290 | GD25: 290 | GE25: 680 | GF25: 460 | GG25: 480 | GH25: 565 | GI25: 290 | GK25: 435 | GL25: 475 | GM25: 390 | GN25: 390 | GO25: 720 | GP25: 35 | GQ25: 240 | GR25: 240 | GS25: 205 | GT25: 520 | GU25: 520 | GV25: 400 | GW25: 545 | GX25: 455 | GY25: 265 | GZ25: 265 | HA25: 260 | HB25: 300 | HC25: 325 | HD25: 40 | HE25: 525 | HF25: 235 | HG25: 810 | HH25: 255 | HI25: 360 | HJ25: 675 | HK25: 310 | HL25: 185 | HM25: 280 | HN25: 300 | HO25: 195 | HP25: 475 | HQ25: 285 | HS25: 170 | HT25: 345 | HU25: 450 | HW25: 465 | HX25: 330 | HY25: 705 | HZ25: 500 | IA25: 165 | IB25: 375 | IC25: 460 | ID25: 265 | IE25: 655 | IF25: 375 | IG25: 865 | IH25: 510 | II25: 185 | IJ25: 570 | IK25: 110 | IL25: 310 | IM25: 165 | IN25: 340 | IO25: 590 | IP25: 595 | IQ25: 290 | IR25: 260 | IS25: 460 | IT25: 220 | IU25: 580 | IV25: 605 | IW25: 350 | IX25: 285 | IY25: 390 | IZ25: 210 | JA25: 260 | JB25: 125 | JD25: 600 | JE25: 155 | JF25: 745 | JH25: 440 | JI25: 605 | JJ25: 285 | JK25: 270 | JL25: 760 | JM25: 130 | JN25: 465 | JO25: 740 | JP25: 575 | JQ25: 840 | JR25: 320 | JS25: 205 | JT25: 435 | JU25: 290 | JV25: 645 | JX25: 85 | JY25: 690 | JZ25: 495 | KA25: 395 | KB25: 365 | KC25: 330 | KD25: 230 | KE25: 265 | KF25: 310 | KG25: 405 | KH25: 515 | KI25: 235 | KJ25: 225 | KK25: 680 | KL25: 365 | KM25: 630 | KN25: 230 | KO25: 395 | KP25: 225 | KQ25: 130 | KR25: 435 | KS25: 290 | KT25: 665 | KU25: 335 | KV25: 135 | KW25: 385 | KX25: 225 | KY25: 140 | KZ25: 400 | LA25: 390 | LB25: 315 | LC25: 535 | LD25: 230 | LE25: 430 | LF25: 505 | LG25: 450 | LH25: 870 | LI25: 340 | LJ25: 135 | LK25: 460 | LL25: 660 | LM25: 505 | LN25: 415 | LO25: 130 | LP25: 280 | LQ25: 560 | LR25: 345 | LS25: 435 | LT25: 125 | LU25: 715 | LV25: 320 | LW25: 30 | LX25: 530 | LY25: 725 | LZ25: 415 | MA25: 355 | MB25: 510 | MC25: 335 | MD25: 490 | ME25: 470 | MF25: 870 | MI25: 795 | MJ25: 530 | MK25: 390 | MM25: 435 | MN25: 370 | MO25: 240 | MP25: 305 | MQ25: 895 | MR25: 340 | MS25: 280 | MT25: 410 | MU25: 525 | MV25: 450 | MW25: 385 | MX25: 150 | MY25: 490 | MZ25: 275 | NA25: 275 | NB25: 165 | NC25: 455 | ND25: 480 | NE25: 580 | NG25: 265 | NH25: 585 | NI25: 325 | NJ25: 605 | NK25: 505 | NL25: 460 | NM25: 180 | NN25: 630 | NO25: 165 | NQ25: 300 | NR25: 475 | NS25: 510 | NT25: 165 | NU25: 190 | NV25: 900 | NW25: 290 | NX25: 290 | NY25: 595 | NZ25: 485 | OA25: 375 | OB25: 630 | OC25: 790 | OD25: 460 | OE25: 275 | OF25: 365 | OG25: 370 | OH25: 570 | OI25: 315 | OJ25: 355 | OK25: 230 | OL25: 535 | OM25: 655 | ON25: 470 | OO25: 485 | OP25: 110 | OQ25: 490 | OR25: 485 | OS25: 400 | OT25: 840 | OU25: 695 | OV25: 1100 | OW25: 210 | OX25: 200 | OY25: 420 | OZ25: 220 | PA25: 385 | PB25: 355 | PC25: 420 | PD25: 490 | PE25: 410 | PF25: 235 | PG25: 675 | PH25: 170 | PI25: 240 | PJ25: 840 | PK25: 415 | PL25: 480 | PM25: 150 | PN25: 620 | PO25: 310 | PP25: 425 | PQ25: 690 | PS25: 385 | PT25: 180 | PU25: 815 | PV25: 310 | PW25: 440 | PX25: 325 | PY25: 135 | PZ25: 370 | QA25: 275 | QB25: 735 | QC25: 85 | QD25: 630 | QE25: 615 | QF25: 330 | QG25: 325 | QH25: 290 | QI25: 615 | QJ25: 945 | QK25: 700 | QL25: 440 | QM25: 560 | QN25: 615 | QO25: 225 | QP25: 385 | QQ25: 235 | QR25: 575 | QS25: 150 | QT25: 160 | QU25: 100 | QW25: 830 | QX25: 450 | QY25: 495 | QZ25: 375 | RA25: 460 | RB25: 315 | RC25: 510 | RD25: 545 | RE25: 330 | RF25: 250 | RG25: 120 | RH25: 220 | RI25: 555 | RJ25: 630 | RK25: 330 | RL25: 495 | RM25: 375 | RN25: 450 | RO25: 670 | RP25: 590 | RQ25: 110 | RR25: 415 | RS25: 130 | RT25: 420 | RU25: 515 | RV25: 175 | RW25: 180 | RX25: 350 | RY25: 325 | RZ25: 545 | SA25: 390 | SB25: 205 | SC25: 405 | SD25: 735 | SE25: 545 | SF25: 555 | SG25: 345 | SH25: 620 | SI25: 420 | SJ25: 460 | SK25: 300 | SL25: 495 | SM25: 640 | SN25: 535 | SO25: 515 | SP25: 415 | SQ25: 375 | SR25: 710 | SS25: 290 | ST25: 300 | SU25: 290 | SV25: 605 | SW25: 520 | SX25: 160 | SY25: 1055 | SZ25: 790 | TA25: 290 | TB25: 240 | TC25: 285 | TD25: 755 | TE25: 445 | TF25: 605 | TG25: 695 | TH25: 205 | TI25: 365 | TJ25: 605 | TK25: 325 | TL25: 345 | TM25: 290 | TN25: 525 | TO25: 315 | TP25: 405 | TQ25: 615 | TR25: 255 | TS25: 515
A26: Ray | BG26: 775 | EI26: 385 | EM26: 110 | MF26: 380
A27: Sally | C27: 775 | K27: 240 | O27: 380 | P27: 800 | Q27: 345 | S27: 650 | Z27: 400 | AC27: 120 | AP27: 605 | AX27: 250 | AY27: 515 | BD27: 110 | BE27: 1165 | BF27: 310 | BS27: 255 | BU27: 470 | BY27: 170 | BZ27: 580 | CA27: 105 | CB27: 310 | CC27: 280 | CD27: 445 | CE27: 765 | CG27: 830 | DE27: 215 | DF27: 825 | DQ27: 325 | DW27: 475 | DX27: 405 | DY27: 815 | DZ27: 250 | EC27: 460 | ED27: 385 | ES27: 40 | ET27: 565 | FD27: 250 | FE27: 120 | FG27: 380 | FH27: 480 | FI27: 660 | FL27: 855 | FM27: 555 | FN27: 405 | FQ27: 50 | FR27: 270 | FS27: 505 | FW27: 240 | FY27: 250 | FZ27: 515 | GA27: 265 | GB27: 355 | GC27: 465 | GH27: 400 | GI27: 390 | GK27: 310 | GL27: 280 | GM27: 270 | GN27: 250 | GO27: 475 | GS27: 615 | GT27: 380 | GU27: 470 | GV27: 595 | GW27: 450 | GX27: 445 | HK27: 745 | HL27: 115 | HR27: 160 | HS27: 270 | IB27: 715 | IC27: 350 | ID27: 110 | IE27: 435 | IK27: 420 | IT27: 495 | IX27: 90 | JF27: 835 | JP27: 705 | JQ27: 595 | JS27: 370 | KL27: 560 | KM27: 680 | KN27: 505 | KO27: 420 | KR27: 410 | KX27: 1030 | KY27: 165 | KZ27: 420 | LA27: 250 | LB27: 220 | LC27: 340 | LD27: 560 | LK27: 325 | LL27: 810 | LM27: 605 | LN27: 450 | LO27: 360 | LP27: 665 | LQ27: 880 | LR27: 400 | LS27: 410 | LT27: 320 | LU27: 385 | LV27: 115 | LW27: 425 | LX27: 380 | LY27: 275 | LZ27: 530 | MA27: 1185 | MB27: 610 | MC27: 480 | MD27: 440 | MO27: 245 | MP27: 785 | MQ27: 440 | MR27: 600 | MS27: 450 | MT27: 460 | MU27: 225 | MV27: 555 | MW27: 585 | MX27: 255 | MY27: 590 | MZ27: 510 | NA27: 165 | NB27: 230 | NC27: 610 | ND27: 250 | NE27: 1070 | NF27: 755 | NL27: 465 | NM27: 215 | NN27: 205 | OA27: 540 | OB27: 460 | OD27: 405 | OE27: 705 | OF27: 520 | OG27: 425 | OH27: 525 | OI27: 630 | OJ27: 240 | OK27: 150 | OQ27: 445 | OV27: 880 | OW27: 315 | PA27: 505 | PB27: 255 | PC27: 315 | PD27: 405 | PE27: 355 | PH27: 210 | PU27: 505 | PV27: 665 | PY27: 585 | PZ27: 495 | QC27: 330 | QE27: 390 | QF27: 455 | QL27: 505 | QM27: 210 | QN27: 385 | QP27: 320 | QQ27: 425 | QR27: 635 | RD27: 620 | RG27: 585 | RH27: 330 | RI27: 365 | RJ27: 840 | RK27: 455 | RL27: 505 | RM27: 230 | RN27: 470 | RO27: 1025 | RP27: 405 | RQ27: 300 | RR27: 635 | RS27: 715 | RT27: 645 | RU27: 415 | RV27: 525 | RW27: 705 | RX27: 535 | SE27: 425 | SF27: 445 | SI27: 165 | SK27: 400 | SL27: 720 | SM27: 230 | SQ27: 530 | SR27: 305 | SS27: 395 | SV27: 360 | SW27: 835 | TB27: 145 | TC27: 230 | TD27: 425 | TH27: 355 | TI27: 230 | TJ27: 860 | TK27: 215 | TN27: 235 | TO27: 365 | TP27: 495 | TQ27: 250 | TR27: 90
A28: Sandy | B28: 700 | V28: 420 | W28: 780 | X28: 185 | Y28: 895 | AL28: 565 | AO28: 320 | AQ28: 495 | AR28: 565 | AW28: 800 | BA28: 710 | BB28: 315 | BH28: 255 | BI28: 415 | BK28: 480 | BR28: 525 | CG28: 555 | CI28: 330 | CL28: 40 | CM28: 870 | CN28: 400 | CQ28: 290 | CS28: 295 | CT28: 305 | CU28: 310 | CV28: 535 | CW28: 570 | CX28: 745 | CY28: 615 | DA28: 790 | DB28: 540 | DC28: 305 | DD28: 200 | DE28: 300 | DF28: 485 | DH28: 430 | DI28: 530 | DK28: 485 | DL28: 240 | DN28: 435 | DO28: 435 | DQ28: 255 | DV28: 690 | ED28: 605 | EE28: 950 | EH28: 175 | EL28: 365 | EN28: 550 | EQ28: 80 | EU28: 480 | EW28: 375 | EX28: 565 | FP28: 720 | FT28: 310 | FV28: 675 | FX28: 820 | GD28: 400 | GJ28: 335 | GW28: 580 | HA28: 1085 | HC28: 420 | HE28: 680 | HJ28: 705 | HM28: 705 | HV28: 375 | HX28: 645 | HY28: 660 | IH28: 480 | II28: 310 | IM28: 365 | IO28: 410 | IQ28: 350 | IS28: 465 | IW28: 825 | JC28: 390 | JG28: 425 | JH28: 660 | JJ28: 495 | JL28: 840 | JP28: 705 | JY28: 390 | JZ28: 660 | KC28: 170 | KD28: 630 | KH28: 195 | KJ28: 275 | KQ28: 185 | LF28: 315 | LJ28: 475 | LM28: 215 | LQ28: 345 | LU28: 220 | MF28: 395 | MG28: 360 | MH28: 150 | MI28: 820 | ML28: 985 | NC28: 515 | NK28: 445 | NP28: 855 | NR28: 465 | NT28: 940 | NV28: 365 | NX28: 775 | NZ28: 545 | OM28: 490 | OP28: 265 | OT28: 890 | OU28: 540 | OW28: 385 | PB28: 530 | PG28: 640 | PI28: 285 | PL28: 1050 | PM28: 460 | PR28: 140 | PT28: 440 | PW28: 625 | PX28: 435 | QG28: 675 | QI28: 545 | QJ28: 110 | QO28: 285 | QU28: 380 | QV28: 285 | QX28: 620 | QZ28: 490 | RC28: 340 | RE28: 765 | RJ28: 810 | RO28: 625 | RZ28: 495 | SC28: 490 | SH28: 420 | SZ28: 1120 | TA28: 380 | TE28: 795 | TF28: 380
A29: Sara | C29: 225 | T29: 940 | AJ29: 490 | AV29: 115 | AY29: 390 | BG29: 545 | BQ29: 385 | CH29: 605 | DW29: 445 | EB29: 45 | EJ29: 475 | ET29: 60 | FD29: 180 | FE29: 65 | FK29: 90 | FO29: 260 | FU29: 305 | FY29: 275 | GA29: 315 | GG29: 460 | GP29: 480 | HD29: 385 | HR29: 235 | KO29: 455 | MK29: 890 | TC29: 445
A30: Scott | LT30: 380
A31: Simon | AF31: 100 | AR31: 670 | HY31: 605
A32: Susan | AY32: 510 | DW32: 210 | DX32: 305 | FE32: 75 | FG32: 1070 | FH32: 730 | FI32: 410 | FL32: 230 | FM32: 725 | FN32: 365 | FQ32: 135 | GT32: 825 | KO32: 395 | KR32: 440 | MT32: 680 | MU32: 335 | MV32: 215 | MW32: 255 | NL32: 735 | NM32: 640 | NN32: 780 | RD32: 485 | SV32: 305 | SW32: 180 | TB32: 110 | TC32: 655
A33: Terry | MK33: 369 | NU33: 475
A34: Zach | GP34: 20
A36: Min | B36: 520 | C36: 225 | D36: 300 | E36: 195 | F36: 65 | G36: 130 | H36: 280 | I36: 225 | J36: 190 | K36: 235 | L36: 165 | M36: 370 | N36: 330 | O36: 380 | P36: 250 | Q36: 80 | R36: 95 | S36: 380 | T36: 275 | U36: 160 | V36: 75 | W36: 260 | X36: 180 | Y36: 420 | Z36: 400 | AA36: 95 | AB36: 100 | AC36: 120 | AD36: 155 | AE36: 145 | AF36: 60 | AG36: 125 | AH36: 175 | AI36: 455 | AJ36: 375 | AK36: 480 | AL36: 150 | AM36: 500 | AN36: 110 | AO36: 120 | AP36: 285 | AQ36: 125 | AR36: 475 | AS36: 130 | AT36: 180 | AU36: 270 | AV36: 115 | AW36: 100 | AX36: 250 | AY36: 370 | AZ36: 105 | BA36: 315 | BB36: 195 | BC36: 405 | BD36: 110 | BE36: 420 | BF36: 165 | BG36: 205 | BH36: 125 | BI36: 235 | BJ36: 385 | BK36: 465 | BL36: 40 | BM36: 315 | BN36: 70 | BO36: 175 | BP36: 235 | BQ36: 195 | BR36: 80 | BS36: 190 | BT36: 255 | BU36: 90 | BV36: 520 | BW36: 235 | BX36: 295 | BY36: 170 | BZ36: 180 | CA36: 105 | CB36: 310 | CC36: 280 | CD36: 240 | CE36: 310 | CF36: 380 | CG36: 385 | CH36: 150 | CI36: 105 | CJ36: 415 | CK36: 300 | CL36: 40 | CM36: 270 | CN36: 310 | CO36: 295 | CP36: 150 | CQ36: 70 | CR36: 395 | CS36: 295 | CT36: 130 | CU36: 310 | CV36: 250 | CW36: 290 | CX36: 475 | CY36: 225 | CZ36: 370 | DA36: 365 | DB36: 540 | DC36: 65 | DD36: 200 | DE36: 215 | DF36: 210 | DG36: 15 | DH36: 200 | DI36: 210 | DJ36: 245 | DK36: 155 | DL36: 240 | DM36: 320 | DN36: 270 | DO36: 230 | DP36: 185 | DQ36: 255 | DR36: 170 | DS36: 190 | DT36: 235 | DU36: 310 | DV36: 150 | DW36: 25 | DX36: 180 | DY36: 380 | DZ36: 250 | EA36: 375 | EB36: 45 | EC36: 5 | ED36: 335 | EE36: 425 | EF36: 260 | EG36: 250 | EH36: 175 | EI36: 370 | EJ36: 130 | EK36: 355 | EL36: 165 | EM36: 45 | EN36: 5 | EO36: 255 | EP36: 15 | EQ36: 80 | ER36: 75 | ES36: 40 | ET36: 60 | EU36: 245 | EV36: 310 | EW36: 170 | EX36: 295 | EY36: 205 | EZ36: 420 | FA36: 215 | FB36: 140 | FC36: 220 | FD36: 115 | FE36: 65 | FF36: 425 | FG36: 235 | FH36: 170 | FI36: 180 | FJ36: 475 | FK36: 90 | FL36: 190 | FM36: 320 | FN36: 195 | FO36: 70 | FP36: 445 | FQ36: 50 | FR36: 270 | FS36: 110 | FT36: 35 | FU36: 300 | FV36: 215 | FW36: 100 | FX36: 310 | FY36: 235 | FZ36: 185 | GA36: 265 | GB36: 215 | GC36: 210 | GD36: 290 | GE36: 335 | GF36: 310 | GG36: 315 | GH36: 400 | GI36: 290 | GJ36: 335 | GK36: 310 | GL36: 280 | GM36: 270 | GN36: 250 | GO36: 470 | GP36: 20 | GQ36: 240 | GR36: 240 | GS36: 205 | GT36: 380 | GU36: 320 | GV36: 400 | GW36: 250 | GX36: 350 | GY36: 265 | GZ36: 265 | HA36: 185 | HB36: 120 | HC36: 225 | HD36: 40 | HE36: 300 | HF36: 235 | HG36: 140 | HH36: 255 | HI36: 290 | HJ36: 340 | HK36: 170 | HL36: 115 | HM36: 280 | HN36: 300 | HO36: 195 | HP36: 300 | HQ36: 200 | HR36: 65 | HS36: 20 | HT36: 345 | HU36: 450 | HV36: 330 | HW36: 140 | HX36: 250 | HY36: 160 | HZ36: 500 | IA36: 165 | IB36: 190 | IC36: 345 | ID36: 110 | IE36: 355 | IF36: 340 | IG36: 400 | IH36: 350 | II36: 150 | IJ36: 230 | IK36: 110 | IL36: 185 | IM36: 165 | IN36: 25 | IO36: 345 | IP36: 350 | IQ36: 220 | IR36: 105 | IS36: 365 | IT36: 220 | IU36: 105 | IV36: 300 | IW36: 340 | IX36: 90 | IY36: 390 | IZ36: 210 | JA36: 200 | JB36: 45 | JC36: 390 | JD36: 305 | JE36: 155 | JF36: 230 | JG36: 270 | JH36: 440 | JI36: 310 | JJ36: 175 | JK36: 240 | JL36: 395 | JM36: 130 | JN36: 225 | JO36: 160 | JP36: 195 | JQ36: 345 | JR36: 175 | JS36: 205 | JT36: 225 | JU36: 290 | JV36: 440 | JW36: 290 | JX36: 85 | JY36: 235 | JZ36: 495 | KA36: 345 | KB36: 150 | KC36: 170 | KD36: 230 | KE36: 205 | KF36: 170 | KG36: 215 | KH36: 195 | KI36: 220 | KJ36: 225 | KK36: 335 | KL36: 335 | KM36: 115 | KN36: 230 | KO36: 295 | KP36: 80 | KQ36: 130 | KR36: 410 | KS36: 290 | KT36: 295 | KU36: 190 | KV36: 135 | KW36: 225 | KX36: 225 | KY36: 140 | KZ36: 215 | LA36: 250 | LB36: 220 | LC36: 340 | LD36: 135 | LE36: 315 | LF36: 315 | LG36: 310 | LH36: 390 | LI36: 325 | LJ36: 135 | LK36: 165 | LL36: 440 | LM36: 215 | LN36: 270 | LO36: 130 | LP36: 280 | LQ36: 345 | LR36: 345 | LS36: 260 | LT36: 65 | LU36: 220 | LV36: 115 | LW36: 30 | LX36: 380 | LY36: 275 | LZ36: 245 | MA36: 355 | MB36: 510 | MC36: 220 | MD36: 435 | ME36: 240 | MF36: 380 | MG36: 360 | MH36: 75 | MI36: 365 | MJ36: 265 | MK36: 275 | ML36: 165 | MM36: 365 | MN36: 370 | MO36: 240 | MP36: 305 | MQ36: 250 | MR36: 305 | MS36: 280 | MT36: 360 | MU36: 220 | MV36: 215 | MW36: 255 | MX36: 150 | MY36: 190 | MZ36: 95 | NA36: 165 | NB36: 165 | NC36: 325 | ND36: 250 | NE36: 100 | NF36: 465 | NG36: 265 | NH36: 155 | NI36: 195 | NJ36: 445 | NK36: 440 | NL36: 460 | NM36: 180 | NN36: 140 | NO36: 165 | NP36: 240 | NQ36: 260 | NR36: 165 | NS36: 250 | NT36: 165 | NU36: 190 | NV36: 345 | NW36: 290 | NX36: 290 | NY36: 135 | NZ36: 280 | OA36: 325 | OB36: 460 | OC36: 260 | OD36: 325 | OE36: 190 | OF36: 320 | OG36: 370 | OH36: 180 | OI36: 315 | OJ36: 240 | OK36: 150 | OL36: 245 | OM36: 160 | ON36: 165 | OO36: 305 | OP36: 110 | OQ36: 170 | OR36: 220 | OS36: 400 | OT36: 295 | OU36: 375 | OV36: 335 | OW36: 210 | OX36: 200 | OY36: 420 | OZ36: 205 | PA36: 380 | PB36: 255 | PC36: 210 | PD36: 265 | PE36: 330 | PF36: 75 | PG36: 170 | PH36: 170 | PI36: 240 | PJ36: 215 | PK36: 225 | PL36: 480 | PM36: 150 | PN36: 340 | PO36: 310 | PP36: 260 | PQ36: 320 | PR36: 140 | PS36: 375 | PT36: 180 | PU36: 365 | PV36: 310 | PW36: 440 | PX36: 110 | PY36: 135 | PZ36: 370 | QA36: 275 | QB36: 200 | QC36: 85 | QD36: 310 | QE36: 245 | QF36: 260 | QG36: 295 | QH36: 200 | QI36: 265 | QJ36: 110 | QK36: 380 | QL36: 325 | QM36: 210 | QN36: 360 | QO36: 225 | QP36: 320 | QQ36: 220 | QR36: 575 | QS36: 150 | QT36: 160 | QU36: 100 | QV36: 230 | QW36: 345 | QX36: 315 | QY36: 280 | QZ36: 375 | RA36: 90 | RB36: 80 | RC36: 340 | RD36: 485 | RE36: 330 | RF36: 250 | RG36: 120 | RH36: 220 | RI36: 205 | RJ36: 325 | RK36: 200 | RL36: 495 | RM36: 230 | RN36: 340 | RO36: 450 | RP36: 350 | RQ36: 110 | RR36: 200 | RS36: 130 | RT36: 420 | RU36: 300 | RV36: 175 | RW36: 180 | RX36: 350 | RY36: 210 | RZ36: 285 | SA36: 220 | SB36: 205 | SC36: 365 | SD36: 135 | SE36: 260 | SF36: 255 | SG36: 270 | SH36: 320 | SI36: 165 | SJ36: 155 | SK36: 300 | SL36: 215 | SM36: 230 | SN36: 260 | SO36: 285 | SP36: 415 | SQ36: 360 | SR36: 150 | SS36: 265 | ST36: 300 | SU36: 185 | SV36: 290 | SW36: 180 | SX36: 160 | SY36: 245 | SZ36: 455 | TA36: 290 | TB36: 55 | TC36: 230 | TD36: 235 | TE36: 435 | TF36: 185 | TG36: 345 | TH36: 160 | TI36: 230 | TJ36: 195 | TK36: 190 | TL36: 345 | TM36: 135 | TN36: 235 | TO36: 190 | TP36: 330 | TQ36: 50 | TR36: 90 | TS36: 185
A37: Max | B37: 765 | C37: 775 | D37: 510 | E37: 795 | F37: 540 | G37: 175 | H37: 900 | I37: 675 | J37: 550 | K37: 400 | L37: 400 | M37: 465 | N37: 675 | O37: 630 | P37: 800 | Q37: 345 | R37: 265 | S37: 650 | T37: 940 | U37: 490 | V37: 465 | W37: 780 | X37: 325 | Y37: 895 | Z37: 575 | AA37: 775 | AB37: 495 | AC37: 375 | AD37: 655 | AE37: 335 | AF37: 640 | AG37: 720 | AH37: 625 | AI37: 595 | AJ37: 730 | AK37: 905 | AL37: 950 | AM37: 665 | AN37: 360 | AO37: 510 | AP37: 705 | AQ37: 520 | AR37: 715 | AS37: 620 | AT37: 485 | AU37: 480 | AV37: 230 | AW37: 800 | AX37: 460 | AY37: 515 | AZ37: 455 | BA37: 710 | BB37: 560 | BC37: 725 | BD37: 310 | BE37: 1165 | BF37: 310 | BG37: 775 | BH37: 255 | BI37: 595 | BJ37: 600 | BK37: 1080 | BL37: 525 | BM37: 640 | BN37: 210 | BO37: 360 | BP37: 480 | BQ37: 385 | BR37: 725 | BS37: 390 | BT37: 1020 | BU37: 530 | BV37: 735 | BW37: 390 | BX37: 380 | BY37: 245 | BZ37: 580 | CA37: 405 | CB37: 550 | CC37: 540 | CD37: 445 | CE37: 765 | CF37: 840 | CG37: 830 | CH37: 675 | CI37: 330 | CJ37: 765 | CK37: 760 | CL37: 350 | CM37: 870 | CN37: 520 | CO37: 620 | CP37: 380 | CQ37: 315 | CR37: 510 | CS37: 660 | CT37: 565 | CU37: 700 | CV37: 805 | CW37: 615 | CX37: 895 | CY37: 790 | CZ37: 585 | DA37: 790 | DB37: 885 | DC37: 305 | DD37: 470 | DE37: 630 | DF37: 825 | DG37: 170 | DH37: 430 | DI37: 590 | DJ37: 555 | DK37: 485 | DL37: 850 | DM37: 795 | DN37: 705 | DO37: 555 | DP37: 845 | DQ37: 670 | DR37: 515 | DS37: 590 | DT37: 385 | DU37: 560 | DV37: 690 | DW37: 475 | DX37: 405 | DY37: 815 | DZ37: 455 | EA37: 670 | EB37: 335 | EC37: 460 | ED37: 605 | EE37: 950 | EF37: 675 | EG37: 555 | EH37: 520 | EI37: 655 | EJ37: 565 | EK37: 430 | EL37: 435 | EM37: 395 | EN37: 550 | EO37: 360 | EP37: 350 | EQ37: 590 | ER37: 335 | ES37: 515 | ET37: 565 | EU37: 615 | EV37: 705 | EW37: 375 | EX37: 565 | EY37: 675 | EZ37: 945 | FA37: 360 | FB37: 295 | FC37: 665 | FD37: 280 | FE37: 120 | FF37: 895 | FG37: 1070 | FH37: 730 | FI37: 660 | FJ37: 925 | FK37: 695 | FL37: 855 | FM37: 725 | FN37: 460 | FO37: 260 | FP37: 820 | FQ37: 185 | FR37: 420 | FS37: 505 | FT37: 310 | FU37: 485 | FV37: 675 | FW37: 240 | FX37: 820 | FY37: 525 | FZ37: 740 | GA37: 400 | GB37: 405 | GC37: 580 | GD37: 725 | GE37: 680 | GF37: 460 | GG37: 645 | GH37: 565 | GI37: 390 | GJ37: 540 | GK37: 435 | GL37: 475 | GM37: 390 | GN37: 390 | GO37: 720 | GP37: 480 | GQ37: 745 | GR37: 925 | GS37: 615 | GT37: 825 | GU37: 520 | GV37: 595 | GW37: 655 | GX37: 455 | GY37: 585 | GZ37: 765 | HA37: 1085 | HB37: 320 | HC37: 420 | HD37: 385 | HE37: 680 | HF37: 655 | HG37: 810 | HH37: 745 | HI37: 740 | HJ37: 705 | HK37: 745 | HL37: 465 | HM37: 850 | HN37: 720 | HO37: 615 | HP37: 495 | HQ37: 630 | HR37: 235 | HS37: 270 | HT37: 555 | HU37: 705 | HV37: 605 | HW37: 465 | HX37: 645 | HY37: 705 | HZ37: 715 | IA37: 645 | IB37: 715 | IC37: 620 | ID37: 610 | IE37: 655 | IF37: 525 | IG37: 905 | IH37: 560 | II37: 435 | IJ37: 720 | IK37: 595 | IL37: 665 | IM37: 490 | IN37: 340 | IO37: 590 | IP37: 630 | IQ37: 620 | IR37: 260 | IS37: 465 | IT37: 495 | IU37: 580 | IV37: 605 | IW37: 885 | IX37: 285 | IY37: 675 | IZ37: 615 | JA37: 570 | JB37: 125 | JC37: 625 | JD37: 600 | JE37: 615 | JF37: 835 | JG37: 505 | JH37: 660 | JI37: 750 | JJ37: 495 | JK37: 270 | JL37: 840 | JM37: 380 | JN37: 650 | JO37: 740 | JP37: 705 | JQ37: 840 | JR37: 425 | JS37: 465 | JT37: 700 | JU37: 370 | JV37: 645 | JW37: 370 | JX37: 585 | JY37: 690 | JZ37: 660 | KA37: 750 | KB37: 530 | KC37: 680 | KD37: 630 | KE37: 400 | KF37: 595 | KG37: 545 | KH37: 610 | KI37: 385 | KJ37: 290 | KK37: 680 | KL37: 635 | KM37: 680 | KN37: 505 | KO37: 455 | KP37: 335 | KQ37: 505 | KR37: 710 | KS37: 710 | KT37: 665 | KU37: 335 | KV37: 265 | KW37: 1155 | KX37: 1030 | KY37: 835 | KZ37: 420 | LA37: 405 | LB37: 695 | LC37: 685 | LD37: 560 | LE37: 740 | LF37: 825 | LG37: 615 | LH37: 870 | LI37: 360 | LJ37: 475 | LK37: 460 | LL37: 810 | LM37: 680 | LN37: 845 | LO37: 360 | LP37: 1310 | LQ37: 880 | LR37: 735 | LS37: 435 | LT37: 380 | LU37: 715 | LV37: 490 | LW37: 750 | LX37: 620 | LY37: 725 | LZ37: 530 | MA37: 1185 | MB37: 610 | MC37: 480 | MD37: 640 | ME37: 555 | MF37: 870 | MG37: 540 | MH37: 260 | MI37: 820 | MJ37: 720 | MK37: 890 | ML37: 985 | MM37: 525 | MN37: 530 | MO37: 345 | MP37: 785 | MQ37: 895 | MR37: 600 | MS37: 450 | MT37: 680 | MU37: 525 | MV37: 555 | MW37: 585 | MX37: 480 | MY37: 590 | MZ37: 510 | NA37: 335 | NB37: 455 | NC37: 610 | ND37: 715 | NE37: 1070 | NF37: 755 | NG37: 595 | NH37: 585 | NI37: 575 | NJ37: 745 | NK37: 505 | NL37: 735 | NM37: 640 | NN37: 780 | NO37: 500 | NP37: 885 | NQ37: 450 | NR37: 675 | NS37: 560 | NT37: 940 | NU37: 475 | NV37: 900 | NW37: 615 | NX37: 775 | NY37: 595 | NZ37: 695 | OA37: 540 | OB37: 685 | OC37: 790 | OD37: 460 | OE37: 705 | OF37: 520 | OG37: 425 | OH37: 570 | OI37: 630 | OJ37: 445 | OK37: 245 | OL37: 535 | OM37: 655 | ON37: 470 | OO37: 515 | OP37: 390 | OQ37: 490 | OR37: 485 | OS37: 525 | OT37: 890 | OU37: 740 | OV37: 1100 | OW37: 675 | OX37: 680 | OY37: 1140 | OZ37: 415 | PA37: 505 | PB37: 595 | PC37: 435 | PD37: 640 | PE37: 410 | PF37: 405 | PG37: 675 | PH37: 870 | PI37: 740 | PJ37: 840 | PK37: 550 | PL37: 1050 | PM37: 560 | PN37: 620 | PO37: 530 | PP37: 535 | PQ37: 690 | PR37: 370 | PS37: 665 | PT37: 545 | PU37: 815 | PV37: 665 | PW37: 870 | PX37: 435 | PY37: 585 | PZ37: 780 | QA37: 625 | QB37: 735 | QC37: 330 | QD37: 630 | QE37: 615 | QF37: 455 | QG37: 675 | QH37: 500 | QI37: 615 | QJ37: 945 | QK37: 700 | QL37: 505 | QM37: 690 | QN37: 615 | QO37: 570 | QP37: 440 | QQ37: 425 | QR37: 755 | QS37: 385 | QT37: 255 | QU37: 380 | QV37: 830 | QW37: 830 | QX37: 620 | QY37: 1025 | QZ37: 880 | RA37: 655 | RB37: 690 | RC37: 545 | RD37: 645 | RE37: 800 | RF37: 535 | RG37: 585 | RH37: 450 | RI37: 555 | RJ37: 840 | RK37: 455 | RL37: 505 | RM37: 435 | RN37: 590 | RO37: 1025 | RP37: 590 | RQ37: 505 | RR37: 635 | RS37: 820 | RT37: 645 | RU37: 515 | RV37: 525 | RW37: 835 | RX37: 850 | RY37: 455 | RZ37: 805 | SA37: 635 | SB37: 305 | SC37: 730 | SD37: 735 | SE37: 545 | SF37: 555 | SG37: 1055 | SH37: 950 | SI37: 420 | SJ37: 610 | SK37: 480 | SL37: 720 | SM37: 640 | SN37: 535 | SO37: 640 | SP37: 815 | SQ37: 620 | SR37: 710 | SS37: 395 | ST37: 470 | SU37: 495 | SV37: 605 | SW37: 835 | SX37: 885 | SY37: 1055 | SZ37: 1120 | TA37: 950 | TB37: 450 | TC37: 655 | TD37: 755 | TE37: 795 | TF37: 665 | TG37: 695 | TH37: 355 | TI37: 410 | TJ37: 860 | TK37: 325 | TL37: 385 | TM37: 695 | TN37: 525 | TO37: 365 | TP37: 495 | TQ37: 615 | TR37: 325 | TS37: 700
A38: Winner | B38: Debby | C38: Sara | D38: Jeff M | E38: David | F38: David | G38: Debby | H38: Charlene | I38: David | J38: Charlene | K38: Debby | L38: Charlene | M38: Debby | N38: David | O38: Sally | P38: Charlene | Q38: Allyn | R38: Charlene | S38: Nancy | T38: Nancy | U38: Nancy | V38: Nancy | W38: Charlene | X38: Karenina | Y38: David | Z38: Sally | AA38: Charlene | AB38: David | AC38: Sally | AD38: Debby | AE38: Nancy | AF38: Karenina | AG38: Charlene | AH38: Charlene | AI38: David | AJ38: Allyn | AK38: Nancy | AL38: Nancy | AM38: Debby | AN38: Jeff M | AO38: Karenina | AP38: Nancy | AQ38: Charlene | AR38: Karenina | AS38: David | AT38: David | AU38: Debby | AV38: David | AW38: Charlene | AX38: Sally | AY38: Nancy | AZ38: David | BA38: Debby | BB38: Nancy | BC38: Nancy | BD38: David | BE38: David | BF38: Nancy | BG38: Nancy | BH38: Jeff M | BI38: Charlene | BJ38: Charlene | BK38: Charlene | BL38: David | BM38: David | BN38: David | BO38: David | BP38: Debby | BQ38: David | BR38: Charlene | BS38: Nancy | BT38: Nancy | BU38: Nancy | BV38: Nancy | BW38: Nancy | BX38: David | BY38: Sally | BZ38: David | CA38: Sally | CB38: Sally | CC38: Sally | CD38: Nancy | CE38: Nancy | CF38: Charlene | CG38: Nancy | CH38: David | CI38: Charlene | CJ38: Jeff M | CK38: Jeff M | CL38: Sandy | CM38: Nancy | CN38: David | CO38: Nancy | CP38: David | CQ38: David | CR38: Charlene | CS38: Sandy | CT38: Nancy | CU38: Sandy | CV38: Charlene | CW38: David | CX38: Debby | CY38: Nancy | CZ38: Charlene | DA38: Charlene | DB38: Sandy | DC38: Nancy | DD38: Sandy | DE38: Sally | DF38: Charlene | DG38: Jeff M | DH38: David | DI38: Charlene | DJ38: Charlene | DK38: Charlene | DL38: Sandy | DM38: Nancy | DN38: Charlene | DO38: Nancy | DP38: David | DQ38: Sandy | DR38: Debby | DS38: David | DT38: Charlene | DU38: Jeff M | DV38: Debby | DW38: Debby | DX38: Karen | DY38: Nancy | DZ38: Sally | EA38: David | EB38: Sara | EC38: David | ED38: David | EE38: Jan | EF38: Charlene | EG38: Nancy | EH38: Sandy | EI38: David | EJ38: David | EK38: David | EL38: David | EM38: Jeff M | EN38: David | EO38: David | EP38: David | EQ38: Sandy | ER38: David | ES38: Sally | ET38: Sara | EU38: Charlene | EV38: Charlene | EW38: Charlene | EX38: Charlene | EY38: Charlene | EZ38: Nancy | FA38: David | FB38: David | FC38: Charlene | FD38: David | FE38: Sara | FF38: Jeff M | FG38: Karen | FH38: Karen | FI38: Nancy | FJ38: David | FK38: Sara | FL38: Nancy | FM38: Nancy | FN38: David | FO38: David | FP38: Nancy | FQ38: Sally | FR38: Sally | FS38: Karenina | FT38: David | FU38: Debby | FV38: Charlene | FW38: Nancy | FX38: Charlene | FY38: David | FZ38: Jeff M | GA38: Sally | GB38: David | GC38: David | GD38: Nancy | GE38: Charlene | GF38: Jeff M | GG38: Jeff M | GH38: Sally | GI38: Nancy | GJ38: Sandy | GK38: Sally | GL38: Sally | GM38: Sally | GN38: Sally | GO38: David | GP38: Zach | GQ38: Nancy | GR38: Nancy | GS38: Nancy | GT38: Sally | GU38: David | GV38: Nancy | GW38: David | GX38: David | GY38: Nancy | GZ38: Nancy | HA38: David | HB38: Jeff M | HC38: David | HD38: Nancy | HE38: Charlene | HF38: Nancy | HG38: Jeff M | HH38: Nancy | HI38: David | HJ38: Debby | HK38: Candace | HL38: Sally | HM38: Nancy | HN38: Nancy | HO38: Nancy | HP38: David | HQ38: David | HR38: Karen | HS38: David | HT38: Nancy | HU38: Nancy | HV38: Jeff M | HW38: Jeff M | HX38: David | HY38: Charlene | HZ38: Nancy | IA38: Nancy | IB38: David | IC38: Charlene | ID38: Sally | IE38: David | IF38: Debby | IG38: Jeremy | IH38: David | II38: David | IJ38: Charlene | IK38: Nancy | IL38: David | IM38: Nancy | IN38: Debby | IO38: David | IP38: David | IQ38: Debby | IR38: David | IS38: Charlene | IT38: Nancy | IU38: David | IV38: Debby | IW38: Debby | IX38: Sally | IY38: Nancy | IZ38: Nancy | JA38: David | JB38: Charlene | JC38: Sandy | JD38: Charlene | JE38: Nancy | JF38: Debby | JG38: Jeff M | JH38: Nancy | JI38: David | JJ38: David | JK38: David | JL38: Debby | JM38: Nancy | JN38: Debby | JO38: Charlene | JP38: David | JQ38: David | JR38: Charlene | JS38: Nancy | JT38: Debby | JU38: Nancy | JV38: David | JW38: David | JX38: Nancy | JY38: Charlene | JZ38: Nancy | KA38: David | KB38: David | KC38: Sandy | KD38: Nancy | KE38: Charlene | KF38: David | KG38: Melissa | KH38: Sandy | KI38: Debby | KJ38: Charlene | KK38: David | KL38: Charlene | KM38: David | KN38: Nancy | KO38: Karen | KP38: David | KQ38: Nancy | KR38: Sally | KS38: Nancy | KT38: Charlene | KU38: David | KV38: Nancy | KW38: Charlene | KX38: Nancy | KY38: Nancy | KZ38: David | LA38: Sally | LB38: Sally | LC38: Sally | LD38: David | LE38: Jack | LF38: Sandy | LG38: David | LH38: Debby | LI38: Charlene | LJ38: Nancy | LK38: Charlene | LL38: David | LM38: Sandy | LN38: Charlene | LO38: Nancy | LP38: Nancy | LQ38: Sandy | LR38: Nancy | LS38: David | LT38: Karen | LU38: Sandy | LV38: Sally | LW38: Nancy | LX38: Sally | LY38: Sally | LZ38: David | MA38: Nancy | MB38: Nancy | MC38: David | MD38: David | ME38: Debby | MF38: Jeff M | MG38: Sandy | MH38: David | MI38: David | MJ38: Charlene | MK38: Debby | ML38: Charlene | MM38: Charlene | MN38: Nancy | MO38: Nancy | MP38: Nancy | MQ38: David | MR38: David | MS38: Nancy | MT38: David | MU38: David | MV38: Susan | MW38: Susan | MX38: Nancy | MY38: David | MZ38: David | NA38: Sally | NB38: Nancy | NC38: David | ND38: Sally | NE38: Charlene | NF38: David | NG38: Nancy | NH38: Debby | NI38: Charlene | NJ38: Debby | NK38: Debby | NL38: Nancy | NM38: Nancy | NN38: David | NO38: Nancy | NP38: Charlene | NQ38: Charlene | NR38: David | NS38: Debby | NT38: Nancy | NU38: Nancy | NV38: Karenina | NW38: Nancy | NX38: Nancy | NY38: Debby | NZ38: Charlene | OA38: Charlene | OB38: Sally | OC38: David | OD38: David | OE38: David | OF38: David | OG38: Nancy | OH38: David | OI38: Nancy | OJ38: Sally | OK38: Sally | OL38: Charlene | OM38: David | ON38: David | OO38: David | OP38: Nancy | OQ38: David | OR38: Karen | OS38: Nancy | OT38: David | OU38: Charlene | OV38: Charlene | OW38: Nancy | OX38: Nancy | OY38: Nancy | OZ38: Charlene | PA38: David | PB38: Sally | PC38: Charlene | PD38: Debby | PE38: Charlene | PF38: Jeff M | PG38: Charlene | PH38: Nancy | PI38: Nancy | PJ38: David | PK38: Jeff M | PL38: Nancy | PM38: Nancy | PN38: David | PO38: Nancy | PP38: Debby | PQ38: David | PR38: Sandy | PS38: Charlene | PT38: Nancy | PU38: Karen | PV38: Nancy | PW38: Nancy | PX38: Charlene | PY38: Nancy | PZ38: Nancy | QA38: Nancy | QB38: Debby | QC38: Nancy | QD38: Debby | QE38: David | QF38: David | QG38: David | QH38: David | QI38: David | QJ38: Sandy | QK38: Charlene | QL38: David | QM38: Sally | QN38: David | QO38: Nancy | QP38: Sally | QQ38: David | QR38: Nancy | QS38: Nancy | QT38: Nancy | QU38: Nancy | QV38: Debby | QW38: Debby | QX38: Charlene | QY38: David | QZ38: Nancy | RA38: Charlene | RB38: Charlene | RC38: Sandy | RD38: Susan | RE38: Nancy | RF38: Nancy | RG38: Nancy | RH38: Nancy | RI38: David | RJ38: Charlene | RK38: David | RL38: Nancy | RM38: Sally | RN38: Charlene | RO38: Charlene | RP38: Charlene | RQ38: Nancy | RR38: David | RS38: Nancy | RT38: Nancy | RU38: Charlene | RV38: Nancy | RW38: Nancy | RX38: Nancy | RY38: David | RZ38: Charlene | SA38: Jeff M | SB38: Nancy | SC38: David | SD38: David | SE38: David | SF38: David | SG38: Charlene | SH38: Charlene | SI38: Sally | SJ38: David | SK38: Nancy | SL38: David | SM38: Sally | SN38: Jeff M | SO38: Jeff M | SP38: Nancy | SQ38: David | SR38: David | SS38: David | ST38: Nancy | SU38: Debby | SV38: Charlene | SW38: Susan | SX38: Nancy | SY38: Charlene | SZ38: Debby | TA38: Nancy | TB38: Karen | TC38: Sally | TD38: David | TE38: Charlene | TF38: Charlene | TG38: Debby | TH38: David | TI38: Sally | TJ38: David | TK38: David | TL38: Nancy | TM38: Debby | TN38: Sally | TO38: David | TP38: David | TQ38: David | TR38: Sally | TS38: David
A39: Loser | B39: David | C39: Sally | D39: David | E39: Debby | F39: Nancy | G39: Nancy | H39: Nancy | I39: Nancy | J39: Nancy | K39: Charlene | L39: David | M39: Jeff M | N39: Nancy | O39: Debby | P39: Sally | Q39: Sally | R39: Nancy | S39: Sally | T39: Sara | U39: Allyn | V39: David | W39: Sandy | X39: Nancy | Y39: Sandy | Z39: Charlene | AA39: Jeff M | AB39: Debby | AC39: Debby | AD39: Jeff M | AE39: Debby | AF39: Nancy | AG39: Debby | AH39: David | AI39: Charlene | AJ39: Nancy | AK39: Jeff M | AL39: Debby | AM39: David | AN39: Nancy | AO39: Debby | AP39: Karen | AQ39: Nancy | AR39: David | AS39: Jake | AT39: Charlene | AU39: David | AV39: Nancy | AW39: Sandy | AX39: Nancy | AY39: Sally | AZ39: Debby | BA39: Sandy | BB39: Charlene | BC39: Jeff M | BD39: Nancy | BE39: Sally | BF39: Sally | BG39: Ray | BH39: Sandy | BI39: David | BJ39: Debby | BK39: David | BL39: Debby | BM39: Jeff M | BN39: Jeff M | BO39: Jeff M | BP39: David | BQ39: Sara | BR39: Espy | BS39: Debby | BT39: Charlene | BU39: David | BV39: Jeff M | BW39: David | BX39: Debby | BY39: David | BZ39: Sally | CA39: Nancy | CB39: David | CC39: Nancy | CD39: David | CE39: Sally | CF39: Jeff M | CG39: Sally | CH39: Charlene | CI39: Sandy | CJ39: Charlene | CK39: Charlene | CL39: Jeff M | CM39: Sandy | CN39: Jeff M | CO39: Charlene | CP39: Charlene | CQ39: Nancy | CR39: Nancy | CS39: David | CT39: Charlene | CU39: Nancy | CV39: Debby | CW39: Nancy | CX39: David | CY39: Charlene | CZ39: David | DA39: Sandy | DB39: Nancy | DC39: David | DD39: Nancy | DE39: Charlene | DF39: Sally | DG39: Charlene | DH39: Sandy | DI39: Nancy | DJ39: Jeff M | DK39: Sandy | DL39: David | DM39: Charlene | DN39: Nancy | DO39: David | DP39: Jeff M | DQ39: David | DR39: Jeff M | DS39: Charlene | DT39: David | DU39: Nancy | DV39: Sandy | DW39: Sally | DX39: Sally | DY39: Sally | DZ39: Nancy | EA39: Charlene | EB39: Clelia | EC39: Sally | ED39: Sandy | EE39: Sandy | EF39: David | EG39: Charlene | EH39: Charlene | EI39: Nancy | EJ39: Debby | EK39: Charlene | EL39: Charlene | EM39: Charlene | EN39: Sandy | EO39: Jeff M | EP39: Nancy | EQ39: Charlene | ER39: Jeff M | ES39: David | ET39: Sally | EU39: David | EV39: Jeff M | EW39: Sandy | EX39: Sandy | EY39: David | EZ39: David | FA39: Charlene | FB39: Debby | FC39: Jeff M | FD39: Karen | FE39: Sally | FF39: Charlene | FG39: Susan | FH39: Susan | FI39: Sally | FJ39: Nancy | FK39: Nancy | FL39: Sally | FM39: Susan | FN39: Nancy | FO39: Sara | FP39: David | FQ39: Karen | FR39: Nancy | FS39: Sally | FT39: Sandy | FU39: David | FV39: Sandy | FW39: Sally | FX39: Sandy | FY39: Karen | FZ39: David | GA39: Nancy | GB39: Charlene | GC39: Charlene | GD39: Charlene | GE39: Nancy | GF39: Nancy | GG39: Charlene | GH39: Nancy | GI39: Sally | GJ39: Charlene | GK39: Nancy | GL39: Nancy | GM39: Nancy | GN39: Nancy | GO39: Nancy | GP39: Sara | GQ39: Debby | GR39: Debby | GS39: Sally | GT39: Susan | GU39: Nancy | GV39: Sally | GW39: Charlene | GX39: Nancy | GY39: Jeff M | GZ39: Jeff M | HA39: Sandy | HB39: Charlene | HC39: Sandy | HD39: Sara | HE39: Sandy | HF39: David | HG39: Nancy | HH39: Debby | HI39: Melissa | HJ39: Sandy | HK39: Sally | HL39: David | HM39: Charlene | HN39: Charlene | HO39: Debby | HP39: Debby | HQ39: Debby | HR39: Sara | HS39: Sally | HT39: Charlene | HU39: Debby | HV39: Debby | HW39: Nancy | HX39: Sandy | HY39: Nancy | HZ39: Debby | IA39: Debby | IB39: Sally | IC39: Espy | ID39: David | IE39: Nancy | IF39: David | IG39: Jordan | IH39: Charlene | II39: Debby | IJ39: David | IK39: Charlene | IL39: Charlene | IM39: Debby | IN39: Nancy | IO39: Nancy | IP39: Jack | IQ39: Charlene | IR39: Nancy | IS39: Sandy | IT39: Sally | IU39: Nancy | IV39: Nancy | IW39: David | IX39: Nancy | IY39: Jordan | IZ39: David | JA39: Debby | JB39: Nancy | JC39: Debby | JD39: Nancy | JE39: Debby | JF39: Sally | JG39: David | JH39: Sandy | JI39: Charlene | JJ39: Sandy | JK39: Nancy | JL39: Sandy | JM39: Debby | JN39: Charlene | JO39: Nancy | JP39: Sally | JQ39: Nancy | JR39: Debby | JS39: Charlene | JT39: David | JU39: Debby | JV39: Nancy | JW39: Jeff M | JX39: Debby | JY39: Nancy | JZ39: Sandy | KA39: Allyn | KB39: Charlene | KC39: Charlene | KD39: Sandy | KE39: David | KF39: Debby | KG39: David | KH39: Charlene | KI39: David | KJ39: David | KK39: Nancy | KL39: David | KM39: Sally | KN39: Sally | KO39: Sara | KP39: Allyn | KQ39: Karenina | KR39: David | KS39: Debby | KT39: Nancy | KU39: Jeff M | KV39: David | KW39: Jeff P | KX39: Sally | KY39: Charlene | KZ39: Sally | LA39: David | LB39: David | LC39: Debby | LD39: Sally | LE39: Melissa | LF39: Charlene | LG39: Debby | LH39: Nancy | LI39: David | LJ39: Sandy | LK39: David | LL39: Sally | LM39: Charlene | LN39: Debby | LO39: Sally | LP39: Jeff M | LQ39: Sally | LR39: Charlene | LS39: Nancy | LT39: Scott | LU39: Nancy | LV39: David | LW39: David | LX39: David | LY39: Nancy | LZ39: Sally | MA39: Sally | MB39: Sally | MC39: Sally | MD39: Charlene | ME39: Charlene | MF39: Nancy | MG39: David | MH39: Charlene | MI39: Sandy | MJ39: David | MK39: Karen | ML39: Sandy | MM39: David | MN39: Debby | MO39: David | MP39: Sally | MQ39: Nancy | MR39: Sally | MS39: Sally | MT39: Susan | MU39: Nancy | MV39: Sally | MW39: Sally | MX39: David | MY39: Sally | MZ39: Sally | NA39: David | NB39: David | NC39: Sally | ND39: David | NE39: Sally | NF39: Sally | NG39: Charlene | NH39: Nancy | NI39: David | NJ39: David | NK39: Nancy | NL39: Susan | NM39: Susan | NN39: Susan | NO39: Debby | NP39: Debby | NQ39: Debby | NR39: Charlene | NS39: David | NT39: Sandy | NU39: Terry | NV39: Nancy | NW39: David | NX39: Sandy | NY39: Nancy | NZ39: Debby | OA39: Sally | OB39: Charlene | OC39: Nancy | OD39: Nancy | OE39: Sally | OF39: Sally | OG39: Sally | OH39: Nancy | OI39: Sally | OJ39: David | OK39: David | OL39: Nancy | OM39: Nancy | ON39: Nancy | OO39: Charlene | OP39: David | OQ39: Nancy | OR39: Nancy | OS39: David | OT39: Sandy | OU39: David | OV39: Nancy | OW39: David | OX39: Charlene | OY39: Jeff M | OZ39: David | PA39: Sally | PB39: David | PC39: David | PD39: David | PE39: Nancy | PF39: Charlene | PG39: Nancy | PH39: Karen | PI39: Charlene | PJ39: Nancy | PK39: David | PL39: Sandy | PM39: David | PN39: Nancy | PO39: David | PP39: Charlene | PQ39: Nancy | PR39: Charlene | PS39: Debby | PT39: Charlene | PU39: Nancy | PV39: Sally | PW39: Charlene | PX39: Sandy | PY39: Sally | PZ39: David | QA39: Debby | QB39: Nancy | QC39: Sally | QD39: Nancy | QE39: Nancy | QF39: Sally | QG39: Sandy | QH39: Charlene | QI39: Nancy | QJ39: Nancy | QK39: Nancy | QL39: Sally | QM39: David | QN39: Nancy | QO39: David | QP39: David | QQ39: Sally | QR39: David | QS39: David | QT39: Debby | QU39: Sandy | QV39: Kas | QW39: Nancy | QX39: Sandy | QY39: Debby | QZ39: Debby | RA39: David | RB39: Jeff M | RC39: David | RD39: Karen | RE39: Karenina | RF39: Debby | RG39: Sally | RH39: David | RI39: Nancy | RJ39: Sally | RK39: Sally | RL39: Charlene | RM39: Charlene | RN39: David | RO39: Sally | RP39: Nancy | RQ39: David | RR39: Sally | RS39: David | RT39: Sally | RU39: Nancy | RV39: Sally | RW39: Karen | RX39: Karen | RY39: Charlene | RZ39: Debby | SA39: Charlene | SB39: Charlene | SC39: Espy | SD39: Nancy | SE39: Nancy | SF39: Nancy | SG39: David | SH39: Debby | SI39: Nancy | SJ39: Jack | SK39: David | SL39: Sally | SM39: Nancy | SN39: Nancy | SO39: Charlene | SP39: Debby | SQ39: Karen | SR39: Nancy | SS39: Sally | ST39: Charlene | SU39: Charlene | SV39: Nancy | SW39: Sally | SX39: Debby | SY39: Nancy | SZ39: Sandy | TA39: David | TB39: David | TC39: Susan | TD39: Nancy | TE39: Sandy | TF39: David | TG39: Nancy | TH39: Sally | TI39: David | TJ39: Sally | TK39: Nancy | TL39: Charlene | TM39: Charlene | TN39: Nancy | TO39: Sally | TP39: Sally | TQ39: Nancy | TR39: Karen | TS39: Karen
A40: Players | B40: 5 | C40: 4 | D40: 4 | E40: 4 | F40: 3 | G40: 3 | H40: 4 | I40: 4 | J40: 4 | K40: 4 | L40: 4 | M40: 4 | N40: 4 | O40: 5 | P40: 4 | Q40: 4 | R40: 4 | S40: 5 | T40: 4 | U40: 4 | V40: 4 | W40: 5 | X40: 4 | Y40: 6 | Z40: 4 | AA40: 4 | AB40: 5 | AC40: 5 | AD40: 3 | AE40: 3 | AF40: 5 | AG40: 4 | AH40: 4 | AI40: 4 | AJ40: 4 | AK40: 5 | AL40: 5 | AM40: 4 | AN40: 5 | AO40: 4 | AP40: 4 | AQ40: 4 | AR40: 6 | AS40: 3 | AT40: 4 | AU40: 4 | AV40: 3 | AW40: 4 | AX40: 4 | AY40: 5 | AZ40: 4 | BA40: 4 | BB40: 4 | BC40: 4 | BD40: 3 | BE40: 5 | BF40: 3 | BG40: 6 | BH40: 3 | BI40: 4 | BJ40: 4 | BK40: 4 | BL40: 3 | BM40: 4 | BN40: 4 | BO40: 4 | BP40: 3 | BQ40: 3 | BR40: 4 | BS40: 4 | BT40: 4 | BU40: 3 | BV40: 4 | BW40: 4 | BX40: 3 | BY40: 3 | BZ40: 3 | CA40: 3 | CB40: 3 | CC40: 3 | CD40: 3 | CE40: 3 | CF40: 5 | CG40: 5 | CH40: 4 | CI40: 3 | CJ40: 4 | CK40: 4 | CL40: 4 | CM40: 5 | CN40: 4 | CO40: 4 | CP40: 4 | CQ40: 5 | CR40: 4 | CS40: 5 | CT40: 4 | CU40: 4 | CV40: 4 | CW40: 4 | CX40: 5 | CY40: 4 | CZ40: 4 | DA40: 4 | DB40: 5 | DC40: 6 | DD40: 4 | DE40: 5 | DF40: 5 | DG40: 3 | DH40: 4 | DI40: 5 | DJ40: 4 | DK40: 3 | DL40: 4 | DM40: 4 | DN40: 4 | DO40: 5 | DP40: 4 | DQ40: 6 | DR40: 5 | DS40: 4 | DT40: 4 | DU40: 4 | DV40: 5 | DW40: 5 | DX40: 5 | DY40: 3 | DZ40: 3 | EA40: 4 | EB40: 4 | EC40: 4 | ED40: 5 | EE40: 5 | EF40: 4 | EG40: 4 | EH40: 4 | EI40: 4 | EJ40: 5 | EK40: 3 | EL40: 4 | EM40: 5 | EN40: 5 | EO40: 4 | EP40: 4 | EQ40: 4 | ER40: 4 | ES40: 4 | ET40: 5 | EU40: 4 | EV40: 4 | EW40: 3 | EX40: 4 | EY40: 4 | EZ40: 3 | FA40: 3 | FB40: 3 | FC40: 4 | FD40: 5 | FE40: 3 | FF40: 4 | FG40: 4 | FH40: 4 | FI40: 4 | FJ40: 4 | FK40: 3 | FL40: 4 | FM40: 4 | FN40: 4 | FO40: 3 | FP40: 5 | FQ40: 3 | FR40: 3 | FS40: 5 | FT40: 4 | FU40: 4 | FV40: 4 | FW40: 3 | FX40: 4 | FY40: 5 | FZ40: 5 | GA40: 4 | GB40: 4 | GC40: 4 | GD40: 4 | GE40: 4 | GF40: 4 | GG40: 5 | GH40: 3 | GI40: 3 | GJ40: 3 | GK40: 3 | GL40: 3 | GM40: 3 | GN40: 3 | GO40: 3 | GP40: 4 | GQ40: 3 | GR40: 3 | GS40: 3 | GT40: 5 | GU40: 3 | GV40: 3 | GW40: 5 | GX40: 3 | GY40: 4 | GZ40: 4 | HA40: 4 | HB40: 4 | HC40: 3 | HD40: 4 | HE40: 4 | HF40: 4 | HG40: 4 | HH40: 4 | HI40: 4 | HJ40: 5 | HK40: 4 | HL40: 3 | HM40: 5 | HN40: 4 | HO40: 4 | HP40: 4 | HQ40: 4 | HR40: 3 | HS40: 4 | HT40: 4 | HU40: 4 | HV40: 4 | HW40: 4 | HX40: 4 | HY40: 6 | HZ40: 4 | IA40: 4 | IB40: 4 | IC40: 4 | ID40: 3 | IE40: 4 | IF40: 3 | IG40: 6 | IH40: 5 | II40: 5 | IJ40: 4 | IK40: 4 | IL40: 4 | IM40: 4 | IN40: 3 | IO40: 4 | IP40: 5 | IQ40: 5 | IR40: 4 | IS40: 4 | IT40: 4 | IU40: 3 | IV40: 4 | IW40: 5 | IX40: 3 | IY40: 4 | IZ40: 4 | JA40: 4 | JB40: 4 | JC40: 4 | JD40: 4 | JE40: 4 | JF40: 5 | JG40: 4 | JH40: 4 | JI40: 4 | JJ40: 4 | JK40: 3 | JL40: 5 | JM40: 4 | JN40: 4 | JO40: 4 | JP40: 5 | JQ40: 5 | JR40: 4 | JS40: 3 | JT40: 4 | JU40: 4 | JV40: 3 | JW40: 3 | JX40: 4 | JY40: 5 | JZ40: 5 | KA40: 4 | KB40: 4 | KC40: 4 | KD40: 4 | KE40: 4 | KF40: 4 | KG40: 4 | KH40: 5 | KI40: 4 | KJ40: 4 | KK40: 4 | KL40: 5 | KM40: 3 | KN40: 3 | KO40: 5 | KP40: 4 | KQ40: 4 | KR40: 4 | KS40: 4 | KT40: 3 | KU40: 4 | KV40: 3 | KW40: 5 | KX40: 6 | KY40: 4 | KZ40: 3 | LA40: 3 | LB40: 3 | LC40: 5 | LD40: 3 | LE40: 4 | LF40: 5 | LG40: 4 | LH40: 5 | LI40: 3 | LJ40: 3 | LK40: 4 | LL40: 5 | LM40: 5 | LN40: 5 | LO40: 3 | LP40: 5 | LQ40: 6 | LR40: 5 | LS40: 3 | LT40: 5 | LU40: 5 | LV40: 4 | LW40: 3 | LX40: 3 | LY40: 3 | LZ40: 3 | MA40: 3 | MB40: 3 | MC40: 3 | MD40: 4 | ME40: 4 | MF40: 6 | MG40: 3 | MH40: 4 | MI40: 5 | MJ40: 4 | MK40: 6 | ML40: 5 | MM40: 4 | MN40: 4 | MO40: 3 | MP40: 3 | MQ40: 3 | MR40: 3 | MS40: 3 | MT40: 4 | MU40: 4 | MV40: 4 | MW40: 4 | MX40: 3 | MY40: 3 | MZ40: 3 | NA40: 3 | NB40: 3 | NC40: 4 | ND40: 5 | NE40: 4 | NF40: 5 | NG40: 3 | NH40: 4 | NI40: 3 | NJ40: 4 | NK40: 5 | NL40: 4 | NM40: 4 | NN40: 4 | NO40: 4 | NP40: 4 | NQ40: 4 | NR40: 5 | NS40: 4 | NT40: 4 | NU40: 4 | NV40: 5 | NW40: 4 | NX40: 4 | NY40: 3 | NZ40: 5 | OA40: 4 | OB40: 5 | OC40: 4 | OD40: 3 | OE40: 3 | OF40: 3 | OG40: 3 | OH40: 3 | OI40: 3 | OJ40: 3 | OK40: 3 | OL40: 3 | OM40: 4 | ON40: 3 | OO40: 4 | OP40: 4 | OQ40: 4 | OR40: 4 | OS40: 3 | OT40: 5 | OU40: 5 | OV40: 4 | OW40: 7 | OX40: 3 | OY40: 4 | OZ40: 3 | PA40: 4 | PB40: 5 | PC40: 4 | PD40: 4 | PE40: 4 | PF40: 4 | PG40: 5 | PH40: 3 | PI40: 4 | PJ40: 4 | PK40: 4 | PL40: 5 | PM40: 4 | PN40: 4 | PO40: 3 | PP40: 4 | PQ40: 4 | PR40: 4 | PS40: 4 | PT40: 5 | PU40: 4 | PV40: 4 | PW40: 4 | PX40: 4 | PY40: 3 | PZ40: 4 | QA40: 4 | QB40: 4 | QC40: 3 | QD40: 4 | QE40: 3 | QF40: 3 | QG40: 5 | QH40: 3 | QI40: 4 | QJ40: 4 | QK40: 3 | QL40: 3 | QM40: 3 | QN40: 3 | QO40: 5 | QP40: 3 | QQ40: 3 | QR40: 3 | QS40: 3 | QT40: 3 | QU40: 4 | QV40: 4 | QW40: 4 | QX40: 4 | QY40: 4 | QZ40: 5 | RA40: 4 | RB40: 4 | RC40: 4 | RD40: 4 | RE40: 5 | RF40: 3 | RG40: 3 | RH40: 3 | RI40: 4 | RJ40: 5 | RK40: 4 | RL40: 4 | RM40: 3 | RN40: 4 | RO40: 5 | RP40: 4 | RQ40: 3 | RR40: 3 | RS40: 4 | RT40: 5 | RU40: 4 | RV40: 4 | RW40: 4 | RX40: 4 | RY40: 3 | RZ40: 5 | SA40: 4 | SB40: 3 | SC40: 6 | SD40: 4 | SE40: 3 | SF40: 3 | SG40: 4 | SH40: 5 | SI40: 3 | SJ40: 4 | SK40: 3 | SL40: 3 | SM40: 3 | SN40: 4 | SO40: 3 | SP40: 3 | SQ40: 4 | SR40: 3 | SS40: 3 | ST40: 3 | SU40: 4 | SV40: 5 | SW40: 4 | SX40: 4 | SY40: 4 | SZ40: 5 | TA40: 5 | TB40: 5 | TC40: 5 | TD40: 3 | TE40: 5 | TF40: 5 | TG40: 4 | TH40: 3 | TI40: 3 | TJ40: 3 | TK40: 3 | TL40: 3 | TM40: 4 | TN40: 3 | TO40: 4 | TP40: 3 | TQ40: 3 | TR40: 4 | TS40: 4
MK41: 890 | ML41: 985
MK42: #N/A | ML42: #N/A
MK43: Karen | ML43: Sandy
MK44: 7 | ML44: 6
MK45: 890 | ML45: 985
MK46: #N/A | ML46: #N/A
MK47: Karen | ML47: Sandy
