Workbook

Sheet Raw Games
A1: Date | B1: Where | C1: Half | D1: aa | E1: Aurora | F1: Lucas | G1: Lily | H1: Owen | I1: Cooper | J1: Lucy | K1: Luna | L1: Layla | N1: Min | O1: Max | P1: Winner | Q1: Loser | R1: Players
A2: 43134 | B2: Preston | E2: 690 | F2: 765 | G2: 520 | J2: 695 | L2: 700 | N2: =MIN($D2:$M2) -> 520 | O2: =MAX($D2:$M2) -> 765 | P2: Debby | Q2: David | R2: =COUNT(D2:M2) -> 5
A3: 43135 | B3: Preston | E3: 385 | F3: 510 | H3: 300 | J3: 365 | N3: =MIN($D3:$M3) -> 300 | O3: =MAX($D3:$M3) -> 510 | P3: Jeff M | Q3: David | R3: =COUNT(D3:M3) -> 4
A4: 43136 | B4: Preston | E4: 495 | F4: 195 | G4: 795 | J4: 450 | N4: =MIN($D4:$M4) -> 195 | O4: =MAX($D4:$M4) -> 795 | P4: David | Q4: Debby | R4: =COUNT(D4:M4) -> 4
A5: 43137 | B5: Preston | F5: 65 | G5: 485 | I5: 895 | J5: 540 | N5: =MIN($D5:$M5) -> 65 | O5: =MAX($D5:$M5) -> 895 | P5: David | Q5: Nancy | R5: =COUNT(D5:M5) -> 4
A6: 43138 | B6: Preston | E6: 280 | F6: 535 | G6: 525 | J6: 900 | N6: =MIN($D6:$M6) -> 280 | O6: =MAX($D6:$M6) -> 900 | P6: Charlene | Q6: Nancy | R6: =COUNT(D6:M6) -> 4
A7: =A6+2 -> 43140 | B7: Preston | E7: 460 | F7: 225 | G7: 395 | J7: 675 | N7: =MIN($D7:$M7) -> 225 | O7: =MAX($D7:$M7) -> 675 | P7: David | Q7: Nancy | R7: =COUNT(D7:M7) -> 4
A8: =A7+2 -> 43142 | B8: Preston | E8: 190 | F8: 450 | H8: 305 | J8: 550 | N8: =MIN($D8:$M8) -> 190 | O8: =MAX($D8:$M8) -> 550 | P8: Charlene | Q8: Nancy | R8: =COUNT(D8:M8) -> 4
A9: =A8+2 -> 43144 | B9: Preston | E9: 400 | G9: 235 | J9: 260 | K9: 240 | N9: =MIN($D9:$M9) -> 235 | O9: =MAX($D9:$M9) -> 400 | P9: Debby | Q9: Charlene | R9: =COUNT(D9:M9) -> 4
A10: =A9+2 -> 43146 | B10: Preston | E10: 165 | F10: 400 | G10: 250 | J10: 190 | N10: =MIN($D10:$M10) -> 165 | O10: =MAX($D10:$M10) -> 400 | P10: Charlene | Q10: David | R10: =COUNT(D10:M10) -> 4
A11: =A10+2 -> 43148 | B11: Preston | E11: 445 | G11: 370 | H11: 465 | J11: 430 | N11: =MIN($D11:$M11) -> 370 | O11: =MAX($D11:$M11) -> 465 | P11: Debby | Q11: Jeff M | R11: =COUNT(D11:M11) -> 4
A12: =A11+2 -> 43150 | B12: Preston | E12: 525 | F12: 330 | G12: 540 | J12: 675 | N12: =MIN($D12:$M12) -> 330 | O12: =MAX($D12:$M12) -> 675 | P12: David | Q12: Nancy | R12: =COUNT(D12:M12) -> 4
A13: =A12+2 -> 43152 | B13: Preston | E13: 405 | F13: 385 | G13: 630 | J13: 410 | K13: 380 | N13: =MIN($D13:$M13) -> 380 | O13: =MAX($D13:$M13) -> 630 | P13: Sally | Q13: Debby | R13: =COUNT(D13:M13) -> 5
A14: =A13+2 -> 43154 | B14: Preston | E14: 250 | F14: 690 | J14: 515 | K14: 800 | N14: =MIN($D14:$M14) -> 250 | O14: =MAX($D14:$M14) -> 800 | P14: Charlene | Q14: Sally | R14: =COUNT(D14:M14) -> 4
A15: =A14+2 -> 43156 | B15: Preston | C15: Yes | E15: 95 | F15: 240 | H15: 95 | J15: 265 | N15: =MIN($D15:$M15) -> 95 | O15: =MAX($D15:$M15) -> 265 | P15: Charlene | Q15: Nancy | R15: =COUNT(D15:M15) -> 4
A16: =A15+2 -> 43158 | B16: Preston | E16: 455 | F16: 630 | G16: 395 | J16: 380 | K16: 650 | N16: =MIN($D16:$M16) -> 380 | O16: =MAX($D16:$M16) -> 650 | P16: Nancy | Q16: Sally | R16: =COUNT(D16:M16) -> 5
A17: =A16+2 -> 43160 | B17: Preston | C17: Yes | F17: 465 | G17: 405 | J17: 75 | L17: 420 | N17: =MIN($D17:$M17) -> 75 | O17: =MAX($D17:$M17) -> 465 | P17: Nancy | Q17: David | R17: =COUNT(D17:M17) -> 4
A18: =A17+2 -> 43162 | B18: Preston | E18: 260 | F18: 285 | G18: 570 | J18: 695 | L18: 780 | N18: =MIN($D18:$M18) -> 260 | O18: =MAX($D18:$M18) -> 780 | P18: Charlene | Q18: Sandy | R18: =COUNT(D18:M18) -> 5
A19: =A18+2 -> 43164 | B19: Superior | E19: 575 | F19: 510 | H19: 565 | K19: 400 | N19: =MIN($D19:$M19) -> 400 | O19: =MAX($D19:$M19) -> 575 | P19: Sally | Q19: Charlene | R19: =COUNT(D19:M19) -> 4
A20: 43289 | B20: Superior | E20: 95 | F20: 705 | H20: 775 | J20: 400 | N20: =MIN($D20:$M20) -> 95 | O20: =MAX($D20:$M20) -> 775 | P20: Charlene | Q20: Jeff M | R20: =COUNT(D20:M20) -> 4
A21: =A20+2 -> 43291 | B21: Preston | C21: Yes | E21: 155 | F21: 100 | G21: 495 | H21: 240 | J21: 235 | N21: =MIN($D21:$M21) -> 100 | O21: =MAX($D21:$M21) -> 495 | P21: David | Q21: Debby | R21: =COUNT(D21:M21) -> 5
A22: =A21+2 -> 43293 | B22: Preston | C22: Yes | E22: 235 | F22: 135 | G22: 375 | J22: 145 | K22: 120 | N22: =MIN($D22:$M22) -> 120 | O22: =MAX($D22:$M22) -> 375 | P22: Sally | Q22: Debby | R22: =COUNT(D22:M22) -> 5
A23: =A22+2 -> 43295 | B23: Preston | G23: 155 | H23: 655 | J23: 245 | N23: =MIN($D23:$M23) -> 155 | O23: =MAX($D23:$M23) -> 655 | P23: Debby | Q23: Jeff M | R23: =COUNT(D23:M23) -> 3
A24: =A23+2 -> 43297 | B24: Preston | C24: Yes | F24: 160 | G24: 335 | I24: 320 | J24: 145 | N24: =MIN($D24:$M24) -> 145 | O24: =MAX($D24:$M24) -> 335 | P24: Nancy | Q24: Debby | R24: =COUNT(D24:M24) -> 4
A25: =A24+2 -> 43299 | B25: Preston | E25: 125 | F25: 655 | G25: 720 | J25: 390 | N25: =MIN($D25:$M25) -> 125 | O25: =MAX($D25:$M25) -> 720 | P25: Charlene | Q25: Debby | R25: =COUNT(D25:M25) -> 4
A26: =A25+2 -> 43301 | B26: Superior | E26: 175 | F26: 625 | G26: 285 | J26: 185 | N26: =MIN($D26:$M26) -> 175 | O26: =MAX($D26:$M26) -> 625 | P26: Charlene | Q26: David | R26: =COUNT(D26:M26) -> 4
A27: =A26+2 -> 43303 | B27: Preston | E27: 595 | F27: 455 | G27: 585 | J27: 520 | N27: =MIN($D27:$M27) -> 455 | O27: =MAX($D27:$M27) -> 595 | P27: David | Q27: Charlene | R27: =COUNT(D27:M27) -> 4
A28: =A27+2 -> 43305 | B28: Superior | E28: 535 | F28: 590 | G28: 635 | H28: 905 | J28: 480 | N28: =MIN($D28:$M28) -> 480 | O28: =MAX($D28:$M28) -> 905 | P28: Nancy | Q28: Jeff M | R28: =COUNT(D28:M28) -> 5
A29: =A28+2 -> 43307 | B29: Superior | E29: 840 | F29: 725 | G29: 950 | J29: 150 | L29: 565 | N29: =MIN($D29:$M29) -> 150 | O29: =MAX($D29:$M29) -> 950 | P29: Nancy | Q29: Debby | R29: =COUNT(D29:M29) -> 5
A30: =A29+2 -> 43309 | B30: Preston | E30: 635 | F30: 665 | G30: 500 | J30: 520 | N30: =MIN($D30:$M30) -> 500 | O30: =MAX($D30:$M30) -> 665 | P30: Debby | Q30: David | R30: =COUNT(D30:M30) -> 4
A31: =A30+2 -> 43311 | B31: Preston | C31: Yes | E31: 235 | F31: 265 | G31: 270 | H31: 110 | J31: 360 | N31: =MIN($D31:$M31) -> 110 | O31: =MAX($D31:$M31) -> 360 | P31: Jeff M | Q31: Nancy | R31: =COUNT(D31:M31) -> 5
A32: =A31+2 -> 43313 | B32: Preston | F32: 665 | I32: 705 | J32: 285 | K32: 605 | N32: =MIN($D32:$M32) -> 285 | O32: =MAX($D32:$M32) -> 705 | P32: Nancy | Q32: Karen | R32: =COUNT(D32:M32) -> 4
A33: =A32+2 -> 43315 | B33: Superior | E33: 125 | F33: 240 | J33: 520 | L33: 495 | N33: =MIN($D33:$M33) -> 125 | O33: =MAX($D33:$M33) -> 520 | P33: Charlene | Q33: Nancy | R33: =COUNT(D33:M33) -> 4
A34: =A33+2 -> 43317 | B34: Superior | E34: 485 | F34: 180 | G34: 330 | J34: 460 | N34: =MIN($D34:$M34) -> 180 | O34: =MAX($D34:$M34) -> 485 | P34: David | Q34: Charlene | R34: =COUNT(D34:M34) -> 4
A35: =A34+2 -> 43319 | B35: Superior | E35: 330 | F35: 480 | G35: 270 | J35: 470 | N35: =MIN($D35:$M35) -> 270 | O35: =MAX($D35:$M35) -> 480 | P35: Debby | Q35: David | R35: =COUNT(D35:M35) -> 4
A36: =A35+2 -> 43321 | B36: Preston | E36: 100 | F36: 485 | J36: 550 | L36: 800 | N36: =MIN($D36:$M36) -> 100 | O36: =MAX($D36:$M36) -> 800 | P36: Charlene | Q36: Sandy | R36: =COUNT(D36:M36) -> 4
A37: =A36+2 -> 43323 | B37: Preston | F37: 325 | G37: 330 | J37: 460 | K37: 250 | N37: =MIN($D37:$M37) -> 250 | O37: =MAX($D37:$M37) -> 460 | P37: Sally | Q37: Nancy | R37: =COUNT(D37:M37) -> 4
A38: =A37+2 -> 43325 | B38: Preston | C38: Yes | E38: 165 | F38: 105 | G38: 455 | J38: 250 | N38: =MIN($D38:$M38) -> 105 | O38: =MAX($D38:$M38) -> 455 | P38: David | Q38: Debby | R38: =COUNT(D38:M38) -> 4
A39: =A38+2 -> 43327 | B39: Preston | F39: 390 | G39: 315 | J39: 325 | L39: 710 | N39: =MIN($D39:$M39) -> 315 | O39: =MAX($D39:$M39) -> 710 | P39: Debby | Q39: Sandy | R39: =COUNT(D39:M39) -> 4
A40: 43415 | B40: Superior | E40: 560 | F40: 305 | J40: 195 | L40: 315 | N40: =MIN($D40:$M40) -> 195 | O40: =MAX($D40:$M40) -> 560 | P40: Nancy | Q40: Charlene | R40: =COUNT(D40:M40) -> 4
A41: =A40+2 -> 43417 | B41: Superior | E41: 465 | F41: 575 | H41: 725 | J41: 405 | N41: =MIN($D41:$M41) -> 405 | O41: =MAX($D41:$M41) -> 725 | P41: Nancy | Q41: Jeff M | R41: =COUNT(D41:M41) -> 4
A42: =A41+2 -> 43419 | B42: Preston | F42: 110 | J42: 310 | K42: 110 | N42: =MIN($D42:$M42) -> 110 | O42: =MAX($D42:$M42) -> 310 | P42: David | Q42: Nancy | R42: =COUNT(D42:M42) -> 3
A43: =A42+2 -> 43421 | B43: Superior | E43: 770 | F43: 420 | H43: 450 | J43: 630 | K43: 1165 | N43: =MIN($D43:$M43) -> 420 | O43: =MAX($D43:$M43) -> 1165 | P43: David | Q43: Sally | R43: =COUNT(D43:M43) -> 5
A44: =A43+2 -> 43423 | B44: Preston | C44: Yes | F44: 245 | J44: 165 | K44: 310 | N44: =MIN($D44:$M44) -> 165 | O44: =MAX($D44:$M44) -> 310 | P44: Nancy | Q44: Sally | R44: =COUNT(D44:M44) -> 3
A45: =A44+2 -> 43425 | B45: Superior | E45: 225 | H45: 125 | L45: 255 | N45: =MIN($D45:$M45) -> 125 | O45: =MAX($D45:$M45) -> 255 | P45: Jeff M | Q45: Sandy | R45: =COUNT(D45:M45) -> 3
A46: =A45+2 -> 43427 | B46: Preston | E46: 235 | F46: 595 | J46: 325 | L46: 415 | N46: =MIN($D46:$M46) -> 235 | O46: =MAX($D46:$M46) -> 595 | P46: Charlene | Q46: David | R46: =COUNT(D46:M46) -> 4
A47: =A46+2 -> 43429 | B47: Superior | E47: 385 | F47: 585 | G47: 600 | J47: 500 | N47: =MIN($D47:$M47) -> 385 | O47: =MAX($D47:$M47) -> 600 | P47: Charlene | Q47: Debby | R47: =COUNT(D47:M47) -> 4
A48: =A47+2 -> 43431 | B48: Preston | E48: 465 | F48: 1080 | J48: 600 | L48: 480 | N48: =MIN($D48:$M48) -> 465 | O48: =MAX($D48:$M48) -> 1080 | P48: Charlene | Q48: David | R48: =COUNT(D48:M48) -> 4
A49: =A48+2 -> 43433 | B49: Preston | C49: Yes | F49: 40 | G49: 525 | J49: 45 | N49: =MIN($D49:$M49) -> 40 | O49: =MAX($D49:$M49) -> 525 | P49: David | Q49: Debby | R49: =COUNT(D49:M49) -> 3
A50: =A49+2 -> 43435 | B50: Preston | E50: 330 | F50: 315 | H50: 640 | J50: 580 | N50: =MIN($D50:$M50) -> 315 | O50: =MAX($D50:$M50) -> 640 | P50: David | Q50: Jeff M | R50: =COUNT(D50:M50) -> 4
A51: 43498 | B51: Preston | E51: 95 | F51: 70 | H51: 210 | J51: 164 | N51: =MIN($D51:$M51) -> 70 | O51: =MAX($D51:$M51) -> 210 | P51: David | Q51: Jeff M | R51: =COUNT(D51:M51) -> 4
A52: =A51+2 -> 43500 | B52: Preston | E52: 195 | F52: 175 | H52: 360 | J52: 245 | N52: =MIN($D52:$M52) -> 175 | O52: =MAX($D52:$M52) -> 360 | P52: David | Q52: Jeff M | R52: =COUNT(D52:M52) -> 4
A53: =A52+2 -> 43502 | B53: Preston | C53: Yes | F53: 480 | G53: 235 | I53: 525 | J53: 305 | N53: =MIN($D53:$M53) -> 235 | O53: =MAX($D53:$M53) -> 525 | P53: Debby | Q53: David | R53: =COUNT(D53:M53) -> 4
A54: =A53+2 -> 43504 | B54: Preston | F54: 300 | G54: 390 | J54: 190 | K54: 255 | N54: =MIN($D54:$M54) -> 190 | O54: =MAX($D54:$M54) -> 390 | P54: Nancy | Q54: Debby | R54: =COUNT(D54:M54) -> 4
A55: =A54+2 -> 43506 | B55: Preston | E55: 1020 | F55: 440 | H55: 415 | J55: 255 | N55: =MIN($D55:$M55) -> 255 | O55: =MAX($D55:$M55) -> 1020 | P55: Nancy | Q55: Charlene | R55: =COUNT(D55:M55) -> 4
A56: =A55+2 -> 43508 | B56: Preston | F56: 530 | J56: 90 | K56: 470 | N56: =MIN($D56:$M56) -> 90 | O56: =MAX($D56:$M56) -> 530 | P56: Nancy | Q56: David | R56: =COUNT(D56:M56) -> 3
A57: =A56+2 -> 43510 | B57: Preston | E57: 570 | F57: 730 | H57: 735 | J57: 520 | N57: =MIN($D57:$M57) -> 520 | O57: =MAX($D57:$M57) -> 735 | P57: Nancy | Q57: Jeff M | R57: =COUNT(D57:M57) -> 4
A58: =A57+2 -> 43512 | B58: Preston | E58: 345 | F58: 390 | H58: 255 | J58: 235 | N58: =MIN($D58:$M58) -> 235 | O58: =MAX($D58:$M58) -> 390 | P58: Nancy | Q58: David | R58: =COUNT(D58:M58) -> 4
A59: =A58+2 -> 43514 | B59: Preston | F59: 295 | G59: 380 | J59: 375 | N59: =MIN($D59:$M59) -> 295 | O59: =MAX($D59:$M59) -> 380 | P59: David | Q59: Debby | R59: =COUNT(D59:M59) -> 3
A60: =A59+2 -> 43516 | B60: Preston | F60: 245 | J60: 205 | K60: 170 | N60: =MIN($D60:$M60) -> 170 | O60: =MAX($D60:$M60) -> 245 | P60: Sally | Q60: David | R60: =COUNT(D60:M60) -> 3
A61: =A60+2 -> 43518 | B61: Preston | F61: 180 | J61: 495 | K61: 580 | N61: =MIN($D61:$M61) -> 180 | O61: =MAX($D61:$M61) -> 580 | P61: David | Q61: Sally | R61: =COUNT(D61:M61) -> 3
A62: =A61+2 -> 43520 | B62: Preston | F62: 140 | J62: 405 | K62: 105 | N62: =MIN($D62:$M62) -> 105 | O62: =MAX($D62:$M62) -> 405 | P62: Sally | Q62: Nancy | R62: =COUNT(D62:M62) -> 3
A63: 43592 | B63: Preston | F63: 550 | J63: 505 | K63: 310 | N63: =MIN($D63:$M63) -> 310 | O63: =MAX($D63:$M63) -> 550 | P63: Sally | Q63: David | R63: =COUNT(D63:M63) -> 3
A64: =A63+2 -> 43594 | B64: Preston | F64: 440 | J64: 540 | K64: 280 | N64: =MIN($D64:$M64) -> 280 | O64: =MAX($D64:$M64) -> 540 | P64: Sally | Q64: Nancy | R64: =COUNT(D64:M64) -> 3
A65: =A64+2 -> 43596 | B65: Preston | F65: 445 | J65: 240 | K65: 445 | N65: =MIN($D65:$M65) -> 240 | O65: =MAX($D65:$M65) -> 445 | P65: Nancy | Q65: David | R65: =COUNT(D65:M65) -> 3
A66: =A65+2 -> 43598 | B66: Preston | F66: 435 | J66: 310 | K66: 765 | N66: =MIN($D66:$M66) -> 310 | O66: =MAX($D66:$M66) -> 765 | P66: Nancy | Q66: Sally | R66: =COUNT(D66:M66) -> 3
A67: =A66+2 -> 43600 | B67: Superior | E67: 380 | F67: 445 | G67: 730 | H67: 840 | J67: 425 | N67: =MIN($D67:$M67) -> 380 | O67: =MAX($D67:$M67) -> 840 | P67: Charlene | Q67: Jeff M | R67: =COUNT(D67:M67) -> 5
A68: =A67+2 -> 43602 | B68: Superior | E68: 395 | F68: 760 | J68: 385 | K68: 830 | L68: 555 | N68: =MIN($D68:$M68) -> 385 | O68: =MAX($D68:$M68) -> 830 | P68: Nancy | Q68: Sally | R68: =COUNT(D68:M68) -> 5
A69: =A68+2 -> 43604 | B69: Superior | E69: 105 | H69: 180 | L69: 330 | N69: =MIN($D69:$M69) -> 105 | O69: =MAX($D69:$M69) -> 330 | P69: Charlene | Q69: Sandy | R69: =COUNT(D69:M69) -> 3
A70: =A69+2 -> 43606 | B70: Superior | E70: 765 | F70: 565 | H70: 415 | J70: 555 | N70: =MIN($D70:$M70) -> 415 | O70: =MAX($D70:$M70) -> 765 | P70: Jeff M | Q70: Charlene | R70: =COUNT(D70:M70) -> 4
A71: =A70+2 -> 43608 | B71: Superior | E71: 760 | F71: 570 | H71: 300 | J71: 455 | N71: =MIN($D71:$M71) -> 300 | O71: =MAX($D71:$M71) -> 760 | P71: Jeff M | Q71: Charlene | R71: =COUNT(D71:M71) -> 4
A72: =A71+2 -> 43610 | B72: Superior | C72: Yes | E72: 215 | G72: 215 | H72: 350 | L72: 40 | N72: =MIN($D72:$M72) -> 40 | O72: =MAX($D72:$M72) -> 350 | P72: Sandy | Q72: Jeff M | R72: =COUNT(D72:M72) -> 4
A73: =A72+2 -> 43612 | B73: Superior | E73: 755 | F73: 815 | G73: 685 | J73: 270 | L73: 870 | N73: =MIN($D73:$M73) -> 270 | O73: =MAX($D73:$M73) -> 870 | P73: Nancy | Q73: Sandy | R73: =COUNT(D73:M73) -> 5
A74: =A73+2 -> 43614 | B74: Superior | E74: 390 | F74: 310 | H74: 520 | L74: 400 | N74: =MIN($D74:$M74) -> 310 | O74: =MAX($D74:$M74) -> 520 | P74: David | Q74: Jeff M | R74: =COUNT(D74:M74) -> 4
A75: =A74+2 -> 43616 | B75: Superior | E75: 620 | F75: 500 | H75: 390 | J75: 295 | N75: =MIN($D75:$M75) -> 295 | O75: =MAX($D75:$M75) -> 620 | P75: Nancy | Q75: Charlene | R75: =COUNT(D75:M75) -> 4
A76: 44062 | B76: Superior | C76: Yes | E76: 380 | F76: 150 | H76: 185 | J76: 330 | N76: =MIN($D76:$M76) -> 150 | O76: =MAX($D76:$M76) -> 380 | P76: David | Q76: Charlene | R76: =COUNT(D76:M76) -> 4
A77: =A76+2 -> 44064 | B77: Superior | C77: Yes | E77: 300 | F77: 70 | G77: 85 | J77: 315 | L77: 290 | N77: =MIN($D77:$M77) -> 70 | O77: =MAX($D77:$M77) -> 315 | P77: David | Q77: Nancy | R77: =COUNT(D77:M77) -> 5
A78: =A77+2 -> 44066 | B78: Superior | E78: 395 | F78: 475 | H78: 460 | J78: 510 | N78: =MIN($D78:$M78) -> 395 | O78: =MAX($D78:$M78) -> 510 | P78: Charlene | Q78: Nancy | R78: =COUNT(D78:M78) -> 4
A79: =A78+2 -> 44068 | B79: Superior | E79: 355 | F79: 660 | G79: 475 | J79: 380 | L79: 295 | N79: =MIN($D79:$M79) -> 295 | O79: =MAX($D79:$M79) -> 660 | P79: Sandy | Q79: David | R79: =COUNT(D79:M79) -> 5
A80: =A79+2 -> 44070 | B80: Superior | E80: 565 | F80: 365 | J80: 130 | L80: 305 | N80: =MIN($D80:$M80) -> 130 | O80: =MAX($D80:$M80) -> 565 | P80: Nancy | Q80: Charlene | R80: =COUNT(D80:M80) -> 4
A81: =A80+2 -> 44072 | B81: Superior | E81: 355 | F81: 355 | J81: 700 | L81: 310 | N81: =MIN($D81:$M81) -> 310 | O81: =MAX($D81:$M81) -> 700 | P81: Sandy | Q81: Nancy | R81: =COUNT(D81:M81) -> 4
A82: =A81+2 -> 44074 | B82: Superior | E82: 250 | G82: 805 | H82: 705 | L82: 535 | N82: =MIN($D82:$M82) -> 250 | O82: =MAX($D82:$M82) -> 805 | P82: Charlene | Q82: Debby | R82: =COUNT(D82:M82) -> 4
A83: =A82+2 -> 44076 | B83: Superior | F83: 290 | G83: 495 | J83: 615 | L83: 570 | N83: =MIN($D83:$M83) -> 290 | O83: =MAX($D83:$M83) -> 615 | P83: David | Q83: Nancy | R83: =COUNT(D83:M83) -> 4
A84: =A83+2 -> 44078 | B84: Superior | E84: 605 | F84: 895 | G84: 475 | J84: 830 | L84: 745 | N84: =MIN($D84:$M84) -> 475 | O84: =MAX($D84:$M84) -> 895 | P84: Debby | Q84: David | R84: =COUNT(D84:M84) -> 5
A85: =A84+2 -> 44080 | B85: Superior | E85: 790 | F85: 285 | J85: 225 | L85: 615 | N85: =MIN($D85:$M85) -> 225 | O85: =MAX($D85:$M85) -> 790 | P85: Nancy | Q85: Charlene | R85: =COUNT(D85:M85) -> 4
A86: =A85+2 -> 44082 | B86: Superior | E86: 370 | F86: 585 | H86: 450 | J86: 420 | N86: =MIN($D86:$M86) -> 370 | O86: =MAX($D86:$M86) -> 585 | P86: Charlene | Q86: David | R86: =COUNT(D86:M86) -> 4
A87: =A86+2 -> 44084 | B87: Superior | E87: 365 | F87: 755 | J87: 365 | L87: 790 | N87: =MIN($D87:$M87) -> 365 | O87: =MAX($D87:$M87) -> 790 | P87: Charlene | Q87: Sandy | R87: =COUNT(D87:M87) -> 4
A88: =A87+2 -> 44086 | B88: Superior | E88: 585 | F88: 595 | G88: 590 | J88: 885 | L88: 540 | N88: =MIN($D88:$M88) -> 540 | O88: =MAX($D88:$M88) -> 885 | P88: Sandy | Q88: Nancy | R88: =COUNT(D88:M88) -> 5
A89: 43834 | B89: Superior | E89: 325 | F89: 420 | J89: 470 | L89: 200 | N89: =MIN($D89:$M89) -> 200 | O89: =MAX($D89:$M89) -> 470 | P89: Sandy | Q89: Nancy | R89: =COUNT(D89:M89) -> 4
A90: =A89+2 -> 43836 | B90: Superior | E90: 630 | F90: 530 | J90: 220 | K90: 215 | L90: 300 | N90: =MIN($D90:$M90) -> 215 | O90: =MAX($D90:$M90) -> 630 | P90: Sally | Q90: Charlene | R90: =COUNT(D90:M90) -> 5
A91: =A90+2 -> 43838 | B91: Superior | E91: 210 | F91: 330 | J91: 795 | K91: 825 | L91: 485 | N91: =MIN($D91:$M91) -> 210 | O91: =MAX($D91:$M91) -> 825 | P91: Charlene | Q91: Sally | R91: =COUNT(D91:M91) -> 5
A92: =A91+2 -> 43840 | B92: Superior | C92: Yes | E92: 170 | H92: 15 | J92: 95 | N92: =MIN($D92:$M92) -> 15 | O92: =MAX($D92:$M92) -> 170 | P92: Jeff M | Q92: Charlene | R92: =COUNT(D92:M92) -> 3
A93: =A92+2 -> 43842 | B93: Superior | C93: Yes | E93: 285 | F93: 200 | H93: 285 | L93: 430 | N93: =MIN($D93:$M93) -> 200 | O93: =MAX($D93:$M93) -> 430 | P93: David | Q93: Sandy | R93: =COUNT(D93:M93) -> 4
A94: =A93+2 -> 43844 | B94: Superior | E94: 210 | F94: 465 | G94: 570 | J94: 590 | L94: 530 | N94: =MIN($D94:$M94) -> 210 | O94: =MAX($D94:$M94) -> 590 | P94: Charlene | Q94: Nancy | R94: =COUNT(D94:M94) -> 5
A95: =A94+2 -> 43846 | B95: Superior | E95: 245 | F95: 470 | H95: 555 | J95: 510 | N95: =MIN($D95:$M95) -> 245 | O95: =MAX($D95:$M95) -> 555 | P95: Charlene | Q95: Jeff M | R95: =COUNT(D95:M95) -> 4
A96: =A95+2 -> 43848 | B96: Superior | E96: 155 | J96: 225 | L96: 485 | N96: =MIN($D96:$M96) -> 155 | O96: =MAX($D96:$M96) -> 485 | P96: Charlene | Q96: Sandy | R96: =COUNT(D96:M96) -> 3
A97: =A96+2 -> 43850 | B97: Superior | E97: 400 | F97: 850 | J97: 315 | L97: 240 | N97: =MIN($D97:$M97) -> 240 | O97: =MAX($D97:$M97) -> 850 | P97: Sandy | Q97: David | R97: =COUNT(D97:M97) -> 4
A98: 44065 | B98: Superior | E98: 795 | F98: 520 | H98: 580 | J98: 320 | N98: =MIN($D98:$M98) -> 320 | O98: =MAX($D98:$M98) -> 795 | P98: Nancy | Q98: Charlene | R98: =COUNT(D98:M98) -> 4
A99: =A98+2 -> 44067 | B99: Superior | E99: 270 | H99: 650 | J99: 705 | L99: 435 | N99: =MIN($D99:$M99) -> 270 | O99: =MAX($D99:$M99) -> 705 | P99: Charlene | Q99: Nancy | R99: =COUNT(D99:M99) -> 4
A100: =A99+2 -> 44069 | B100: Superior | E100: 395 | F100: 555 | G100: 510 | J100: 230 | L100: 435 | N100: =MIN($D100:$M100) -> 230 | O100: =MAX($D100:$M100) -> 555 | P100: Nancy | Q100: David | R100: =COUNT(D100:M100) -> 5
...

Sheet Leaders (dont edit)
A1: {=INDEX('Stats (dont edit)'!1:1,0)} -> Name | B1: Games | C1: Wins | D1: Win % | E1: Losses | F1: Loss % | G1: Lowest | H1: Highest | I1: Avg | J1: All Time | K1: Rank | L1: Score | M1: 0 | N1: 0 | O1: 0 | P1: 0 | Q1: 0 | R1: 0 | S1: 0 | T1: 0 | U1: 0 | V1: 0 | W1: 0 | X1: 0 | Y1: 0 | Z1: 0 | AA1: 0 | AB1: 0 | AC1: 0 | AD1: 0 | AE1: 0 | AF1: 0
A2: =IFERROR(__xludf.DUMMYFUNCTION("SORT(FILTER('Stats (dont edit)'!A2:L1000,'Stats (dont edit)'!D2:D1000<>""""),11,TRUE)"),"Karenina") -> Karenina | B2: =IFERROR(__xludf.DUMMYFUNCTION("""COMPUTED_VALUE"""),18) -> 18 | C2: =IFERROR(__xludf.DUMMYFUNCTION("""COMPUTED_VALUE"""),6) -> 6 | D2: =IFERROR(__xludf.DUMMYFUNCTION("""COMPUTED_VALUE"""),0.333333333333333) -> 0.33333333 | E2: =IFERROR(__xludf.DUMMYFUNCTION("""COMPUTED_VALUE"""),2) -> 2 | F2: =IFERROR(__xludf.DUMMYFUNCTION("""COMPUTED_VALUE"""),0.111111111111111) -> 0.11111111 | G2: =IFERROR(__xludf.DUMMYFUNCTION("""COMPUTED_VALUE"""),60) -> 60 | H2: =IFERROR(__xludf.DUMMYFUNCTION("""COMPUTED_VALUE"""),800) -> 800 | I2: =IFERROR(__xludf.DUMMYFUNCTION("""COMPUTED_VALUE"""),359.444444444444) -> 359.44444 | J2: =IFERROR(__xludf.DUMMYFUNCTION("""COMPUTED_VALUE"""),6470) -> 6470 | K2: =IFERROR(__xludf.DUMMYFUNCTION("""COMPUTED_VALUE"""),1) -> 1 | L2: =IFERROR(__xludf.DUMMYFUNCTION("""COMPUTED_VALUE"""),1.58333333333333) -> 1.5833333
A3: =IFERROR(__xludf.DUMMYFUNCTION("""COMPUTED_VALUE"""),"Jeff M") -> Jeff M | B3: =IFERROR(__xludf.DUMMYFUNCTION("""COMPUTED_VALUE"""),81) -> 81 | C3: =IFERROR(__xludf.DUMMYFUNCTION("""COMPUTED_VALUE"""),23) -> 23 | D3: =IFERROR(__xludf.DUMMYFUNCTION("""COMPUTED_VALUE"""),0.28395061728395) -> 0.28395062 | E3: =IFERROR(__xludf.DUMMYFUNCTION("""COMPUTED_VALUE"""),26) -> 26 | F3: =IFERROR(__xludf.DUMMYFUNCTION("""COMPUTED_VALUE"""),0.320987654320987) -> 0.32098765 | G3: =IFERROR(__xludf.DUMMYFUNCTION("""COMPUTED_VALUE"""),15) -> 15 | H3: =IFERROR(__xludf.DUMMYFUNCTION("""COMPUTED_VALUE"""),1310) -> 1310 | I3: =IFERROR(__xludf.DUMMYFUNCTION("""COMPUTED_VALUE"""),428.456790123456) -> 428.45679 | J3: =IFERROR(__xludf.DUMMYFUNCTION("""COMPUTED_VALUE"""),34705) -> 34705 | K3: =IFERROR(__xludf.DUMMYFUNCTION("""COMPUTED_VALUE"""),2) -> 2 | L3: =IFERROR(__xludf.DUMMYFUNCTION("""COMPUTED_VALUE"""),1.15668343240359) -> 1.1566834
A4: =IFERROR(__xludf.DUMMYFUNCTION("""COMPUTED_VALUE"""),"David") -> David | B4: =IFERROR(__xludf.DUMMYFUNCTION("""COMPUTED_VALUE"""),493) -> 493 | C4: =IFERROR(__xludf.DUMMYFUNCTION("""COMPUTED_VALUE"""),148) -> 148 | D4: =IFERROR(__xludf.DUMMYFUNCTION("""COMPUTED_VALUE"""),0.300202839756592) -> 0.30020284 | E4: =IFERROR(__xludf.DUMMYFUNCTION("""COMPUTED_VALUE"""),98) -> 98 | F4: =IFERROR(__xludf.DUMMYFUNCTION("""COMPUTED_VALUE"""),0.198782961460446) -> 0.19878296 | G4: =IFERROR(__xludf.DUMMYFUNCTION("""COMPUTED_VALUE"""),5) -> 5 | H4: =IFERROR(__xludf.DUMMYFUNCTION("""COMPUTED_VALUE"""),1080) -> 1080 | I4: =IFERROR(__xludf.DUMMYFUNCTION("""COMPUTED_VALUE"""),396.876267748478) -> 396.87627 | J4: =IFERROR(__xludf.DUMMYFUNCTION("""COMPUTED_VALUE"""),195660) -> 195660 | K4: =IFERROR(__xludf.DUMMYFUNCTION("""COMPUTED_VALUE"""),3) -> 3 | L4: =IFERROR(__xludf.DUMMYFUNCTION("""COMPUTED_VALUE"""),1.13838773251484) -> 1.1383877
A5: =IFERROR(__xludf.DUMMYFUNCTION("""COMPUTED_VALUE"""),"Karen") -> Karen | B5: =IFERROR(__xludf.DUMMYFUNCTION("""COMPUTED_VALUE"""),34) -> 34 | C5: =IFERROR(__xludf.DUMMYFUNCTION("""COMPUTED_VALUE"""),9) -> 9 | D5: =IFERROR(__xludf.DUMMYFUNCTION("""COMPUTED_VALUE"""),0.264705882352941) -> 0.26470588 | E5: =IFERROR(__xludf.DUMMYFUNCTION("""COMPUTED_VALUE"""),12) -> 12 | F5: =IFERROR(__xludf.DUMMYFUNCTION("""COMPUTED_VALUE"""),0.352941176470588) -> 0.35294118 | G5: =IFERROR(__xludf.DUMMYFUNCTION("""COMPUTED_VALUE"""),55) -> 55 | H5: =IFERROR(__xludf.DUMMYFUNCTION("""COMPUTED_VALUE"""),890) -> 890 | I5: =IFERROR(__xludf.DUMMYFUNCTION("""COMPUTED_VALUE"""),430.147058823529) -> 430.14706 | J5: =IFERROR(__xludf.DUMMYFUNCTION("""COMPUTED_VALUE"""),14625) -> 14625 | K5: =IFERROR(__xludf.DUMMYFUNCTION("""COMPUTED_VALUE"""),4) -> 4 | L5: =IFERROR(__xludf.DUMMYFUNCTION("""COMPUTED_VALUE"""),1.1038062283737) -> 1.1038062
A6: =IFERROR(__xludf.DUMMYFUNCTION("""COMPUTED_VALUE"""),"Charlene") -> Charlene | B6: =IFERROR(__xludf.DUMMYFUNCTION("""COMPUTED_VALUE"""),342) -> 342 | C6: =IFERROR(__xludf.DUMMYFUNCTION("""COMPUTED_VALUE"""),89) -> 89 | D6: =IFERROR(__xludf.DUMMYFUNCTION("""COMPUTED_VALUE"""),0.260233918128655) -> 0.26023392 | E6: =IFERROR(__xludf.DUMMYFUNCTION("""COMPUTED_VALUE"""),75) -> 75 | F6: =IFERROR(__xludf.DUMMYFUNCTION("""COMPUTED_VALUE"""),0.219298245614035) -> 0.21929825 | G6: =IFERROR(__xludf.DUMMYFUNCTION("""COMPUTED_VALUE"""),45) -> 45 | H6: =IFERROR(__xludf.DUMMYFUNCTION("""COMPUTED_VALUE"""),1020) -> 1020 | I6: =IFERROR(__xludf.DUMMYFUNCTION("""COMPUTED_VALUE"""),416.959064327485) -> 416.95906 | J6: =IFERROR(__xludf.DUMMYFUNCTION("""COMPUTED_VALUE"""),142600) -> 142600 | K6: =IFERROR(__xludf.DUMMYFUNCTION("""COMPUTED_VALUE"""),5) -> 5 | L6: =IFERROR(__xludf.DUMMYFUNCTION("""COMPUTED_VALUE"""),1.07345850005129) -> 1.0734585
A7: =IFERROR(__xludf.DUMMYFUNCTION("""COMPUTED_VALUE"""),"Nancy") -> Nancy | B7: =IFERROR(__xludf.DUMMYFUNCTION("""COMPUTED_VALUE"""),514) -> 514 | C7: =IFERROR(__xludf.DUMMYFUNCTION("""COMPUTED_VALUE"""),137) -> 137 | D7: =IFERROR(__xludf.DUMMYFUNCTION("""COMPUTED_VALUE"""),0.266536964980544) -> 0.26653696 | E7: =IFERROR(__xludf.DUMMYFUNCTION("""COMPUTED_VALUE"""),114) -> 114 | F7: =IFERROR(__xludf.DUMMYFUNCTION("""COMPUTED_VALUE"""),0.221789883268482) -> 0.22178988 | G7: =IFERROR(__xludf.DUMMYFUNCTION("""COMPUTED_VALUE"""),30) -> 30 | H7: =IFERROR(__xludf.DUMMYFUNCTION("""COMPUTED_VALUE"""),1100) -> 1100 | I7: =IFERROR(__xludf.DUMMYFUNCTION("""COMPUTED_VALUE"""),406.038910505836) -> 406.03891 | J7: =IFERROR(__xludf.DUMMYFUNCTION("""COMPUTED_VALUE"""),208704) -> 208704 | K7: =IFERROR(__xludf.DUMMYFUNCTION("""COMPUTED_VALUE"""),6) -> 6 | L7: =IFERROR(__xludf.DUMMYFUNCTION("""COMPUTED_VALUE"""),1.02755529985313) -> 1.0275553
A8: =IFERROR(__xludf.DUMMYFUNCTION("""COMPUTED_VALUE"""),"Debby") -> Debby | B8: =IFERROR(__xludf.DUMMYFUNCTION("""COMPUTED_VALUE"""),184) -> 184 | C8: =IFERROR(__xludf.DUMMYFUNCTION("""COMPUTED_VALUE"""),43) -> 43 | D8: =IFERROR(__xludf.DUMMYFUNCTION("""COMPUTED_VALUE"""),0.233695652173913) -> 0.23369565 | E8: =IFERROR(__xludf.DUMMYFUNCTION("""COMPUTED_VALUE"""),55) -> 55 | F8: =IFERROR(__xludf.DUMMYFUNCTION("""COMPUTED_VALUE"""),0.29891304347826) -> 0.29891304 | G8: =IFERROR(__xludf.DUMMYFUNCTION("""COMPUTED_VALUE"""),25) -> 25 | H8: =IFERROR(__xludf.DUMMYFUNCTION("""COMPUTED_VALUE"""),1025) -> 1025 | I8: =IFERROR(__xludf.DUMMYFUNCTION("""COMPUTED_VALUE"""),459.130434782608) -> 459.13043 | J8: =IFERROR(__xludf.DUMMYFUNCTION("""COMPUTED_VALUE"""),84480) -> 84480 | K8: =IFERROR(__xludf.DUMMYFUNCTION("""COMPUTED_VALUE"""),7) -> 7 | L8: =IFERROR(__xludf.DUMMYFUNCTION("""COMPUTED_VALUE"""),0.977108931947069) -> 0.97710893
A9: =IFERROR(__xludf.DUMMYFUNCTION("""COMPUTED_VALUE"""),"Sally") -> Sally | B9: =IFERROR(__xludf.DUMMYFUNCTION("""COMPUTED_VALUE"""),207) -> 207 | C9: =IFERROR(__xludf.DUMMYFUNCTION("""COMPUTED_VALUE"""),45) -> 45 | D9: =IFERROR(__xludf.DUMMYFUNCTION("""COMPUTED_VALUE"""),0.217391304347826) -> 0.2173913 | E9: =IFERROR(__xludf.DUMMYFUNCTION("""COMPUTED_VALUE"""),78) -> 78 | F9: =IFERROR(__xludf.DUMMYFUNCTION("""COMPUTED_VALUE"""),0.376811594202898) -> 0.37681159 | G9: =IFERROR(__xludf.DUMMYFUNCTION("""COMPUTED_VALUE"""),40) -> 40 | H9: =IFERROR(__xludf.DUMMYFUNCTION("""COMPUTED_VALUE"""),1185) -> 1185 | I9: =IFERROR(__xludf.DUMMYFUNCTION("""COMPUTED_VALUE"""),446.71497584541) -> 446.71498 | J9: =IFERROR(__xludf.DUMMYFUNCTION("""COMPUTED_VALUE"""),92470) -> 92470 | K9: =IFERROR(__xludf.DUMMYFUNCTION("""COMPUTED_VALUE"""),8) -> 8 | L9: =IFERROR(__xludf.DUMMYFUNCTION("""COMPUTED_VALUE"""),0.766108894023197) -> 0.76610889
A10: =IFERROR(__xludf.DUMMYFUNCTION("""COMPUTED_VALUE"""),"Sara") -> Sara | B10: =IFERROR(__xludf.DUMMYFUNCTION("""COMPUTED_VALUE"""),26) -> 26 | C10: =IFERROR(__xludf.DUMMYFUNCTION("""COMPUTED_VALUE"""),5) -> 5 | D10: =IFERROR(__xludf.DUMMYFUNCTION("""COMPUTED_VALUE"""),0.192307692307692) -> 0.19230769 | E10: =IFERROR(__xludf.DUMMYFUNCTION("""COMPUTED_VALUE"""),7) -> 7 | F10: =IFERROR(__xludf.DUMMYFUNCTION("""COMPUTED_VALUE"""),0.269230769230769) -> 0.26923077 | G10: =IFERROR(__xludf.DUMMYFUNCTION("""COMPUTED_VALUE"""),45) -> 45 | H10: =IFERROR(__xludf.DUMMYFUNCTION("""COMPUTED_VALUE"""),940) -> 940 | I10: =IFERROR(__xludf.DUMMYFUNCTION("""COMPUTED_VALUE"""),367.692307692307) -> 367.69231 | J10: =IFERROR(__xludf.DUMMYFUNCTION("""COMPUTED_VALUE"""),9560) -> 9560 | K10: =IFERROR(__xludf.DUMMYFUNCTION("""COMPUTED_VALUE"""),9) -> 9 | L10: =IFERROR(__xludf.DUMMYFUNCTION("""COMPUTED_VALUE"""),0.692307692307692) -> 0.69230769
A11: =IFERROR(__xludf.DUMMYFUNCTION("""COMPUTED_VALUE"""),"Sandy") -> Sandy | B11: =IFERROR(__xludf.DUMMYFUNCTION("""COMPUTED_VALUE"""),138) -> 138 | C11: =IFERROR(__xludf.DUMMYFUNCTION("""COMPUTED_VALUE"""),21) -> 21 | D11: =IFERROR(__xludf.DUMMYFUNCTION("""COMPUTED_VALUE"""),0.152173913043478) -> 0.15217391 | E11: =IFERROR(__xludf.DUMMYFUNCTION("""COMPUTED_VALUE"""),43) -> 43 | F11: =IFERROR(__xludf.DUMMYFUNCTION("""COMPUTED_VALUE"""),0.31159420289855) -> 0.3115942 | G11: =IFERROR(__xludf.DUMMYFUNCTION("""COMPUTED_VALUE"""),40) -> 40 | H11: =IFERROR(__xludf.DUMMYFUNCTION("""COMPUTED_VALUE"""),1120) -> 1120 | I11: =IFERROR(__xludf.DUMMYFUNCTION("""COMPUTED_VALUE"""),501.884057971014) -> 501.88406 | J11: =IFERROR(__xludf.DUMMYFUNCTION("""COMPUTED_VALUE"""),69260) -> 69260 | K11: =IFERROR(__xludf.DUMMYFUNCTION("""COMPUTED_VALUE"""),10) -> 10 | L11: =IFERROR(__xludf.DUMMYFUNCTION("""COMPUTED_VALUE"""),0.657004830917874) -> 0.65700483

Sheet Stats (dont edit)
A1: Name | B1: Games | C1: Wins | D1: Win % | E1: Losses | F1: Loss % | G1: Lowest | H1: Highest | I1: Avg | J1: All Time | K1: Rank | L1: Score
A2: =('Pivot (dont edit)'!A4) -> aa | B2: =COUNT('Pivot (dont edit)'!4:4) -> 917 | C2: =COUNTIF('Raw Games'!P:P,$A2) -> 0 | D2: =IF($B2>'Constants (dont edit)'!$B$3,C2/$B2,"") -> 0 | E2: =COUNTIF('Raw Games'!Q:Q,$A2) -> 0 | F2: =IF($B2>'Constants (dont edit)'!$B$3,E2/$B2,"") -> 0 | G2: =MIN('Pivot (dont edit)'!4:4) -> #N/A | H2: =MAX('Pivot (dont edit)'!4:4) -> #N/A | I2: =IF(AND(B2>='Constants (dont edit)'!$B$4,SUM('Pivot (dont edit)'!4:4)>0), AVERAGE('Pivot (dont edit)'!4:4), "") -> #N/A | J2: =SUM('Pivot (dont edit)'!4:4) -> #N/A | K2: =RANK(L2,L:L) -> 1 | L2: =IF($B2>'Constants (dont edit)'!$B$3,(SUMIF('Raw Games'!P:P,$A2,'Raw Games'!R:R)-SUMIF('Raw Games'!Q:Q,$A2,'Raw Games'!R:R)/B2)/B2,0) -> 0
A3: =('Pivot (dont edit)'!A5) -> Aurora | B3: =COUNT('Pivot (dont edit)'!5:5) -> 917 | C3: =COUNTIF('Raw Games'!P:P,$A3) -> 0 | D3: =IF($B3>'Constants (dont edit)'!$B$3,C3/$B3,"") -> 0 | E3: =COUNTIF('Raw Games'!Q:Q,$A3) -> 0 | F3: =IF($B3>'Constants (dont edit)'!$B$3,E3/$B3,"") -> 0 | G3: =MIN('Pivot (dont edit)'!5:5) -> #N/A | H3: =MAX('Pivot (dont edit)'!5:5) -> #N/A | I3: =IF(AND(B3>='Constants (dont edit)'!$B$4,SUM('Pivot (dont edit)'!5:5)>0), AVERAGE('Pivot (dont edit)'!5:5), "") -> #N/A | J3: =SUM('Pivot (dont edit)'!5:5) -> #N/A | K3: =RANK(L3,L:L) -> 1 | L3: =IF($B3>'Constants (dont edit)'!$B$3,(SUMIF('Raw Games'!P:P,$A3,'Raw Games'!R:R)-SUMIF('Raw Games'!Q:Q,$A3,'Raw Games'!R:R)/B3)/B3,0) -> 0
A4: =('Pivot (dont edit)'!A6) -> Lucas | B4: =COUNT('Pivot (dont edit)'!6:6) -> 916 | C4: =COUNTIF('Raw Games'!P:P,$A4) -> 0 | D4: =IF($B4>'Constants (dont edit)'!$B$3,C4/$B4,"") -> 0 | E4: =COUNTIF('Raw Games'!Q:Q,$A4) -> 0 | F4: =IF($B4>'Constants (dont edit)'!$B$3,E4/$B4,"") -> 0 | G4: =MIN('Pivot (dont edit)'!6:6) -> #N/A | H4: =MAX('Pivot (dont edit)'!6:6) -> #N/A | I4: =IF(AND(B4>='Constants (dont edit)'!$B$4,SUM('Pivot (dont edit)'!6:6)>0), AVERAGE('Pivot (dont edit)'!6:6), "") -> #N/A | J4: =SUM('Pivot (dont edit)'!6:6) -> #N/A | K4: =RANK(L4,L:L) -> 1 | L4: =IF($B4>'Constants (dont edit)'!$B$3,(SUMIF('Raw Games'!P:P,$A4,'Raw Games'!R:R)-SUMIF('Raw Games'!Q:Q,$A4,'Raw Games'!R:R)/B4)/B4,0) -> 0
A5: =('Pivot (dont edit)'!A7) -> Lily | B5: =COUNT('Pivot (dont edit)'!7:7) -> 917 | C5: =COUNTIF('Raw Games'!P:P,$A5) -> 0 | D5: =IF($B5>'Constants (dont edit)'!$B$3,C5/$B5,"") -> 0 | E5: =COUNTIF('Raw Games'!Q:Q,$A5) -> 0 | F5: =IF($B5>'Constants (dont edit)'!$B$3,E5/$B5,"") -> 0 | G5: =MIN('Pivot (dont edit)'!7:7) -> #N/A | H5: =MAX('Pivot (dont edit)'!7:7) -> #N/A | I5: =IF(AND(B5>='Constants (dont edit)'!$B$4,SUM('Pivot (dont edit)'!7:7)>0), AVERAGE('Pivot (dont edit)'!7:7), "") -> #N/A | J5: =SUM('Pivot (dont edit)'!7:7) -> #N/A | K5: =RANK(L5,L:L) -> 1 | L5: =IF($B5>'Constants (dont edit)'!$B$3,(SUMIF('Raw Games'!P:P,$A5,'Raw Games'!R:R)-SUMIF('Raw Games'!Q:Q,$A5,'Raw Games'!R:R)/B5)/B5,0) -> 0
A6: =('Pivot (dont edit)'!A8) -> Owen | B6: =COUNT('Pivot (dont edit)'!8:8) -> 917 | C6: =COUNTIF('Raw Games'!P:P,$A6) -> 0 | D6: =IF($B6>'Constants (dont edit)'!$B$3,C6/$B6,"") -> 0 | E6: =COUNTIF('Raw Games'!Q:Q,$A6) -> 0 | F6: =IF($B6>'Constants (dont edit)'!$B$3,E6/$B6,"") -> 0 | G6: =MIN('Pivot (dont edit)'!8:8) -> #N/A | H6: =MAX('Pivot (dont edit)'!8:8) -> #N/A | I6: =IF(AND(B6>='Constants (dont edit)'!$B$4,SUM('Pivot (dont edit)'!8:8)>0), AVERAGE('Pivot (dont edit)'!8:8), "") -> #N/A | J6: =SUM('Pivot (dont edit)'!8:8) -> #N/A | K6: =RANK(L6,L:L) -> 1 | L6: =IF($B6>'Constants (dont edit)'!$B$3,(SUMIF('Raw Games'!P:P,$A6,'Raw Games'!R:R)-SUMIF('Raw Games'!Q:Q,$A6,'Raw Games'!R:R)/B6)/B6,0) -> 0
A7: =('Pivot (dont edit)'!A9) -> Cooper | B7: =COUNT('Pivot (dont edit)'!9:9) -> 917 | C7: =COUNTIF('Raw Games'!P:P,$A7) -> 0 | D7: =IF($B7>'Constants (dont edit)'!$B$3,C7/$B7,"") -> 0 | E7: =COUNTIF('Raw Games'!Q:Q,$A7) -> 0 | F7: =IF($B7>'Constants (dont edit)'!$B$3,E7/$B7,"") -> 0 | G7: =MIN('Pivot (dont edit)'!9:9) -> #N/A | H7: =MAX('Pivot (dont edit)'!9:9) -> #N/A | I7: =IF(AND(B7>='Constants (dont edit)'!$B$4,SUM('Pivot (dont edit)'!9:9)>0), AVERAGE('Pivot (dont edit)'!9:9), "") -> #N/A | J7: =SUM('Pivot (dont edit)'!9:9) -> #N/A | K7: =RANK(L7,L:L) -> 1 | L7: =IF($B7>'Constants (dont edit)'!$B$3,(SUMIF('Raw Games'!P:P,$A7,'Raw Games'!R:R)-SUMIF('Raw Games'!Q:Q,$A7,'Raw Games'!R:R)/B7)/B7,0) -> 0
A8: =('Pivot (dont edit)'!A10) -> Lucy | B8: =COUNT('Pivot (dont edit)'!10:10) -> 917 | C8: =COUNTIF('Raw Games'!P:P,$A8) -> 0 | D8: =IF($B8>'Constants (dont edit)'!$B$3,C8/$B8,"") -> 0 | E8: =COUNTIF('Raw Games'!Q:Q,$A8) -> 0 | F8: =IF($B8>'Constants (dont edit)'!$B$3,E8/$B8,"") -> 0 | G8: =MIN('Pivot (dont edit)'!10:10) -> #N/A | H8: =MAX('Pivot (dont edit)'!10:10) -> #N/A | I8: =IF(AND(B8>='Constants (dont edit)'!$B$4,SUM('Pivot (dont edit)'!10:10)>0), AVERAGE('Pivot (dont edit)'!10:10), "") -> #N/A | J8: =SUM('Pivot (dont edit)'!10:10) -> #N/A | K8: =RANK(L8,L:L) -> 1 | L8: =IF($B8>'Constants (dont edit)'!$B$3,(SUMIF('Raw Games'!P:P,$A8,'Raw Games'!R:R)-SUMIF('Raw Games'!Q:Q,$A8,'Raw Games'!R:R)/B8)/B8,0) -> 0
A9: =('Pivot (dont edit)'!A11) -> Luna | B9: =COUNT('Pivot (dont edit)'!11:11) -> 917 | C9: =COUNTIF('Raw Games'!P:P,$A9) -> 0 | D9: =IF($B9>'Constants (dont edit)'!$B$3,C9/$B9,"") -> 0 | E9: =COUNTIF('Raw Games'!Q:Q,$A9) -> 0 | F9: =IF($B9>'Constants (dont edit)'!$B$3,E9/$B9,"") -> 0 | G9: =MIN('Pivot (dont edit)'!11:11) -> #N/A | H9: =MAX('Pivot (dont edit)'!11:11) -> #N/A | I9: =IF(AND(B9>='Constants (dont edit)'!$B$4,SUM('Pivot (dont edit)'!11:11)>0), AVERAGE('Pivot (dont edit)'!11:11), "") -> #N/A | J9: =SUM('Pivot (dont edit)'!11:11) -> #N/A | K9: =RANK(L9,L:L) -> 1 | L9: =IF($B9>'Constants (dont edit)'!$B$3,(SUMIF('Raw Games'!P:P,$A9,'Raw Games'!R:R)-SUMIF('Raw Games'!Q:Q,$A9,'Raw Games'!R:R)/B9)/B9,0) -> 0
A10: =('Pivot (dont edit)'!A12) -> Layla | B10: =COUNT('Pivot (dont edit)'!12:12) -> 917 | C10: =COUNTIF('Raw Games'!P:P,$A10) -> 0 | D10: =IF($B10>'Constants (dont edit)'!$B$3,C10/$B10,"") -> 0 | E10: =COUNTIF('Raw Games'!Q:Q,$A10) -> 0 | F10: =IF($B10>'Constants (dont edit)'!$B$3,E10/$B10,"") -> 0 | G10: =MIN('Pivot (dont edit)'!12:12) -> #N/A | H10: =MAX('Pivot (dont edit)'!12:12) -> #N/A | I10: =IF(AND(B10>='Constants (dont edit)'!$B$4,SUM('Pivot (dont edit)'!12:12)>0), AVERAGE('Pivot (dont edit)'!12:12), "") -> #N/A | J10: =SUM('Pivot (dont edit)'!12:12) -> #N/A | K10: =RANK(L10,L:L) -> 1 | L10: =IF($B10>'Constants (dont edit)'!$B$3,(SUMIF('Raw Games'!P:P,$A10,'Raw Games'!R:R)-SUMIF('Raw Games'!Q:Q,$A10,'Raw Games'!R:R)/B10)/B10,0) -> 0
A11: =('Pivot (dont edit)'!A13) -> 0 | B11: =COUNT('Pivot (dont edit)'!13:13) -> 918 | C11: =COUNTIF('Raw Games'!P:P,$A11) -> 0 | D11: =IF($B11>'Constants (dont edit)'!$B$3,C11/$B11,"") -> 0 | E11: =COUNTIF('Raw Games'!Q:Q,$A11) -> 0 | F11: =IF($B11>'Constants (dont edit)'!$B$3,E11/$B11,"") -> 0 | G11: =MIN('Pivot (dont edit)'!13:13) -> #N/A | H11: =MAX('Pivot (dont edit)'!13:13) -> #N/A | I11: =IF(AND(B11>='Constants (dont edit)'!$B$4,SUM('Pivot (dont edit)'!13:13)>0), AVERAGE('Pivot (dont edit)'!13:13), "") -> #N/A | J11: =SUM('Pivot (dont edit)'!13:13) -> #N/A | K11: =RANK(L11,L:L) -> 1 | L11: =IF($B11>'Constants (dont edit)'!$B$3,(SUMIF('Raw Games'!P:P,$A11,'Raw Games'!R:R)-SUMIF('Raw Games'!Q:Q,$A11,'Raw Games'!R:R)/B11)/B11,0) -> 0
A12: =('Pivot (dont edit)'!A14) -> Min | B12: =COUNT('Pivot (dont edit)'!14:14) -> 917 | C12: =COUNTIF('Raw Games'!P:P,$A12) -> 0 | D12: =IF($B12>'Constants (dont edit)'!$B$3,C12/$B12,"") -> 0 | E12: =COUNTIF('Raw Games'!Q:Q,$A12) -> 0 | F12: =IF($B12>'Constants (dont edit)'!$B$3,E12/$B12,"") -> 0 | G12: =MIN('Pivot (dont edit)'!14:14) -> #N/A | H12: =MAX('Pivot (dont edit)'!14:14) -> #N/A | I12: =IF(AND(B12>='Constants (dont edit)'!$B$4,SUM('Pivot (dont edit)'!14:14)>0), AVERAGE('Pivot (dont edit)'!14:14), "") -> #N/A | J12: =SUM('Pivot (dont edit)'!14:14) -> #N/A | K12: =RANK(L12,L:L) -> 1 | L12: =IF($B12>'Constants (dont edit)'!$B$3,(SUMIF('Raw Games'!P:P,$A12,'Raw Games'!R:R)-SUMIF('Raw Games'!Q:Q,$A12,'Raw Games'!R:R)/B12)/B12,0) -> 0
A13: =('Pivot (dont edit)'!A15) -> Max | B13: =COUNT('Pivot (dont edit)'!15:15) -> 917 | C13: =COUNTIF('Raw Games'!P:P,$A13) -> 0 | D13: =IF($B13>'Constants (dont edit)'!$B$3,C13/$B13,"") -> 0 | E13: =COUNTIF('Raw Games'!Q:Q,$A13) -> 0 | F13: =IF($B13>'Constants (dont edit)'!$B$3,E13/$B13,"") -> 0 | G13: =MIN('Pivot (dont edit)'!15:15) -> #N/A | H13: =MAX('Pivot (dont edit)'!15:15) -> #N/A | I13: =IF(AND(B13>='Constants (dont edit)'!$B$4,SUM('Pivot (dont edit)'!15:15)>0), AVERAGE('Pivot (dont edit)'!15:15), "") -> #N/A | J13: =SUM('Pivot (dont edit)'!15:15) -> #N/A | K13: =RANK(L13,L:L) -> 1 | L13: =IF($B13>'Constants (dont edit)'!$B$3,(SUMIF('Raw Games'!P:P,$A13,'Raw Games'!R:R)-SUMIF('Raw Games'!Q:Q,$A13,'Raw Games'!R:R)/B13)/B13,0) -> 0
A14: =('Pivot (dont edit)'!A16) -> Winner | B14: =COUNT('Pivot (dont edit)'!16:16) -> 483 | C14: =COUNTIF('Raw Games'!P:P,$A14) -> 1 | D14: =IF($B14>'Constants (dont edit)'!$B$3,C14/$B14,"") -> 0.0020703934 | E14: =COUNTIF('Raw Games'!Q:Q,$A14) -> 0 | F14: =IF($B14>'Constants (dont edit)'!$B$3,E14/$B14,"") -> 0 | G14: =MIN('Pivot (dont edit)'!16:16) -> #N/A | H14: =MAX('Pivot (dont edit)'!16:16) -> #N/A | I14: =IF(AND(B14>='Constants (dont edit)'!$B$4,SUM('Pivot (dont edit)'!16:16)>0), AVERAGE('Pivot (dont edit)'!16:16), "") -> #N/A | J14: =SUM('Pivot (dont edit)'!16:16) -> #N/A | K14: =RANK(L14,L:L) -> 1 | L14: =IF($B14>'Constants (dont edit)'!$B$3,(SUMIF('Raw Games'!P:P,$A14,'Raw Games'!R:R)-SUMIF('Raw Games'!Q:Q,$A14,'Raw Games'!R:R)/B14)/B14,0) -> 0
A15: =('Pivot (dont edit)'!A17) -> Loser | B15: =COUNT('Pivot (dont edit)'!17:17) -> 483 | C15: =COUNTIF('Raw Games'!P:P,$A15) -> 0 | D15: =IF($B15>'Constants (dont edit)'!$B$3,C15/$B15,"") -> 0 | E15: =COUNTIF('Raw Games'!Q:Q,$A15) -> 1 | F15: =IF($B15>'Constants (dont edit)'!$B$3,E15/$B15,"") -> 0.0020703934 | G15: =MIN('Pivot (dont edit)'!17:17) -> #N/A | H15: =MAX('Pivot (dont edit)'!17:17) -> #N/A | I15: =IF(AND(B15>='Constants (dont edit)'!$B$4,SUM('Pivot (dont edit)'!17:17)>0), AVERAGE('Pivot (dont edit)'!17:17), "") -> #N/A | J15: =SUM('Pivot (dont edit)'!17:17) -> #N/A | K15: =RANK(L15,L:L) -> 1 | L15: =IF($B15>'Constants (dont edit)'!$B$3,(SUMIF('Raw Games'!P:P,$A15,'Raw Games'!R:R)-SUMIF('Raw Games'!Q:Q,$A15,'Raw Games'!R:R)/B15)/B15,0) -> 0
A16: =('Pivot (dont edit)'!A18) -> Players | B16: =COUNT('Pivot (dont edit)'!18:18) -> 917 | C16: =COUNTIF('Raw Games'!P:P,$A16) -> 0 | D16: =IF($B16>'Constants (dont edit)'!$B$3,C16/$B16,"") -> 0 | E16: =COUNTIF('Raw Games'!Q:Q,$A16) -> 0 | F16: =IF($B16>'Constants (dont edit)'!$B$3,E16/$B16,"") -> 0 | G16: =MIN('Pivot (dont edit)'!18:18) -> #N/A | H16: =MAX('Pivot (dont edit)'!18:18) -> #N/A | I16: =IF(AND(B16>='Constants (dont edit)'!$B$4,SUM('Pivot (dont edit)'!18:18)>0), AVERAGE('Pivot (dont edit)'!18:18), "") -> #N/A | J16: =SUM('Pivot (dont edit)'!18:18) -> #N/A | K16: =RANK(L16,L:L) -> 1 | L16: =IF($B16>'Constants (dont edit)'!$B$3,(SUMIF('Raw Games'!P:P,$A16,'Raw Games'!R:R)-SUMIF('Raw Games'!Q:Q,$A16,'Raw Games'!R:R)/B16)/B16,0) -> 0
A17: =('Pivot (dont edit)'!A19) -> 0 | B17: =COUNT('Pivot (dont edit)'!19:19) -> 918 | C17: =COUNTIF('Raw Games'!P:P,$A17) -> 0 | D17: =IF($B17>'Constants (dont edit)'!$B$3,C17/$B17,"") -> 0 | E17: =COUNTIF('Raw Games'!Q:Q,$A17) -> 0 | F17: =IF($B17>'Constants (dont edit)'!$B$3,E17/$B17,"") -> 0 | G17: =MIN('Pivot (dont edit)'!19:19) -> #N/A | H17: =MAX('Pivot (dont edit)'!19:19) -> #N/A | I17: =IF(AND(B17>='Constants (dont edit)'!$B$4,SUM('Pivot (dont edit)'!19:19)>0), AVERAGE('Pivot (dont edit)'!19:19), "") -> #N/A | J17: =SUM('Pivot (dont edit)'!19:19) -> #N/A | K17: =RANK(L17,L:L) -> 1 | L17: =IF($B17>'Constants (dont edit)'!$B$3,(SUMIF('Raw Games'!P:P,$A17,'Raw Games'!R:R)-SUMIF('Raw Games'!Q:Q,$A17,'Raw Games'!R:R)/B17)/B17,0) -> 0
A18: =('Pivot (dont edit)'!A20) -> 0 | B18: =COUNT('Pivot (dont edit)'!20:20) -> 918 | C18: =COUNTIF('Raw Games'!P:P,$A18) -> 0 | D18: =IF($B18>'Constants (dont edit)'!$B$3,C18/$B18,"") -> 0 | E18: =COUNTIF('Raw Games'!Q:Q,$A18) -> 0 | F18: =IF($B18>'Constants (dont edit)'!$B$3,E18/$B18,"") -> 0 | G18: =MIN('Pivot (dont edit)'!20:20) -> #N/A | H18: =MAX('Pivot (dont edit)'!20:20) -> #N/A | I18: =IF(AND(B18>='Constants (dont edit)'!$B$4,SUM('Pivot (dont edit)'!20:20)>0), AVERAGE('Pivot (dont edit)'!20:20), "") -> #N/A | J18: =SUM('Pivot (dont edit)'!20:20) -> #N/A | K18: =RANK(L18,L:L) -> 1 | L18: =IF($B18>'Constants (dont edit)'!$B$3,(SUMIF('Raw Games'!P:P,$A18,'Raw Games'!R:R)-SUMIF('Raw Games'!Q:Q,$A18,'Raw Games'!R:R)/B18)/B18,0) -> 0
A19: =('Pivot (dont edit)'!A21) -> 0 | B19: =COUNT('Pivot (dont edit)'!21:21) -> 918 | C19: =COUNTIF('Raw Games'!P:P,$A19) -> 0 | D19: =IF($B19>'Constants (dont edit)'!$B$3,C19/$B19,"") -> 0 | E19: =COUNTIF('Raw Games'!Q:Q,$A19) -> 0 | F19: =IF($B19>'Constants (dont edit)'!$B$3,E19/$B19,"") -> 0 | G19: =MIN('Pivot (dont edit)'!21:21) -> #N/A | H19: =MAX('Pivot (dont edit)'!21:21) -> #N/A | I19: =IF(AND(B19>='Constants (dont edit)'!$B$4,SUM('Pivot (dont edit)'!21:21)>0), AVERAGE('Pivot (dont edit)'!21:21), "") -> #N/A | J19: =SUM('Pivot (dont edit)'!21:21) -> #N/A | K19: =RANK(L19,L:L) -> 1 | L19: =IF($B19>'Constants (dont edit)'!$B$3,(SUMIF('Raw Games'!P:P,$A19,'Raw Games'!R:R)-SUMIF('Raw Games'!Q:Q,$A19,'Raw Games'!R:R)/B19)/B19,0) -> 0
A20: =('Pivot (dont edit)'!A22) -> 0 | B20: =COUNT('Pivot (dont edit)'!22:22) -> 918 | C20: =COUNTIF('Raw Games'!P:P,$A20) -> 0 | D20: =IF($B20>'Constants (dont edit)'!$B$3,C20/$B20,"") -> 0 | E20: =COUNTIF('Raw Games'!Q:Q,$A20) -> 0 | F20: =IF($B20>'Constants (dont edit)'!$B$3,E20/$B20,"") -> 0 | G20: =MIN('Pivot (dont edit)'!22:22) -> #N/A | H20: =MAX('Pivot (dont edit)'!22:22) -> #N/A | I20: =IF(AND(B20>='Constants (dont edit)'!$B$4,SUM('Pivot (dont edit)'!22:22)>0), AVERAGE('Pivot (dont edit)'!22:22), "") -> #N/A | J20: =SUM('Pivot (dont edit)'!22:22) -> #N/A | K20: =RANK(L20,L:L) -> 1 | L20: =IF($B20>'Constants (dont edit)'!$B$3,(SUMIF('Raw Games'!P:P,$A20,'Raw Games'!R:R)-SUMIF('Raw Games'!Q:Q,$A20,'Raw Games'!R:R)/B20)/B20,0) -> 0
A21: =('Pivot (dont edit)'!A23) -> 0 | B21: =COUNT('Pivot (dont edit)'!23:23) -> 918 | C21: =COUNTIF('Raw Games'!P:P,$A21) -> 0 | D21: =IF($B21>'Constants (dont edit)'!$B$3,C21/$B21,"") -> 0 | E21: =COUNTIF('Raw Games'!Q:Q,$A21) -> 0 | F21: =IF($B21>'Constants (dont edit)'!$B$3,E21/$B21,"") -> 0 | G21: =MIN('Pivot (dont edit)'!23:23) -> #N/A | H21: =MAX('Pivot (dont edit)'!23:23) -> #N/A | I21: =IF(AND(B21>='Constants (dont edit)'!$B$4,SUM('Pivot (dont edit)'!23:23)>0), AVERAGE('Pivot (dont edit)'!23:23), "") -> #N/A | J21: =SUM('Pivot (dont edit)'!23:23) -> #N/A | K21: =RANK(L21,L:L) -> 1 | L21: =IF($B21>'Constants (dont edit)'!$B$3,(SUMIF('Raw Games'!P:P,$A21,'Raw Games'!R:R)-SUMIF('Raw Games'!Q:Q,$A21,'Raw Games'!R:R)/B21)/B21,0) -> 0
A22: =('Pivot (dont edit)'!A24) -> 0 | B22: =COUNT('Pivot (dont edit)'!24:24) -> 918 | C22: =COUNTIF('Raw Games'!P:P,$A22) -> 0 | D22: =IF($B22>'Constants (dont edit)'!$B$3,C22/$B22,"") -> 0 | E22: =COUNTIF('Raw Games'!Q:Q,$A22) -> 0 | F22: =IF($B22>'Constants (dont edit)'!$B$3,E22/$B22,"") -> 0 | G22: =MIN('Pivot (dont edit)'!24:24) -> #N/A | H22: =MAX('Pivot (dont edit)'!24:24) -> #N/A | I22: =IF(AND(B22>='Constants (dont edit)'!$B$4,SUM('Pivot (dont edit)'!24:24)>0), AVERAGE('Pivot (dont edit)'!24:24), "") -> #N/A | J22: =SUM('Pivot (dont edit)'!24:24) -> #N/A | K22: =RANK(L22,L:L) -> 1 | L22: =IF($B22>'Constants (dont edit)'!$B$3,(SUMIF('Raw Games'!P:P,$A22,'Raw Games'!R:R)-SUMIF('Raw Games'!Q:Q,$A22,'Raw Games'!R:R)/B22)/B22,0) -> 0
A23: =('Pivot (dont edit)'!A25) -> 0 | B23: =COUNT('Pivot (dont edit)'!25:25) -> 918 | C23: =COUNTIF('Raw Games'!P:P,$A23) -> 0 | D23: =IF($B23>'Constants (dont edit)'!$B$3,C23/$B23,"") -> 0 | E23: =COUNTIF('Raw Games'!Q:Q,$A23) -> 0 | F23: =IF($B23>'Constants (dont edit)'!$B$3,E23/$B23,"") -> 0 | G23: =MIN('Pivot (dont edit)'!25:25) -> #N/A | H23: =MAX('Pivot (dont edit)'!25:25) -> #N/A | I23: =IF(AND(B23>='Constants (dont edit)'!$B$4,SUM('Pivot (dont edit)'!25:25)>0), AVERAGE('Pivot (dont edit)'!25:25), "") -> #N/A | J23: =SUM('Pivot (dont edit)'!25:25) -> #N/A | K23: =RANK(L23,L:L) -> 1 | L23: =IF($B23>'Constants (dont edit)'!$B$3,(SUMIF('Raw Games'!P:P,$A23,'Raw Games'!R:R)-SUMIF('Raw Games'!Q:Q,$A23,'Raw Games'!R:R)/B23)/B23,0) -> 0
A24: =('Pivot (dont edit)'!A26) -> 0 | B24: =COUNT('Pivot (dont edit)'!26:26) -> 918 | C24: =COUNTIF('Raw Games'!P:P,$A24) -> 0 | D24: =IF($B24>'Constants (dont edit)'!$B$3,C24/$B24,"") -> 0 | E24: =COUNTIF('Raw Games'!Q:Q,$A24) -> 0 | F24: =IF($B24>'Constants (dont edit)'!$B$3,E24/$B24,"") -> 0 | G24: =MIN('Pivot (dont edit)'!26:26) -> #N/A | H24: =MAX('Pivot (dont edit)'!26:26) -> #N/A | I24: =IF(AND(B24>='Constants (dont edit)'!$B$4,SUM('Pivot (dont edit)'!26:26)>0), AVERAGE('Pivot (dont edit)'!26:26), "") -> #N/A | J24: =SUM('Pivot (dont edit)'!26:26) -> #N/A | K24: =RANK(L24,L:L) -> 1 | L24: =IF($B24>'Constants (dont edit)'!$B$3,(SUMIF('Raw Games'!P:P,$A24,'Raw Games'!R:R)-SUMIF('Raw Games'!Q:Q,$A24,'Raw Games'!R:R)/B24)/B24,0) -> 0
A25: =('Pivot (dont edit)'!A27) -> 0 | B25: =COUNT('Pivot (dont edit)'!27:27) -> 918 | C25: =COUNTIF('Raw Games'!P:P,$A25) -> 0 | D25: =IF($B25>'Constants (dont edit)'!$B$3,C25/$B25,"") -> 0 | E25: =COUNTIF('Raw Games'!Q:Q,$A25) -> 0 | F25: =IF($B25>'Constants (dont edit)'!$B$3,E25/$B25,"") -> 0 | G25: =MIN('Pivot (dont edit)'!27:27) -> #N/A | H25: =MAX('Pivot (dont edit)'!27:27) -> #N/A | I25: =IF(AND(B25>='Constants (dont edit)'!$B$4,SUM('Pivot (dont edit)'!27:27)>0), AVERAGE('Pivot (dont edit)'!27:27), "") -> #N/A | J25: =SUM('Pivot (dont edit)'!27:27) -> #N/A | K25: =RANK(L25,L:L) -> 1 | L25: =IF($B25>'Constants (dont edit)'!$B$3,(SUMIF('Raw Games'!P:P,$A25,'Raw Games'!R:R)-SUMIF('Raw Games'!Q:Q,$A25,'Raw Games'!R:R)/B25)/B25,0) -> 0 | M25: =('Pivot (dont edit)'!M27) -> 0 | N25: =COUNT('Pivot (dont edit)'!27:27) -> 918 | O25: =COUNTIF('Raw Games'!AB:AB,$A25) -> 0 | P25: =IF($B25>'Constants (dont edit)'!$B$3,O25/$B25,"") -> 0 | Q25: =COUNTIF('Raw Games'!AC:AC,$A25) -> 0 | R25: =IF($B25>'Constants (dont edit)'!$B$3,Q25/$B25,"") -> 0 | S25: =MIN('Pivot (dont edit)'!27:27) -> #N/A | T25: =MAX('Pivot (dont edit)'!27:27) -> #N/A | U25: =IF(AND(N25>='Constants (dont edit)'!$B$4,SUM('Pivot (dont edit)'!27:27)>0), AVERAGE('Pivot (dont edit)'!27:27), "") -> #N/A | V25: =SUM('Pivot (dont edit)'!27:27) -> #N/A | W25: =RANK(X25,X:X) -> 1 | X25: =IF($B25>'Constants (dont edit)'!$B$3,(SUMIF('Raw Games'!AB:AB,$A25,'Raw Games'!AD:AD)-SUMIF('Raw Games'!AC:AC,$A25,'Raw Games'!AD:AD)/N25)/N25,0) -> 0 | Y25: =('Pivot (dont edit)'!Y27) -> 0 | Z25: =COUNT('Pivot (dont edit)'!27:27) -> 918 | AA25: =COUNTIF('Raw Games'!AN:AN,$A25) -> 0 | AB25: =IF($B25>'Constants (dont edit)'!$B$3,AA25/$B25,"") -> 0 | AC25: =COUNTIF('Raw Games'!AO:AO,$A25) -> 0 | AD25: =IF($B25>'Constants (dont edit)'!$B$3,AC25/$B25,"") -> 0 | AE25: =MIN('Pivot (dont edit)'!27:27) -> #N/A | AF25: =MAX('Pivot (dont edit)'!27:27) -> #N/A
A26: =('Pivot (dont edit)'!A28) -> 0 | B26: =COUNT('Pivot (dont edit)'!28:28) -> 918 | C26: =COUNTIF('Raw Games'!P:P,$A26) -> 0 | D26: =IF($B26>'Constants (dont edit)'!$B$3,C26/$B26,"") -> 0 | E26: =COUNTIF('Raw Games'!Q:Q,$A26) -> 0 | F26: =IF($B26>'Constants (dont edit)'!$B$3,E26/$B26,"") -> 0 | G26: =MIN('Pivot (dont edit)'!28:28) -> #N/A | H26: =MAX('Pivot (dont edit)'!28:28) -> #N/A | I26: =IF(AND(B26>='Constants (dont edit)'!$B$4,SUM('Pivot (dont edit)'!28:28)>0), AVERAGE('Pivot (dont edit)'!28:28), "") -> #N/A | J26: =SUM('Pivot (dont edit)'!28:28) -> #N/A | K26: =RANK(L26,L:L) -> 1 | L26: =IF($B26>'Constants (dont edit)'!$B$3,(SUMIF('Raw Games'!P:P,$A26,'Raw Games'!R:R)-SUMIF('Raw Games'!Q:Q,$A26,'Raw Games'!R:R)/B26)/B26,0) -> 0 | M26: =('Pivot (dont edit)'!M28) -> 0 | N26: =COUNT('Pivot (dont edit)'!28:28) -> 918 | O26: =COUNTIF('Raw Games'!AB:AB,$A26) -> 0 | P26: =IF($B26>'Constants (dont edit)'!$B$3,O26/$B26,"") -> 0 | Q26: =COUNTIF('Raw Games'!AC:AC,$A26) -> 0 | R26: =IF($B26>'Constants (dont edit)'!$B$3,Q26/$B26,"") -> 0 | S26: =MIN('Pivot (dont edit)'!28:28) -> #N/A | T26: =MAX('Pivot (dont edit)'!28:28) -> #N/A | U26: =IF(AND(N26>='Constants (dont edit)'!$B$4,SUM('Pivot (dont edit)'!28:28)>0), AVERAGE('Pivot (dont edit)'!28:28), "") -> #N/A | V26: =SUM('Pivot (dont edit)'!28:28) -> #N/A | W26: =RANK(X26,X:X) -> 1 | X26: =IF($B26>'Constants (dont edit)'!$B$3,(SUMIF('Raw Games'!AB:AB,$A26,'Raw Games'!AD:AD)-SUMIF('Raw Games'!AC:AC,$A26,'Raw Games'!AD:AD)/N26)/N26,0) -> 0 | Y26: =('Pivot (dont edit)'!Y28) -> 0 | Z26: =COUNT('Pivot (dont edit)'!28:28) -> 918 | AA26: =COUNTIF('Raw Games'!AN:AN,$A26) -> 0 | AB26: =IF($B26>'Constants (dont edit)'!$B$3,AA26/$B26,"") -> 0 | AC26: =COUNTIF('Raw Games'!AO:AO,$A26) -> 0 | AD26: =IF($B26>'Constants (dont edit)'!$B$3,AC26/$B26,"") -> 0 | AE26: =MIN('Pivot (dont edit)'!28:28) -> #N/A | AF26: =MAX('Pivot (dont edit)'!28:28) -> #N/A
A27: =('Pivot (dont edit)'!A29) -> 0 | B27: =COUNT('Pivot (dont edit)'!29:29) -> 918 | C27: =COUNTIF('Raw Games'!P:P,$A27) -> 0 | D27: =IF($B27>'Constants (dont edit)'!$B$3,C27/$B27,"") -> 0 | E27: =COUNTIF('Raw Games'!Q:Q,$A27) -> 0 | F27: =IF($B27>'Constants (dont edit)'!$B$3,E27/$B27,"") -> 0 | G27: =MIN('Pivot (dont edit)'!29:29) -> #N/A | H27: =MAX('Pivot (dont edit)'!29:29) -> #N/A | I27: =IF(AND(B27>='Constants (dont edit)'!$B$4,SUM('Pivot (dont edit)'!29:29)>0), AVERAGE('Pivot (dont edit)'!29:29), "") -> #N/A | J27: =SUM('Pivot (dont edit)'!29:29) -> #N/A | K27: =RANK(L27,L:L) -> 1 | L27: =IF($B27>'Constants (dont edit)'!$B$3,(SUMIF('Raw Games'!P:P,$A27,'Raw Games'!R:R)-SUMIF('Raw Games'!Q:Q,$A27,'Raw Games'!R:R)/B27)/B27,0) -> 0 | M27: =('Pivot (dont edit)'!M29) -> 0 | N27: =COUNT('Pivot (dont edit)'!29:29) -> 918 | O27: =COUNTIF('Raw Games'!AB:AB,$A27) -> 0 | P27: =IF($B27>'Constants (dont edit)'!$B$3,O27/$B27,"") -> 0 | Q27: =COUNTIF('Raw Games'!AC:AC,$A27) -> 0 | R27: =IF($B27>'Constants (dont edit)'!$B$3,Q27/$B27,"") -> 0 | S27: =MIN('Pivot (dont edit)'!29:29) -> #N/A | T27: =MAX('Pivot (dont edit)'!29:29) -> #N/A | U27: =IF(AND(N27>='Constants (dont edit)'!$B$4,SUM('Pivot (dont edit)'!29:29)>0), AVERAGE('Pivot (dont edit)'!29:29), "") -> #N/A | V27: =SUM('Pivot (dont edit)'!29:29) -> #N/A | W27: =RANK(X27,X:X) -> 1 | X27: =IF($B27>'Constants (dont edit)'!$B$3,(SUMIF('Raw Games'!AB:AB,$A27,'Raw Games'!AD:AD)-SUMIF('Raw Games'!AC:AC,$A27,'Raw Games'!AD:AD)/N27)/N27,0) -> 0 | Y27: =('Pivot (dont edit)'!Y29) -> 0 | Z27: =COUNT('Pivot (dont edit)'!29:29) -> 918 | AA27: =COUNTIF('Raw Games'!AN:AN,$A27) -> 0 | AB27: =IF($B27>'Constants (dont edit)'!$B$3,AA27/$B27,"") -> 0 | AC27: =COUNTIF('Raw Games'!AO:AO,$A27) -> 0 | AD27: =IF($B27>'Constants (dont edit)'!$B$3,AC27/$B27,"") -> 0 | AE27: =MIN('Pivot (dont edit)'!29:29) -> #N/A | AF27: =MAX('Pivot (dont edit)'!29:29) -> #N/A
A28: =('Pivot (dont edit)'!A30) -> 0 | B28: =COUNT('Pivot (dont edit)'!30:30) -> 918 | C28: =COUNTIF('Raw Games'!P:P,$A28) -> 0 | D28: =IF($B28>'Constants (dont edit)'!$B$3,C28/$B28,"") -> 0 | E28: =COUNTIF('Raw Games'!Q:Q,$A28) -> 0 | F28: =IF($B28>'Constants (dont edit)'!$B$3,E28/$B28,"") -> 0 | G28: =MIN('Pivot (dont edit)'!30:30) -> #N/A | H28: =MAX('Pivot (dont edit)'!30:30) -> #N/A | I28: =IF(AND(B28>='Constants (dont edit)'!$B$4,SUM('Pivot (dont edit)'!30:30)>0), AVERAGE('Pivot (dont edit)'!30:30), "") -> #N/A | J28: =SUM('Pivot (dont edit)'!30:30) -> #N/A | K28: =RANK(L28,L:L) -> 1 | L28: =IF($B28>'Constants (dont edit)'!$B$3,(SUMIF('Raw Games'!P:P,$A28,'Raw Games'!R:R)-SUMIF('Raw Games'!Q:Q,$A28,'Raw Games'!R:R)/B28)/B28,0) -> 0 | M28: =('Pivot (dont edit)'!M30) -> 0 | N28: =COUNT('Pivot (dont edit)'!30:30) -> 918 | O28: =COUNTIF('Raw Games'!AB:AB,$A28) -> 0 | P28: =IF($B28>'Constants (dont edit)'!$B$3,O28/$B28,"") -> 0 | Q28: =COUNTIF('Raw Games'!AC:AC,$A28) -> 0 | R28: =IF($B28>'Constants (dont edit)'!$B$3,Q28/$B28,"") -> 0 | S28: =MIN('Pivot (dont edit)'!30:30) -> #N/A | T28: =MAX('Pivot (dont edit)'!30:30) -> #N/A | U28: =IF(AND(N28>='Constants (dont edit)'!$B$4,SUM('Pivot (dont edit)'!30:30)>0), AVERAGE('Pivot (dont edit)'!30:30), "") -> #N/A | V28: =SUM('Pivot (dont edit)'!30:30) -> #N/A | W28: =RANK(X28,X:X) -> 1 | X28: =IF($B28>'Constants (dont edit)'!$B$3,(SUMIF('Raw Games'!AB:AB,$A28,'Raw Games'!AD:AD)-SUMIF('Raw Games'!AC:AC,$A28,'Raw Games'!AD:AD)/N28)/N28,0) -> 0 | Y28: =('Pivot (dont edit)'!Y30) -> 0 | Z28: =COUNT('Pivot (dont edit)'!30:30) -> 918 | AA28: =COUNTIF('Raw Games'!AN:AN,$A28) -> 0 | AB28: =IF($B28>'Constants (dont edit)'!$B$3,AA28/$B28,"") -> 0 | AC28: =COUNTIF('Raw Games'!AO:AO,$A28) -> 0 | AD28: =IF($B28>'Constants (dont edit)'!$B$3,AC28/$B28,"") -> 0 | AE28: =MIN('Pivot (dont edit)'!30:30) -> #N/A | AF28: =MAX('Pivot (dont edit)'!30:30) -> #N/A
A29: =('Pivot (dont edit)'!A31) -> 0 | B29: =COUNT('Pivot (dont edit)'!31:31) -> 918 | C29: =COUNTIF('Raw Games'!P:P,$A29) -> 0 | D29: =IF($B29>'Constants (dont edit)'!$B$3,C29/$B29,"") -> 0 | E29: =COUNTIF('Raw Games'!Q:Q,$A29) -> 0 | F29: =IF($B29>'Constants (dont edit)'!$B$3,E29/$B29,"") -> 0 | G29: =MIN('Pivot (dont edit)'!31:31) -> #N/A | H29: =MAX('Pivot (dont edit)'!31:31) -> #N/A | I29: =IF(AND(B29>='Constants (dont edit)'!$B$4,SUM('Pivot (dont edit)'!31:31)>0), AVERAGE('Pivot (dont edit)'!31:31), "") -> #N/A | J29: =SUM('Pivot (dont edit)'!31:31) -> #N/A | K29: =RANK(L29,L:L) -> 1 | L29: =IF($B29>'Constants (dont edit)'!$B$3,(SUMIF('Raw Games'!P:P,$A29,'Raw Games'!R:R)-SUMIF('Raw Games'!Q:Q,$A29,'Raw Games'!R:R)/B29)/B29,0) -> 0 | M29: =('Pivot (dont edit)'!M31) -> 0 | N29: =COUNT('Pivot (dont edit)'!31:31) -> 918 | O29: =COUNTIF('Raw Games'!AB:AB,$A29) -> 0 | P29: =IF($B29>'Constants (dont edit)'!$B$3,O29/$B29,"") -> 0 | Q29: =COUNTIF('Raw Games'!AC:AC,$A29) -> 0 | R29: =IF($B29>'Constants (dont edit)'!$B$3,Q29/$B29,"") -> 0 | S29: =MIN('Pivot (dont edit)'!31:31) -> #N/A | T29: =MAX('Pivot (dont edit)'!31:31) -> #N/A | U29: =IF(AND(N29>='Constants (dont edit)'!$B$4,SUM('Pivot (dont edit)'!31:31)>0), AVERAGE('Pivot (dont edit)'!31:31), "") -> #N/A | V29: =SUM('Pivot (dont edit)'!31:31) -> #N/A | W29: =RANK(X29,X:X) -> 1 | X29: =IF($B29>'Constants (dont edit)'!$B$3,(SUMIF('Raw Games'!AB:AB,$A29,'Raw Games'!AD:AD)-SUMIF('Raw Games'!AC:AC,$A29,'Raw Games'!AD:AD)/N29)/N29,0) -> 0 | Y29: =('Pivot (dont edit)'!Y31) -> 0 | Z29: =COUNT('Pivot (dont edit)'!31:31) -> 918 | AA29: =COUNTIF('Raw Games'!AN:AN,$A29) -> 0 | AB29: =IF($B29>'Constants (dont edit)'!$B$3,AA29/$B29,"") -> 0 | AC29: =COUNTIF('Raw Games'!AO:AO,$A29) -> 0 | AD29: =IF($B29>'Constants (dont edit)'!$B$3,AC29/$B29,"") -> 0 | AE29: =MIN('Pivot (dont edit)'!31:31) -> #N/A | AF29: =MAX('Pivot (dont edit)'!31:31) -> #N/A

Sheet Constants (dont edit)
A1: Name | B1: Value
A2: Constants
A3: Minimum Number of Games for stats | B3: 15
A4: Minimum Number of Games for avg | B4: 3
A5: Rank Factor | B5: 1000
A7: Global Stats
A8: Total Game Count | B8: =COUNTA('Raw Games'!A:A)-1 -> 434
A9: Full Game Count | B9: =B8-B10 -> 404
A10: Half Game Count | B10: =COUNTIF('Raw Games'!C:C,"=Yes") -> 30
A11: Overall average score | B11: =AVERAGE('Raw Games'!E:M) -> 427.11398
A12: All time maximum score | B12: =MAX('Raw Games'!E:M) -> 1310
A13: All time minimum score | B13: =MIN('Raw Games'!E:M) -> 5
A14: Scores over 1000 | B14: =COUNTIF('Raw Games'!E:M,">=1000") -> 17
A16: README
A17: 1. In 'Raw Games' sheet, be sure to keep Min, Max, Winner, Loser data filled downward at least as far as the game data rows.
A18: 2. In 'Raw Games' sheet, when winners and losers stop getting highlighted, you need to Edit > Paste Special > Conditional Formatting those rows and below after copying to clipboard the last highlighted row.
A19: 3. Adding a new person is a two stop process: 1) insert a column in the alphabetical location for the new person, and b) Navigate to "Stats" page and fill downward to reveal last person.
A20: 4. Inserting a new person whose name starts with A and is before the current first person is difficult because all the Conditions and Formulae will point to the column after. You will have to edit all of them.
A21: 5. To add new Game results, add them after the last row in the "Raw Games" sheet (curently at over 250 rows)
A22: 6. Once there are over 1001 rows in 'Raw Games' we will have to a) add Columns to the 'Pivot' sheet and b) Modify the TRANSPOSE function in Pivot!A:1 to include the additional columns.

Sheet Pivot (dont edit)
A1: {=TRANSPOSE('Raw Games'!1:918)} -> Date | B1: 43134 | C1: 43135 | D1: 43136 | E1: 43137 | F1: 43138 | G1: 43140 | H1: 43142 | I1: 43144 | J1: 43146 | K1: 43148 | L1: 43150 | M1: 43152 | N1: 43154 | O1: 43156 | P1: 43158 | Q1: 43160 | R1: 43162 | S1: 43164 | T1: 43289 | U1: 43291 | V1: 43293 | W1: 43295 | X1: 43297 | Y1: 43299 | Z1: 43301 | AA1: 43303 | AB1: 43305 | AC1: 43307 | AD1: 43309 | AE1: 43311 | AF1: 43313 | AG1: 43315 | AH1: 43317 | AI1: 43319 | AJ1: 43321 | AK1: 43323 | AL1: 43325 | AM1: 43327 | AN1: 43415 | AO1: 43417 | AP1: 43419 | AQ1: 43421 | AR1: 43423 | AS1: 43425 | AT1: 43427 | AU1: 43429 | AV1: 43431 | AW1: 43433 | AX1: 43435 | AY1: 43498 | AZ1: 43500 | BA1: 43502 | BB1: 43504 | BC1: 43506 | BD1: 43508 | BE1: 43510 | BF1: 43512 | BG1: 43514 | BH1: 43516 | BI1: 43518 | BJ1: 43520 | BK1: 43592 | BL1: 43594 | BM1: 43596 | BN1: 43598 | BO1: 43600 | BP1: 43602 | BQ1: 43604 | BR1: 43606 | BS1: 43608 | BT1: 43610 | BU1: 43612 | BV1: 43614 | BW1: 43616 | BX1: 44062 | BY1: 44064 | BZ1: 44066 | CA1: 44068 | CB1: 44070 | CC1: 44072 | CD1: 44074 | CE1: 44076 | CF1: 44078 | CG1: 44080 | CH1: 44082 | CI1: 44084 | CJ1: 44086 | CK1: 43834 | CL1: 43836 | CM1: 43838 | CN1: 43840 | CO1: 43842 | CP1: 43844 | CQ1: 43846 | CR1: 43848 | CS1: 43850 | CT1: 44065 | CU1: 44067 | CV1: 44069 | CW1: 44071 | CX1: 44073 | CY1: 44075 | CZ1: 44077 | DA1: 44079 | DB1: 44081 | DC1: 44083 | DD1: 44087 | DE1: 44089 | DF1: 44098 | DG1: 44100 | DH1: 44108 | DI1: 44112 | DJ1: 44114 | DK1: 44127 | DL1: 44129 | DM1: 44137 | DN1: 44140 | DO1: 44142 | DP1: 44146 | DQ1: 44148 | DR1: 44156 | DS1: 44158 | DT1: 44164 | DU1: 44170 | DV1: 44170 | DW1: 44173 | DX1: 44175 | DY1: 44176 | DZ1: 44183 | EA1: 44200 | EB1: 44206 | EC1: 44210 | ED1: 44239 | EE1: 44240 | EF1: 44242 | EG1: 44267 | EH1: 44272 | EI1: 44274 | EJ1: 44279 | EK1: 44281 | EL1: 44285 | EM1: 44288 | EN1: 44292 | EO1: 44297 | EP1: 44297 | EQ1: 44297 | ER1: 44298 | ES1: 44299 | ET1: 44300 | EU1: 44302 | EV1: 44307 | EW1: 44318 | EX1: 44329 | EY1: 44342 | EZ1: 44344 | FA1: 44346 | FB1: 44347 | FC1: 44352 | FD1: 44362 | FE1: 44370 | FF1: 44374 | FG1: 44375 | FH1: 44416 | FI1: 44422 | FJ1: 44423 | FK1: 44428 | FL1: 44437 | FM1: 44500 | FN1: 44538 | FO1: 44539 | FP1: 44562 | FQ1: 44581 | FR1: 44595 | FS1: 44602 | FT1: 44623 | FU1: 44665 | FV1: 44673 | FW1: 44679 | FX1: 44681 | FY1: 44686 | FZ1: 44688 | GA1: 44700 | GB1: 44702 | GC1: 44709 | GD1: 44711 | GE1: 44712 | GF1: 44751 | GG1: 44787 | GH1: 44791 | GI1: 44793 | GJ1: 44798 | GK1: 44815 | GL1: 44819 | GM1: 44836 | GN1: 44850 | GO1: 44852 | GP1: 44864 | GQ1: 44870 | GR1: 44871 | GS1: 44875 | GT1: 44878 | GU1: 44880 | GV1: 44896 | GW1: 44903 | GX1: 44927 | GY1: 44933 | GZ1: 44938 | HA1: 44945 | HB1: 44954 | HC1: 44961 | HD1: 44966 | HE1: 44968 | HF1: 44989 | HG1: 44990 | HH1: 44996 | HI1: 44999 | HJ1: 45001 | HK1: 45003 | HL1: 45008 | HM1: 45008 | HN1: 45010 | HO1: 45022 | HP1: 45025 | HQ1: 45027 | HR1: 45029 | HS1: 45031 | HT1: 45031 | HU1: 45043 | HV1: 45045 | HW1: 45051 | HX1: 45057 | HY1: 45066 | HZ1: 45071 | IA1: 45073 | IB1: 45074 | IC1: 45089 | ID1: 45092 | IE1: 45094 | IF1: 45099 | IG1: 45106 | IH1: 45107 | II1: 45109 | IJ1: 45110 | IK1: 45111 | IL1: 45113 | IM1: 45116 | IN1: 45126 | IO1: 45134 | IP1: 45143 | IQ1: 45147 | IR1: 45148 | IS1: 45150 | IT1: 45155 | IU1: 45156 | IV1: 45158 | IW1: 45162 | IX1: 45167 | IY1: 45170 | IZ1: 45178 | JA1: 45181 | JB1: 45184 | JC1: 45185 | JD1: 45187 | JE1: 45190 | JF1: 45191 | JG1: 45192 | JH1: 45193 | JI1: 45194 | JJ1: 45197 | JK1: 45206 | JL1: 45218 | JM1: 45232 | JN1: 45237 | JO1: 45240 | JP1: 45242 | JQ1: 45243 | JR1: 45245 | JS1: 45246 | JT1: 45254 | JU1: 45255 | JV1: 45256 | JW1: 45259 | JX1: 45262 | JY1: 45272 | JZ1: 45274 | KA1: 45278 | KB1: 45281 | KC1: 45287 | KD1: 45291 | KE1: 45302 | KF1: 45309 | KG1: 45311 | KH1: 45323 | KI1: 45325 | KJ1: 45330 | KK1: 45332 | KL1: 45337 | KM1: 45339 | KN1: 45351 | KO1: 45353 | KP1: 45358 | KQ1: 45360 | KR1: 45364 | KS1: 45367 | KT1: 45372 | KU1: 45380 | KV1: 45381 | KW1: 45392 | KX1: 45393 | KY1: 45395 | KZ1: 45397 | LA1: 45398 | LB1: 45391 | LC1: 45407 | LD1: 45416 | LE1: 45424 | LF1: 45426 | LG1: 45430 | LH1: 45438 | LI1: 45444 | LJ1: 45451 | LK1: 45471 | LL1: 45476 | LM1: 45481 | LN1: 45485 | LO1: 45486 | LP1: 45493 | LQ1: 45494 | LR1: 45497 | LS1: 45498 | LT1: 45516 | LU1: 45521 | LV1: 45534 | LW1: 45536 | LX1: 45598 | LY1: 45611 | LZ1: 45619 | MA1: 45624 | MB1: 45633 | MC1: 45641 | MD1: 45654 | ME1: 45657 | MF1: 45661 | MG1: 45664 | MH1: 45668 | MI1: 45675 | MJ1: 45683 | MK1: 45690 | ML1: 45696 | MM1: 45699 | MN1: 45704 | MO1: 45711 | MP1: 45719 | MQ1: 45723 | MR1: 45731 | MS1: 45743 | MT1: 45745 | MU1: 45752 | MV1: 45754 | MW1: 45757 | MX1: 45758 | MY1: 45759 | MZ1: 45764 | NA1: 45772 | NB1: 45773 | NC1: 45774 | ND1: 45775 | NE1: 45785 | NF1: 45788 | NG1: 45799 | NH1: 45801 | NI1: 45807 | NJ1: 45815 | NK1: 45821 | NL1: 45823 | NM1: 45836 | NN1: 45837 | NO1: 45838 | NP1: 45841 | NQ1: 45842 | NR1: 45844 | NS1: 45845 | NT1: 45853 | NU1: 45875 | NV1: 45879 | NW1: 45881 | NX1: 45885 | NY1: 45886 | NZ1: 45889 | OA1: 45892 | OB1: 45897 | OC1: 45898 | OD1: 45899 | OE1: 45900 | OF1: 45903 | OG1: 45906 | OH1: 45914 | OI1: 45917 | OJ1: 45924 | OK1: 45930 | OL1: 45931 | OM1: 45934 | ON1: 45941 | OO1: 45948 | OP1: 45966 | OQ1: 45968 | OR1: 45969 | OS1: 45970 | OT1: 45976 | OU1: 45983 | OV1: 45983 | OW1: 45990 | OX1: 45991 | OY1: 45994 | OZ1: 45997 | PA1: 46023 | PB1: 46025 | PC1: 46032 | PD1: 46039 | PE1: 46050 | PF1: 46067 | PG1: 46081 | PH1: 46084 | PI1: 46085 | PJ1: 46089 | PK1: 46091 | PL1: 46109 | PM1: 46121 | PN1: 46137 | PO1: 46156 | PP1: 46159 | PQ1: 46160 | PR1: 46167 | PS1: 46186 | PT1: 0 | PU1: 0 | PV1: 0 | PW1: 0 | PX1: 0 | PY1: 0 | PZ1: 0 | QA1: 0 | QB1: 0 | QC1: 0 | QD1: 0 | QE1: 0 | QF1: 0 | QG1: 0 | QH1: 0 | QI1: 0 | QJ1: 0 | QK1: 0 | QL1: 0 | QM1: 0 | QN1: 0 | QO1: 0 | QP1: 0 | QQ1: 0 | QR1: 0 | QS1: 0 | QT1: 0 | QU1: 0 | QV1: 0 | QW1: 0 | QX1: 0 | QY1: 0 | QZ1: 0 | RA1: 0 | RB1: 0 | RC1: 0 | RD1: 0 | RE1: 0 | RF1: 0 | RG1: 0 | RH1: 0 | RI1: 0 | RJ1: 0 | RK1: 0 | RL1: 0 | RM1: 0 | RN1: 0 | RO1: 0 | RP1: 0 | RQ1: 0 | RR1: 0 | RS1: 0 | RT1: 0 | RU1: 0 | RV1: 0 | RW1: 0 | RX1: 0 | RY1: 0 | RZ1: 0 | SA1: 0 | SB1: 0 | SC1: 0 | SD1: 0 | SE1: 0 | SF1: 0 | SG1: 0 | SH1: 0 | SI1: 0 | SJ1: 0 | SK1: 0 | SL1: 0 | SM1: 0 | SN1: 0 | SO1: 0 | SP1: 0 | SQ1: 0 | SR1: 0 | SS1: 0 | ST1: 0 | SU1: 0 | SV1: 0 | SW1: 0 | SX1: 0 | SY1: 0 | SZ1: 0 | TA1: 0 | TB1: 0 | TC1: 0 | TD1: 0 | TE1: 0 | TF1: 0 | TG1: 0 | TH1: 0 | TI1: 0 | TJ1: 0 | TK1: 0 | TL1: 0 | TM1: 0 | TN1: 0 | TO1: 0 | TP1: 0 | TQ1: 0 | TR1: 0 | TS1: 0 | TT1: 0 | TU1: 0 | TV1: 0 | TW1: 0 | TX1: 0 | TY1: 0 | TZ1: 0 | UA1: 0 | UB1: 0 | UC1: 0 | UD1: 0 | UE1: 0 | UF1: 0 | UG1: 0 | UH1: 0 | UI1: 0 | UJ1: 0 | UK1: 0 | UL1: 0 | UM1: 0 | UN1: 0 | UO1: 0 | UP1: 0 | UQ1: 0 | UR1: 0 | US1: 0 | UT1: 0 | UU1: 0 | UV1: 0 | UW1: 0 | UX1: 0 | UY1: 0 | UZ1: 0 | VA1: 0 | VB1: 0 | VC1: 0 | VD1: 0 | VE1: 0 | VF1: 0 | VG1: 0 | VH1: 0 | VI1: 0 | VJ1: 0 | VK1: 0 | VL1: 0 | VM1: 0 | VN1: 0 | VO1: 0 | VP1: 0 | VQ1: 0 | VR1: 0 | VS1: 0 | VT1: 0 | VU1: 0 | VV1: 0 | VW1: 0 | VX1: 0 | VY1: 0 | VZ1: 0 | WA1: 0 | WB1: 0 | WC1: 0 | WD1: 0 | WE1: 0 | WF1: 0 | WG1: 0 | WH1: 0 | WI1: 0 | WJ1: 0 | WK1: 0 | WL1: 0 | WM1: 0 | WN1: 0 | WO1: 0 | WP1: 0 | WQ1: 0 | WR1: 0 | WS1: 0 | WT1: 0 | WU1: 0 | WV1: 0 | WW1: 0 | WX1: 0 | WY1: 0 | WZ1: 0 | XA1: 0 | XB1: 0 | XC1: 0 | XD1: 0 | XE1: 0 | XF1: 0 | XG1: 0 | XH1: 0 | XI1: 0 | XJ1: 0 | XK1: 0 | XL1: 0 | XM1: 0 | XN1: 0 | XO1: 0 | XP1: 0 | XQ1: 0 | XR1: 0 | XS1: 0 | XT1: 0 | XU1: 0 | XV1: 0 | XW1: 0 | XX1: 0 | XY1: 0 | XZ1: 0 | YA1: 0 | YB1: 0 | YC1: 0 | YD1: 0 | YE1: 0 | YF1: 0 | YG1: 0 | YH1: 0 | YI1: 0 | YJ1: 0 | YK1: 0 | YL1: 0 | YM1: 0 | YN1: 0 | YO1: 0 | YP1: 0 | YQ1: 0 | YR1: 0 | YS1: 0 | YT1: 0 | YU1: 0 | YV1: 0 | YW1: 0 | YX1: 0 | YY1: 0 | YZ1: 0 | ZA1: 0 | ZB1: 0 | ZC1: 0 | ZD1: 0 | ZE1: 0 | ZF1: 0 | ZG1: 0 | ZH1: 0 | ZI1: 0 | ZJ1: 0 | ZK1: 0 | ZL1: 0 | ZM1: 0 | ZN1: 0 | ZO1: 0 | ZP1: 0 | ZQ1: 0 | ZR1: 0 | ZS1: 0 | ZT1: 0 | ZU1: 0 | ZV1: 0 | ZW1: 0 | ZX1: 0 | ZY1: 0 | ZZ1: 0 | AAA1: 0 | AAB1: 0 | AAC1: 0 | AAD1: 0 | AAE1: 0 | AAF1: 0 | AAG1: 0 | AAH1: 0 | AAI1: 0 | AAJ1: 0 | AAK1: 0 | AAL1: 0 | AAM1: 0 | AAN1: 0 | AAO1: 0 | AAP1: 0 | AAQ1: 0 | AAR1: 0 | AAS1: 0 | AAT1: 0 | AAU1: 0 | AAV1: 0 | AAW1: 0 | AAX1: 0 | AAY1: 0 | AAZ1: 0 | ABA1: 0 | ABB1: 0 | ABC1: 0 | ABD1: 0 | ABE1: 0 | ABF1: 0 | ABG1: 0 | ABH1: 0 | ABI1: 0 | ABJ1: 0 | ABK1: 0 | ABL1: 0 | ABM1: 0 | ABN1: 0 | ABO1: 0 | ABP1: 0 | ABQ1: 0 | ABR1: 0 | ABS1: 0 | ABT1: 0 | ABU1: 0 | ABV1: 0 | ABW1: 0 | ABX1: 0 | ABY1: 0 | ABZ1: 0 | ACA1: 0 | ACB1: 0 | ACC1: 0 | ACD1: 0 | ACE1: 0 | ACF1: 0 | ACG1: 0 | ACH1: 0 | ACI1: 0 | ACJ1: 0 | ACK1: 0 | ACL1: 0 | ACM1: 0 | ACN1: 0 | ACO1: 0 | ACP1: 0 | ACQ1: 0 | ACR1: 0 | ACS1: 0 | ACT1: 0 | ACU1: 0 | ACV1: 0 | ACW1: 0 | ACX1: 0 | ACY1: 0 | ACZ1: 0 | ADA1: 0 | ADB1: 0 | ADC1: 0 | ADD1: 0 | ADE1: 0 | ADF1: 0 | ADG1: 0 | ADH1: 0 | ADI1: 0 | ADJ1: 0 | ADK1: 0 | ADL1: 0 | ADM1: 0 | ADN1: 0 | ADO1: 0 | ADP1: 0 | ADQ1: 0 | ADR1: 0 | ADS1: 0 | ADT1: 0 | ADU1: 0 | ADV1: 0 | ADW1: 0 | ADX1: 0 | ADY1: 0 | ADZ1: 0 | AEA1: 0 | AEB1: 0 | AEC1: 0 | AED1: 0 | AEE1: 0 | AEF1: 0 | AEG1: 0 | AEH1: 0 | AEI1: 0 | AEJ1: 0 | AEK1: 0 | AEL1: 0 | AEM1: 0 | AEN1: 0 | AEO1: 0 | AEP1: 0 | AEQ1: 0 | AER1: 0 | AES1: 0 | AET1: 0 | AEU1: 0 | AEV1: 0 | AEW1: 0 | AEX1: 0 | AEY1: 0 | AEZ1: 0 | AFA1: 0 | AFB1: 0 | AFC1: 0 | AFD1: 0 | AFE1: 0 | AFF1: 0 | AFG1: 0 | AFH1: 0 | AFI1: 0 | AFJ1: 0 | AFK1: 0 | AFL1: 0 | AFM1: 0 | AFN1: 0 | AFO1: 0 | AFP1: 0 | AFQ1: 0 | AFR1: 0 | AFS1: 0 | AFT1: 0 | AFU1: 0 | AFV1: 0 | AFW1: 0 | AFX1: 0 | AFY1: 0 | AFZ1: 0 | AGA1: 0 | AGB1: 0 | AGC1: 0 | AGD1: 0 | AGE1: 0 | AGF1: 0 | AGG1: 0 | AGH1: 0 | AGI1: 0 | AGJ1: 0 | AGK1: 0 | AGL1: 0 | AGM1: 0 | AGN1: 0 | AGO1: 0 | AGP1: 0 | AGQ1: 0 | AGR1: 0 | AGS1: 0 | AGT1: 0 | AGU1: 0 | AGV1: 0 | AGW1: 0 | AGX1: 0 | AGY1: 0 | AGZ1: 0 | AHA1: 0 | AHB1: 0 | AHC1: 0 | AHD1: 0 | AHE1: 0 | AHF1: 0 | AHG1: 0 | AHH1: 0 | AHI1: 0 | AHJ1: 0 | AHK1: 0 | AHL1: 0 | AHM1: 0 | AHN1: 0 | AHO1: 0 | AHP1: 0 | AHQ1: 0 | AHR1: 0 | AHS1: 0 | AHT1: 0 | AHU1: 0 | AHV1: 0 | AHW1: 0 | AHX1: 0 | AHY1: 0 | AHZ1: 0 | AIA1: 0 | AIB1: 0 | AIC1: 0 | AID1: 0 | AIE1: 0 | AIF1: 0 | AIG1: 0 | AIH1: 0 | AII1: #N/A | AIJ1: #N/A | AIK1: #N/A | AIL1: #N/A | AIM1: #N/A | AIN1: #N/A | AIO1: #N/A | AIP1: #N/A | AIQ1: #N/A | AIR1: #N/A | AIS1: #N/A | AIT1: #N/A | AIU1: #N/A | AIV1: #N/A | AIW1: #N/A | AIX1: #N/A | AIY1: #N/A | AIZ1: #N/A | AJA1: #N/A | AJB1: #N/A | AJC1: #N/A | AJD1: #N/A | AJE1: #N/A | AJF1: #N/A | AJG1: #N/A | AJH1: #N/A | AJI1: #N/A | AJJ1: #N/A | AJK1: #N/A | AJL1: #N/A | AJM1: #N/A | AJN1: #N/A | AJO1: #N/A | AJP1: #N/A | AJQ1: #N/A | AJR1: #N/A | AJS1: #N/A | AJT1: #N/A | AJU1: #N/A | AJV1: #N/A | AJW1: #N/A | AJX1: #N/A | AJY1: #N/A | AJZ1: #N/A | AKA1: #N/A | AKB1: #N/A | AKC1: #N/A | AKD1: #N/A | AKE1: #N/A | AKF1: #N/A | AKG1: #N/A | AKH1: #N/A | AKI1: #N/A | AKJ1: #N/A | AKK1: #N/A | AKL1: #N/A | AKM1: #N/A | AKN1: #N/A | AKO1: #N/A | AKP1: #N/A | AKQ1: #N/A | AKR1: #N/A | AKS1: #N/A | AKT1: #N/A | AKU1: #N/A | AKV1: #N/A | AKW1: #N/A | AKX1: #N/A | AKY1: #N/A | AKZ1: #N/A | ALA1: #N/A | ALB1: #N/A | ALC1: #N/A | ALD1: #N/A | ALE1: #N/A | ALF1: #N/A | ALG1: #N/A | ALH1: #N/A | ALI1: #N/A | ALJ1: #N/A | ALK1: #N/A | ALL1: #N/A | ALM1: #N/A | ALN1: #N/A | ALO1: #N/A | ALP1: #N/A | ALQ1: #N/A | ALR1: #N/A | ALS1: #N/A | ALT1: #N/A | ALU1: #N/A | ALV1: #N/A | ALW1: #N/A | ALX1: #N/A | ALY1: #N/A | ALZ1: #N/A | AMA1: #N/A | AMB1: #N/A | AMC1: #N/A | AMD1: #N/A | AME1: #N/A | AMF1: #N/A | AMG1: #N/A | AMH1: #N/A
A2: Where | B2: Preston | C2: Preston | D2: Preston | E2: Preston | F2: Preston | G2: Preston | H2: Preston | I2: Preston | J2: Preston | K2: Preston | L2: Preston | M2: Preston | N2: Preston | O2: Preston | P2: Preston | Q2: Preston | R2: Preston | S2: Superior | T2: Superior | U2: Preston | V2: Preston | W2: Preston | X2: Preston | Y2: Preston | Z2: Superior | AA2: Preston | AB2: Superior | AC2: Superior | AD2: Preston | AE2: Preston | AF2: Preston | AG2: Superior | AH2: Superior | AI2: Superior | AJ2: Preston | AK2: Preston | AL2: Preston | AM2: Preston | AN2: Superior | AO2: Superior | AP2: Preston | AQ2: Superior | AR2: Preston | AS2: Superior | AT2: Preston | AU2: Superior | AV2: Preston | AW2: Preston | AX2: Preston | AY2: Preston | AZ2: Preston | BA2: Preston | BB2: Preston | BC2: Preston | BD2: Preston | BE2: Preston | BF2: Preston | BG2: Preston | BH2: Preston | BI2: Preston | BJ2: Preston | BK2: Preston | BL2: Preston | BM2: Preston | BN2: Preston | BO2: Superior | BP2: Superior | BQ2: Superior | BR2: Superior | BS2: Superior | BT2: Superior | BU2: Superior | BV2: Superior | BW2: Superior | BX2: Superior | BY2: Superior | BZ2: Superior | CA2: Superior | CB2: Superior | CC2: Superior | CD2: Superior | CE2: Superior | CF2: Superior | CG2: Superior | CH2: Superior | CI2: Superior | CJ2: Superior | CK2: Superior | CL2: Superior | CM2: Superior | CN2: Superior | CO2: Superior | CP2: Superior | CQ2: Superior | CR2: Superior | CS2: Superior | CT2: Superior | CU2: Superior | CV2: Superior | CW2: Superior | CX2: Superior | CY2: Superior | CZ2: Superior | DA2: Superior | DB2: Superior | DC2: Superior | DD2: Steckel Camp, Santa Paula, CA | DE2: Superior | DF2: Preston | DG2: Superior | DH2: Preston | DI2: Preston | DJ2: Superior | DK2: Preston | DL2: Preston | DM2: Superior | DN2: Superior | DO2: Superior | DP2: Superior | DQ2: Preston | DR2: Cedros | DS2: Preston | DT2: Superior | DU2: Superior | DV2: Superior | DW2: Preston | DX2: Superior | DY2: Preston | DZ2: Superior | EA2: Superior | EB2: Superior | EC2: Preston | ED2: Preston | EE2: Preston | EF2: Sally's | EG2: Preston | EH2: Preston | EI2: Preston | EJ2: Preston | EK2: Preston | EL2: Superior | EM2: Superior | EN2: Superior | EO2: Lake Tahoe Campground | EP2: Lake Tahoe Campground | EQ2: Superior | ER2: Lake Tahoe Campground | ES2: Lake Tahoe Campground | ET2: Lake Tahoe Campground | EU2: Aspen Camp, Lee VIning, CA | EV2: Indian Wells | EW2: Preston | EX2: Preston | EY2: Sally's | EZ2: Sally's | FA2: Preston | FB2: Superior | FC2: Sally's | FD2: Superior | FE2: Superior | FF2: Superior | FG2: Superior | FH2: Preston | FI2: Superior | FJ2: Preston | FK2: Superior | FL2: Superior | FM2: Preston | FN2: Sally's | FO2: Sally's | FP2: Superior | FQ2: Preston | FR2: Preston | FS2: Preston | FT2: Preston | FU2: Sally's | FV2: Preston | FW2: Preston | FX2: Superior | FY2: Preston | FZ2: Preston | GA2: Preston | GB2: Superior | GC2: Preston | GD2: Rincon Parkway | GE2: Preston | GF2: Superior | GG2: Superior | GH2: Preston | GI2: Preston | GJ2: Preston | GK2: Superior | GL2: Preston | GM2: Superior | GN2: Preston | GO2: Preston | GP2: Superior | GQ2: Sally's | GR2: Preston | GS2: Superior | GT2: Superior | GU2: Preston | GV2: Superior | GW2: Superior | GX2: Superior | GY2: Superior | GZ2: Superior | HA2: Superior | HB2: Superior | HC2: Superior | HD2: Superior | HE2: Superior | HF2: Preston | HG2: Preston | HH2: Preston | HI2: Preston | HJ2: Preston | HK2: Preston | HL2: Preston | HM2: Preston | HN2: Preston | HO2: Preston | HP2: Preston - Passover | HQ2: Superior | HR2: Preston | HS2: Superior | HT2: Preston | HU2: Preston | HV2: Preston | HW2: Superior | HX2: Preston | HY2: Superior | HZ2: Preston | IA2: Hobson Beach Park, Ventura | IB2: Hobson Beach Park, Ventura | IC2: Preston | ID2: Preston | IE2: Preston | IF2: Preston | IG2: Preston | IH2: Preston | II2: Thornehill Broome | IJ2: Thornehill Broome | IK2: Thornehill Broome | IL2: Preston | IM2: Preston | IN2: Preston | IO2: Preston | IP2: Emma Wood St Bch | IQ2: Preston | IR2: Preston | IS2: Superior | IT2: Preston | IU2: Emma Wood St Bch | IV2: Preston | IW2: Preston | IX2: Preston | IY2: Sally's | IZ2: Superior | JA2: Preston | JB2: Bridgeport | JC2: Tahoe City Campground | JD2: Tahoe City Campground | JE2: Mariposa Fairgrounds | JF2: Azalea, Sequoia | JG2: Azalea, Sequoia | JH2: Azalea, Sequoia | JI2: Preston | JJ2: Preston | JK2: Superior | JL2: Preston | JM2: Preston | JN2: Preston | JO2: Tuscon, AZ | JP2: Fort Stockton, TX | JQ2: Sonora, TX | JR2: Cracker Barrel, San Antonio, TX ￼ | JS2: Mustang Hollow, TX | JT2: San Antonio, TX | JU2: Shriner Park, Junction, TX | JV2: Van Horn, TX | JW2: KOA, Lordsburg, TX | JX2: Palm Desert | JY2: Cedros | JZ2: Preston | KA2: Superior | KB2: Preston | KC2: Preston | KD2: Preston | KE2: Preston | KF2: Preston | KG2: Cedros | KH2: Preston | KI2: Superior | KJ2: Preston | KK2: Preston | KL2: Preston | KM2: Superior | KN2: Preston | KO2: Superior | KP2: Preston | KQ2: Superior | KR2: Preston | KS2: Preston | KT2: Preston | KU2: Palm Desert | KV2: Tonopah, AZ | KW2: Robert's Trucks, San Angelo | KX2: San Angelo, TX | KY2: San Angelo, TX | KZ2: San Angelo, TX | LA2: San Angelo, TX | LB2: El Paso | LC2: Preston | LD2: Preston | LE2: Preston | LF2: Preston | LG2: Preston | LH2: Palm Desert | LI2: Preston | LJ2: Superior | LK2: Preston | LL2: Los Baños | LM2: Lue Heron, Tillamook | LN2: Morro Bay | LO2: Preston | LP2: Superior | LQ2: Preston | LR2: Preston | LS2: Preston | LT2: Superior | LU2: Superior | LV2: Palm Desert | LW2: Superior | LX2: Superior | LY2: Superior | LZ2: Preston | MA2: Superior | MB2: Preston | MC2: Preston | MD2: Preston | ME2: Preston | MF2: Superior | MG2: Palm Desert | MH2: Cedros | MI2: Preston | MJ2: Palm Desert | MK2: Palm Desert | ML2: Preston | MM2: Superior | MN2: Preston | MO2: Preston | MP2: Palm Desert | MQ2: Palm Desert | MR2: Preston | MS2: Preston | MT2: Preston | MU2: Preston | MV2: Preston | MW2: Palm Desert | MX2: Anza Borrego State Park ￼￼ | MY2: Anza Borrego State Park ￼￼ | MZ2: Preston | NA2: Palm Desert | NB2: Palm Desert | NC2: Palm Desert | ND2: Preston | NE2: Preston | NF2: Preston | NG2: Preston | NH2: Preston | NI2: Preston | NJ2: Preston | NK2: Preston | NL2: Preston | NM2: Preston | NN2: Palm Desert | NO2: Palm Desert | NP2: Preston | NQ2: Preston | NR2: Preston | NS2: Preston | NT2: Preston | NU2: Preston | NV2: Preston | NW2: Preston | NX2: Carpenteria | NY2: Carpenteria | NZ2: Preston | OA2: Preston | OB2: Preston | OC2: Palm Desert | OD2: Palm Desert | OE2: Palm Desert | OF2: Preston | OG2: Preston | OH2: Preston | OI2: Preston | OJ2: Superior | OK2: Huntington Beach | OL2: Huntington Beach | OM2: Preston | ON2: Preston | OO2: Palm Desert | OP2: Palm Desert | OQ2: Palm Desert | OR2: Palm Desert | OS2: Preston | OT2: Preston | OU2: Preston | OV2: Palm Desert | OW2: Palm Desert | OX2: Palm Desert | OY2: Preston | OZ2: Superior | PA2: Preston | PB2: Superior | PC2: Preston | PD2: Superior | PE2: Palm Desert | PF2: Superior | PG2: Superior | PH2: Palm Desert | PI2: Palm Desert | PJ2: Palm Desert | PK2: Palm Desert | PL2: Superior | PM2: Preston | PN2: Palm Desert | PO2: Preston | PP2: Newport Dunes | PQ2: Newport Dunes | PR2: Palm Desert | PS2: Aurora's House | PT2: 0 | PU2: 0 | PV2: 0 | PW2: 0 | PX2: 0 | PY2: 0 | PZ2: 0 | QA2: 0 | QB2: 0 | QC2: 0 | QD2: 0 | QE2: 0 | QF2: 0 | QG2: 0 | QH2: 0 | QI2: 0 | QJ2: 0 | QK2: 0 | QL2: 0 | QM2: 0 | QN2: 0 | QO2: 0 | QP2: 0 | QQ2: 0 | QR2: 0 | QS2: 0 | QT2: 0 | QU2: 0 | QV2: 0 | QW2: 0 | QX2: 0 | QY2: 0 | QZ2: 0 | RA2: 0 | RB2: 0 | RC2: 0 | RD2: 0 | RE2: 0 | RF2: 0 | RG2: 0 | RH2: 0 | RI2: 0 | RJ2: 0 | RK2: 0 | RL2: 0 | RM2: 0 | RN2: 0 | RO2: 0 | RP2: 0 | RQ2: 0 | RR2: 0 | RS2: 0 | RT2: 0 | RU2: 0 | RV2: 0 | RW2: 0 | RX2: 0 | RY2: 0 | RZ2: 0 | SA2: 0 | SB2: 0 | SC2: 0 | SD2: 0 | SE2: 0 | SF2: 0 | SG2: 0 | SH2: 0 | SI2: 0 | SJ2: 0 | SK2: 0 | SL2: 0 | SM2: 0 | SN2: 0 | SO2: 0 | SP2: 0 | SQ2: 0 | SR2: 0 | SS2: 0 | ST2: 0 | SU2: 0 | SV2: 0 | SW2: 0 | SX2: 0 | SY2: 0 | SZ2: 0 | TA2: 0 | TB2: 0 | TC2: 0 | TD2: 0 | TE2: 0 | TF2: 0 | TG2: 0 | TH2: 0 | TI2: 0 | TJ2: 0 | TK2: 0 | TL2: 0 | TM2: 0 | TN2: 0 | TO2: 0 | TP2: 0 | TQ2: 0 | TR2: 0 | TS2: 0 | TT2: 0 | TU2: 0 | TV2: 0 | TW2: 0 | TX2: 0 | TY2: 0 | TZ2: 0 | UA2: 0 | UB2: 0 | UC2: 0 | UD2: 0 | UE2: 0 | UF2: 0 | UG2: 0 | UH2: 0 | UI2: 0 | UJ2: 0 | UK2: 0 | UL2: 0 | UM2: 0 | UN2: 0 | UO2: 0 | UP2: 0 | UQ2: 0 | UR2: 0 | US2: 0 | UT2: 0 | UU2: 0 | UV2: 0 | UW2: 0 | UX2: 0 | UY2: 0 | UZ2: 0 | VA2: 0 | VB2: 0 | VC2: 0 | VD2: 0 | VE2: 0 | VF2: 0 | VG2: 0 | VH2: 0 | VI2: 0 | VJ2: 0 | VK2: 0 | VL2: 0 | VM2: 0 | VN2: 0 | VO2: 0 | VP2: 0 | VQ2: 0 | VR2: 0 | VS2: 0 | VT2: 0 | VU2: 0 | VV2: 0 | VW2: 0 | VX2: 0 | VY2: 0 | VZ2: 0 | WA2: 0 | WB2: 0 | WC2: 0 | WD2: 0 | WE2: 0 | WF2: 0 | WG2: 0 | WH2: 0 | WI2: 0 | WJ2: 0 | WK2: 0 | WL2: 0 | WM2: 0 | WN2: 0 | WO2: 0 | WP2: 0 | WQ2: 0 | WR2: 0 | WS2: 0 | WT2: 0 | WU2: 0 | WV2: 0 | WW2: 0 | WX2: 0 | WY2: 0 | WZ2: 0 | XA2: 0 | XB2: 0 | XC2: 0 | XD2: 0 | XE2: 0 | XF2: 0 | XG2: 0 | XH2: 0 | XI2: 0 | XJ2: 0 | XK2: 0 | XL2: 0 | XM2: 0 | XN2: 0 | XO2: 0 | XP2: 0 | XQ2: 0 | XR2: 0 | XS2: 0 | XT2: 0 | XU2: 0 | XV2: 0 | XW2: 0 | XX2: 0 | XY2: 0 | XZ2: 0 | YA2: 0 | YB2: 0 | YC2: 0 | YD2: 0 | YE2: 0 | YF2: 0 | YG2: 0 | YH2: 0 | YI2: 0 | YJ2: 0 | YK2: 0 | YL2: 0 | YM2: 0 | YN2: 0 | YO2: 0 | YP2: 0 | YQ2: 0 | YR2: 0 | YS2: 0 | YT2: 0 | YU2: 0 | YV2: 0 | YW2: 0 | YX2: 0 | YY2: 0 | YZ2: 0 | ZA2: 0 | ZB2: 0 | ZC2: 0 | ZD2: 0 | ZE2: 0 | ZF2: 0 | ZG2: 0 | ZH2: 0 | ZI2: 0 | ZJ2: 0 | ZK2: 0 | ZL2: 0 | ZM2: 0 | ZN2: 0 | ZO2: 0 | ZP2: 0 | ZQ2: 0 | ZR2: 0 | ZS2: 0 | ZT2: 0 | ZU2: 0 | ZV2: 0 | ZW2: 0 | ZX2: 0 | ZY2: 0 | ZZ2: 0 | AAA2: 0 | AAB2: 0 | AAC2: 0 | AAD2: 0 | AAE2: 0 | AAF2: 0 | AAG2: 0 | AAH2: 0 | AAI2: 0 | AAJ2: 0 | AAK2: 0 | AAL2: 0 | AAM2: 0 | AAN2: 0 | AAO2: 0 | AAP2: 0 | AAQ2: 0 | AAR2: 0 | AAS2: 0 | AAT2: 0 | AAU2: 0 | AAV2: 0 | AAW2: 0 | AAX2: 0 | AAY2: 0 | AAZ2: 0 | ABA2: 0 | ABB2: 0 | ABC2: 0 | ABD2: 0 | ABE2: 0 | ABF2: 0 | ABG2: 0 | ABH2: 0 | ABI2: 0 | ABJ2: 0 | ABK2: 0 | ABL2: 0 | ABM2: 0 | ABN2: 0 | ABO2: 0 | ABP2: 0 | ABQ2: 0 | ABR2: 0 | ABS2: 0 | ABT2: 0 | ABU2: 0 | ABV2: 0 | ABW2: 0 | ABX2: 0 | ABY2: 0 | ABZ2: 0 | ACA2: 0 | ACB2: 0 | ACC2: 0 | ACD2: 0 | ACE2: 0 | ACF2: 0 | ACG2: 0 | ACH2: 0 | ACI2: 0 | ACJ2: 0 | ACK2: 0 | ACL2: 0 | ACM2: 0 | ACN2: 0 | ACO2: 0 | ACP2: 0 | ACQ2: 0 | ACR2: 0 | ACS2: 0 | ACT2: 0 | ACU2: 0 | ACV2: 0 | ACW2: 0 | ACX2: 0 | ACY2: 0 | ACZ2: 0 | ADA2: 0 | ADB2: 0 | ADC2: 0 | ADD2: 0 | ADE2: 0 | ADF2: 0 | ADG2: 0 | ADH2: 0 | ADI2: 0 | ADJ2: 0 | ADK2: 0 | ADL2: 0 | ADM2: 0 | ADN2: 0 | ADO2: 0 | ADP2: 0 | ADQ2: 0 | ADR2: 0 | ADS2: 0 | ADT2: 0 | ADU2: 0 | ADV2: 0 | ADW2: 0 | ADX2: 0 | ADY2: 0 | ADZ2: 0 | AEA2: 0 | AEB2: 0 | AEC2: 0 | AED2: 0 | AEE2: 0 | AEF2: 0 | AEG2: 0 | AEH2: 0 | AEI2: 0 | AEJ2: 0 | AEK2: 0 | AEL2: 0 | AEM2: 0 | AEN2: 0 | AEO2: 0 | AEP2: 0 | AEQ2: 0 | AER2: 0 | AES2: 0 | AET2: 0 | AEU2: 0 | AEV2: 0 | AEW2: 0 | AEX2: 0 | AEY2: 0 | AEZ2: 0 | AFA2: 0 | AFB2: 0 | AFC2: 0 | AFD2: 0 | AFE2: 0 | AFF2: 0 | AFG2: 0 | AFH2: 0 | AFI2: 0 | AFJ2: 0 | AFK2: 0 | AFL2: 0 | AFM2: 0 | AFN2: 0 | AFO2: 0 | AFP2: 0 | AFQ2: 0 | AFR2: 0 | AFS2: 0 | AFT2: 0 | AFU2: 0 | AFV2: 0 | AFW2: 0 | AFX2: 0 | AFY2: 0 | AFZ2: 0 | AGA2: 0 | AGB2: 0 | AGC2: 0 | AGD2: 0 | AGE2: 0 | AGF2: 0 | AGG2: 0 | AGH2: 0 | AGI2: 0 | AGJ2: 0 | AGK2: 0 | AGL2: 0 | AGM2: 0 | AGN2: 0 | AGO2: 0 | AGP2: 0 | AGQ2: 0 | AGR2: 0 | AGS2: 0 | AGT2: 0 | AGU2: 0 | AGV2: 0 | AGW2: 0 | AGX2: 0 | AGY2: 0 | AGZ2: 0 | AHA2: 0 | AHB2: 0 | AHC2: 0 | AHD2: 0 | AHE2: 0 | AHF2: 0 | AHG2: 0 | AHH2: 0 | AHI2: 0 | AHJ2: 0 | AHK2: 0 | AHL2: 0 | AHM2: 0 | AHN2: 0 | AHO2: 0 | AHP2: 0 | AHQ2: 0 | AHR2: 0 | AHS2: 0 | AHT2: 0 | AHU2: 0 | AHV2: 0 | AHW2: 0 | AHX2: 0 | AHY2: 0 | AHZ2: 0 | AIA2: 0 | AIB2: 0 | AIC2: 0 | AID2: 0 | AIE2: 0 | AIF2: 0 | AIG2: 0 | AIH2: 0 | AII2: #N/A | AIJ2: #N/A | AIK2: #N/A | AIL2: #N/A | AIM2: #N/A | AIN2: #N/A | AIO2: #N/A | AIP2: #N/A | AIQ2: #N/A | AIR2: #N/A | AIS2: #N/A | AIT2: #N/A | AIU2: #N/A | AIV2: #N/A | AIW2: #N/A | AIX2: #N/A | AIY2: #N/A | AIZ2: #N/A | AJA2: #N/A | AJB2: #N/A | AJC2: #N/A | AJD2: #N/A | AJE2: #N/A | AJF2: #N/A | AJG2: #N/A | AJH2: #N/A | AJI2: #N/A | AJJ2: #N/A | AJK2: #N/A | AJL2: #N/A | AJM2: #N/A | AJN2: #N/A | AJO2: #N/A | AJP2: #N/A | AJQ2: #N/A | AJR2: #N/A | AJS2: #N/A | AJT2: #N/A | AJU2: #N/A | AJV2: #N/A | AJW2: #N/A | AJX2: #N/A | AJY2: #N/A | AJZ2: #N/A | AKA2: #N/A | AKB2: #N/A | AKC2: #N/A | AKD2: #N/A | AKE2: #N/A | AKF2: #N/A | AKG2: #N/A | AKH2: #N/A | AKI2: #N/A | AKJ2: #N/A | AKK2: #N/A | AKL2: #N/A | AKM2: #N/A | AKN2: #N/A | AKO2: #N/A | AKP2: #N/A | AKQ2: #N/A | AKR2: #N/A | AKS2: #N/A | AKT2: #N/A | AKU2: #N/A | AKV2: #N/A | AKW2: #N/A | AKX2: #N/A | AKY2: #N/A | AKZ2: #N/A | ALA2: #N/A | ALB2: #N/A | ALC2: #N/A | ALD2: #N/A | ALE2: #N/A | ALF2: #N/A | ALG2: #N/A | ALH2: #N/A | ALI2: #N/A | ALJ2: #N/A | ALK2: #N/A | ALL2: #N/A | ALM2: #N/A | ALN2: #N/A | ALO2: #N/A | ALP2: #N/A | ALQ2: #N/A | ALR2: #N/A | ALS2: #N/A | ALT2: #N/A | ALU2: #N/A | ALV2: #N/A | ALW2: #N/A | ALX2: #N/A | ALY2: #N/A | ALZ2: #N/A | AMA2: #N/A | AMB2: #N/A | AMC2: #N/A | AMD2: #N/A | AME2: #N/A | AMF2: #N/A | AMG2: #N/A | AMH2: #N/A
A3: Half | B3: 0 | C3: 0 | D3: 0 | E3: 0 | F3: 0 | G3: 0 | H3: 0 | I3: 0 | J3: 0 | K3: 0 | L3: 0 | M3: 0 | N3: 0 | O3: Yes | P3: 0 | Q3: Yes | R3: 0 | S3: 0 | T3: 0 | U3: Yes | V3: Yes | W3: 0 | X3: Yes | Y3: 0 | Z3: 0 | AA3: 0 | AB3: 0 | AC3: 0 | AD3: 0 | AE3: Yes | AF3: 0 | AG3: 0 | AH3: 0 | AI3: 0 | AJ3: 0 | AK3: 0 | AL3: Yes | AM3: 0 | AN3: 0 | AO3: 0 | AP3: 0 | AQ3: 0 | AR3: Yes | AS3: 0 | AT3: 0 | AU3: 0 | AV3: 0 | AW3: Yes | AX3: 0 | AY3: 0 | AZ3: 0 | BA3: Yes | BB3: 0 | BC3: 0 | BD3: 0 | BE3: 0 | BF3: 0 | BG3: 0 | BH3: 0 | BI3: 0 | BJ3: 0 | BK3: 0 | BL3: 0 | BM3: 0 | BN3: 0 | BO3: 0 | BP3: 0 | BQ3: 0 | BR3: 0 | BS3: 0 | BT3: Yes | BU3: 0 | BV3: 0 | BW3: 0 | BX3: Yes | BY3: Yes | BZ3: 0 | CA3: 0 | CB3: 0 | CC3: 0 | CD3: 0 | CE3: 0 | CF3: 0 | CG3: 0 | CH3: 0 | CI3: 0 | CJ3: 0 | CK3: 0 | CL3: 0 | CM3: 0 | CN3: Yes | CO3: Yes | CP3: 0 | CQ3: 0 | CR3: 0 | CS3: 0 | CT3: 0 | CU3: 0 | CV3: 0 | CW3: 0 | CX3: 0 | CY3: 0 | CZ3: 0 | DA3: 0 | DB3: 0 | DC3: 0 | DD3: 0 | DE3: 0 | DF3: Yes | DG3: 0 | DH3: Yes | DI3: 0 | DJ3: 0 | DK3: 0 | DL3: 0 | DM3: 0 | DN3: Yes | DO3: 0 | DP3: 0 | DQ3: 0 | DR3: 0 | DS3: 0 | DT3: 0 | DU3: 0 | DV3: 0 | DW3: 0 | DX3: 0 | DY3: Yes | DZ3: Yes | EA3: 0 | EB3: 0 | EC3: 0 | ED3: 0 | EE3: 0 | EF3: 0 | EG3: Yes | EH3: 0 | EI3: 0 | EJ3: 0 | EK3: 0 | EL3: 0 | EM3: 0 | EN3: 0 | EO3: 0 | EP3: 0 | EQ3: 0 | ER3: 0 | ES3: 0 | ET3: 0 | EU3: 0 | EV3: 0 | EW3: 0 | EX3: 0 | EY3: 0 | EZ3: 0 | FA3: 0 | FB3: 0 | FC3: 0 | FD3: 0 | FE3: 0 | FF3: 0 | FG3: 0 | FH3: 0 | FI3: 0 | FJ3: 0 | FK3: 0 | FL3: 0 | FM3: 0 | FN3: 0 | FO3: 0 | FP3: 0 | FQ3: 0 | FR3: 0 | FS3: 0 | FT3: 0 | FU3: Yes | FV3: 0 | FW3: 0 | FX3: 0 | FY3: 0 | FZ3: 0 | GA3: 0 | GB3: 0 | GC3: 0 | GD3: 0 | GE3: 0 | GF3: 0 | GG3: Yes | GH3: 0 | GI3: 0 | GJ3: 0 | GK3: 0 | GL3: Yes | GM3: 0 | GN3: 0 | GO3: Yes | GP3: 0 | GQ3: 0 | GR3: Yes | GS3: 0 | GT3: 0 | GU3: Yes | GV3: 0 | GW3: 0 | GX3: 0 | GY3: 0 | GZ3: 0 | HA3: 0 | HB3: 0 | HC3: 0 | HD3: 0 | HE3: 0 | HF3: 0 | HG3: 0 | HH3: 0 | HI3: 0 | HJ3: 0 | HK3: 0 | HL3: 0 | HM3: 0 | HN3: 0 | HO3: 0 | HP3: 0 | HQ3: 0 | HR3: 0 | HS3: 0 | HT3: 0 | HU3: 0 | HV3: 0 | HW3: 0 | HX3: 0 | HY3: 0 | HZ3: 0 | IA3: 0 | IB3: 0 | IC3: 0 | ID3: 0 | IE3: 0 | IF3: 0 | IG3: 0 | IH3: 0 | II3: 0 | IJ3: 0 | IK3: 0 | IL3: 0 | IM3: 0 | IN3: 0 | IO3: 0 | IP3: 0 | IQ3: 0 | IR3: 0 | IS3: 0 | IT3: 0 | IU3: 0 | IV3: 0 | IW3: 0 | IX3: 0 | IY3: 0 | IZ3: 0 | JA3: 0 | JB3: 0 | JC3: 0 | JD3: 0 | JE3: 0 | JF3: 0 | JG3: 0 | JH3: 0 | JI3: 0 | JJ3: 0 | JK3: 0 | JL3: 0 | JM3: 0 | JN3: 0 | JO3: 0 | JP3: 0 | JQ3: 0 | JR3: 0 | JS3: 0 | JT3: 0 | JU3: 0 | JV3: 0 | JW3: 0 | JX3: 0 | JY3: 0 | JZ3: 0 | KA3: 0 | KB3: 0 | KC3: 0 | KD3: 0 | KE3: 0 | KF3: 0 | KG3: 0 | KH3: 0 | KI3: 0 | KJ3: 0 | KK3: 0 | KL3: 0 | KM3: 0 | KN3: 0 | KO3: 0 | KP3: 0 | KQ3: 0 | KR3: 0 | KS3: 0 | KT3: 0 | KU3: 0 | KV3: 0 | KW3: 0 | KX3: 0 | KY3: 0 | KZ3: 0 | LA3: 0 | LB3: 0 | LC3: 0 | LD3: 0 | LE3: 0 | LF3: 0 | LG3: 0 | LH3: 0 | LI3: 0 | LJ3: 0 | LK3: 0 | LL3: 0 | LM3: 0 | LN3: 0 | LO3: 0 | LP3: 0 | LQ3: 0 | LR3: 0 | LS3: 0 | LT3: Yes | LU3: 0 | LV3: 0 | LW3: 0 | LX3: 0 | LY3: 0 | LZ3: 0 | MA3: 0 | MB3: 0 | MC3: 0 | MD3: 0 | ME3: 0 | MF3: 0 | MG3: 0 | MH3: 0 | MI3: 0 | MJ3: 0 | MK3: 0 | ML3: 0 | MM3: 0 | MN3: 0 | MO3: 0 | MP3: 0 | MQ3: 0 | MR3: 0 | MS3: 0 | MT3: 0 | MU3: 0 | MV3: 0 | MW3: 0 | MX3: 0 | MY3: 0 | MZ3: 0 | NA3: 0 | NB3: 0 | NC3: 0 | ND3: 0 | NE3: 0 | NF3: 0 | NG3: 0 | NH3: 0 | NI3: 0 | NJ3: 0 | NK3: 0 | NL3: 0 | NM3: 0 | NN3: 0 | NO3: 0 | NP3: 0 | NQ3: 0 | NR3: 0 | NS3: 0 | NT3: 0 | NU3: 0 | NV3: 0 | NW3: 0 | NX3: 0 | NY3: 0 | NZ3: 0 | OA3: 0 | OB3: 0 | OC3: 0 | OD3: 0 | OE3: 0 | OF3: 0 | OG3: 0 | OH3: 0 | OI3: 0 | OJ3: 0 | OK3: 0 | OL3: 0 | OM3: 0 | ON3: 0 | OO3: 0 | OP3: 0 | OQ3: 0 | OR3: 0 | OS3: 0 | OT3: 0 | OU3: 0 | OV3: 0 | OW3: 0 | OX3: 0 | OY3: 0 | OZ3: 0 | PA3: 0 | PB3: 0 | PC3: 0 | PD3: 0 | PE3: 0 | PF3: 0 | PG3: 0 | PH3: 0 | PI3: 0 | PJ3: 0 | PK3: 0 | PL3: 0 | PM3: 0 | PN3: 0 | PO3: Yes | PP3: 0 | PQ3: 0 | PR3: Yes | PS3: 0 | PT3: 0 | PU3: 0 | PV3: 0 | PW3: 0 | PX3: 0 | PY3: 0 | PZ3: 0 | QA3: 0 | QB3: 0 | QC3: 0 | QD3: 0 | QE3: 0 | QF3: 0 | QG3: 0 | QH3: 0 | QI3: 0 | QJ3: 0 | QK3: 0 | QL3: 0 | QM3: 0 | QN3: 0 | QO3: 0 | QP3: 0 | QQ3: 0 | QR3: 0 | QS3: 0 | QT3: 0 | QU3: 0 | QV3: 0 | QW3: 0 | QX3: 0 | QY3: 0 | QZ3: 0 | RA3: 0 | RB3: 0 | RC3: 0 | RD3: 0 | RE3: 0 | RF3: 0 | RG3: 0 | RH3: 0 | RI3: 0 | RJ3: 0 | RK3: 0 | RL3: 0 | RM3: 0 | RN3: 0 | RO3: 0 | RP3: 0 | RQ3: 0 | RR3: 0 | RS3: 0 | RT3: 0 | RU3: 0 | RV3: 0 | RW3: 0 | RX3: 0 | RY3: 0 | RZ3: 0 | SA3: 0 | SB3: 0 | SC3: 0 | SD3: 0 | SE3: 0 | SF3: 0 | SG3: 0 | SH3: 0 | SI3: 0 | SJ3: 0 | SK3: 0 | SL3: 0 | SM3: 0 | SN3: 0 | SO3: 0 | SP3: 0 | SQ3: 0 | SR3: 0 | SS3: 0 | ST3: 0 | SU3: 0 | SV3: 0 | SW3: 0 | SX3: 0 | SY3: 0 | SZ3: 0 | TA3: 0 | TB3: 0 | TC3: 0 | TD3: 0 | TE3: 0 | TF3: 0 | TG3: 0 | TH3: 0 | TI3: 0 | TJ3: 0 | TK3: 0 | TL3: 0 | TM3: 0 | TN3: 0 | TO3: 0 | TP3: 0 | TQ3: 0 | TR3: 0 | TS3: 0 | TT3: 0 | TU3: 0 | TV3: 0 | TW3: 0 | TX3: 0 | TY3: 0 | TZ3: 0 | UA3: 0 | UB3: 0 | UC3: 0 | UD3: 0 | UE3: 0 | UF3: 0 | UG3: 0 | UH3: 0 | UI3: 0 | UJ3: 0 | UK3: 0 | UL3: 0 | UM3: 0 | UN3: 0 | UO3: 0 | UP3: 0 | UQ3: 0 | UR3: 0 | US3: 0 | UT3: 0 | UU3: 0 | UV3: 0 | UW3: 0 | UX3: 0 | UY3: 0 | UZ3: 0 | VA3: 0 | VB3: 0 | VC3: 0 | VD3: 0 | VE3: 0 | VF3: 0 | VG3: 0 | VH3: 0 | VI3: 0 | VJ3: 0 | VK3: 0 | VL3: 0 | VM3: 0 | VN3: 0 | VO3: 0 | VP3: 0 | VQ3: 0 | VR3: 0 | VS3: 0 | VT3: 0 | VU3: 0 | VV3: 0 | VW3: 0 | VX3: 0 | VY3: 0 | VZ3: 0 | WA3: 0 | WB3: 0 | WC3: 0 | WD3: 0 | WE3: 0 | WF3: 0 | WG3: 0 | WH3: 0 | WI3: 0 | WJ3: 0 | WK3: 0 | WL3: 0 | WM3: 0 | WN3: 0 | WO3: 0 | WP3: 0 | WQ3: 0 | WR3: 0 | WS3: 0 | WT3: 0 | WU3: 0 | WV3: 0 | WW3: 0 | WX3: 0 | WY3: 0 | WZ3: 0 | XA3: 0 | XB3: 0 | XC3: 0 | XD3: 0 | XE3: 0 | XF3: 0 | XG3: 0 | XH3: 0 | XI3: 0 | XJ3: 0 | XK3: 0 | XL3: 0 | XM3: 0 | XN3: 0 | XO3: 0 | XP3: 0 | XQ3: 0 | XR3: 0 | XS3: 0 | XT3: 0 | XU3: 0 | XV3: 0 | XW3: 0 | XX3: 0 | XY3: 0 | XZ3: 0 | YA3: 0 | YB3: 0 | YC3: 0 | YD3: 0 | YE3: 0 | YF3: 0 | YG3: 0 | YH3: 0 | YI3: 0 | YJ3: 0 | YK3: 0 | YL3: 0 | YM3: 0 | YN3: 0 | YO3: 0 | YP3: 0 | YQ3: 0 | YR3: 0 | YS3: 0 | YT3: 0 | YU3: 0 | YV3: 0 | YW3: 0 | YX3: 0 | YY3: 0 | YZ3: 0 | ZA3: 0 | ZB3: 0 | ZC3: 0 | ZD3: 0 | ZE3: 0 | ZF3: 0 | ZG3: 0 | ZH3: 0 | ZI3: 0 | ZJ3: 0 | ZK3: 0 | ZL3: 0 | ZM3: 0 | ZN3: 0 | ZO3: 0 | ZP3: 0 | ZQ3: 0 | ZR3: 0 | ZS3: 0 | ZT3: 0 | ZU3: 0 | ZV3: 0 | ZW3: 0 | ZX3: 0 | ZY3: 0 | ZZ3: 0 | AAA3: 0 | AAB3: 0 | AAC3: 0 | AAD3: 0 | AAE3: 0 | AAF3: 0 | AAG3: 0 | AAH3: 0 | AAI3: 0 | AAJ3: 0 | AAK3: 0 | AAL3: 0 | AAM3: 0 | AAN3: 0 | AAO3: 0 | AAP3: 0 | AAQ3: 0 | AAR3: 0 | AAS3: 0 | AAT3: 0 | AAU3: 0 | AAV3: 0 | AAW3: 0 | AAX3: 0 | AAY3: 0 | AAZ3: 0 | ABA3: 0 | ABB3: 0 | ABC3: 0 | ABD3: 0 | ABE3: 0 | ABF3: 0 | ABG3: 0 | ABH3: 0 | ABI3: 0 | ABJ3: 0 | ABK3: 0 | ABL3: 0 | ABM3: 0 | ABN3: 0 | ABO3: 0 | ABP3: 0 | ABQ3: 0 | ABR3: 0 | ABS3: 0 | ABT3: 0 | ABU3: 0 | ABV3: 0 | ABW3: 0 | ABX3: 0 | ABY3: 0 | ABZ3: 0 | ACA3: 0 | ACB3: 0 | ACC3: 0 | ACD3: 0 | ACE3: 0 | ACF3: 0 | ACG3: 0 | ACH3: 0 | ACI3: 0 | ACJ3: 0 | ACK3: 0 | ACL3: 0 | ACM3: 0 | ACN3: 0 | ACO3: 0 | ACP3: 0 | ACQ3: 0 | ACR3: 0 | ACS3: 0 | ACT3: 0 | ACU3: 0 | ACV3: 0 | ACW3: 0 | ACX3: 0 | ACY3: 0 | ACZ3: 0 | ADA3: 0 | ADB3: 0 | ADC3: 0 | ADD3: 0 | ADE3: 0 | ADF3: 0 | ADG3: 0 | ADH3: 0 | ADI3: 0 | ADJ3: 0 | ADK3: 0 | ADL3: 0 | ADM3: 0 | ADN3: 0 | ADO3: 0 | ADP3: 0 | ADQ3: 0 | ADR3: 0 | ADS3: 0 | ADT3: 0 | ADU3: 0 | ADV3: 0 | ADW3: 0 | ADX3: 0 | ADY3: 0 | ADZ3: 0 | AEA3: 0 | AEB3: 0 | AEC3: 0 | AED3: 0 | AEE3: 0 | AEF3: 0 | AEG3: 0 | AEH3: 0 | AEI3: 0 | AEJ3: 0 | AEK3: 0 | AEL3: 0 | AEM3: 0 | AEN3: 0 | AEO3: 0 | AEP3: 0 | AEQ3: 0 | AER3: 0 | AES3: 0 | AET3: 0 | AEU3: 0 | AEV3: 0 | AEW3: 0 | AEX3: 0 | AEY3: 0 | AEZ3: 0 | AFA3: 0 | AFB3: 0 | AFC3: 0 | AFD3: 0 | AFE3: 0 | AFF3: 0 | AFG3: 0 | AFH3: 0 | AFI3: 0 | AFJ3: 0 | AFK3: 0 | AFL3: 0 | AFM3: 0 | AFN3: 0 | AFO3: 0 | AFP3: 0 | AFQ3: 0 | AFR3: 0 | AFS3: 0 | AFT3: 0 | AFU3: 0 | AFV3: 0 | AFW3: 0 | AFX3: 0 | AFY3: 0 | AFZ3: 0 | AGA3: 0 | AGB3: 0 | AGC3: 0 | AGD3: 0 | AGE3: 0 | AGF3: 0 | AGG3: 0 | AGH3: 0 | AGI3: 0 | AGJ3: 0 | AGK3: 0 | AGL3: 0 | AGM3: 0 | AGN3: 0 | AGO3: 0 | AGP3: 0 | AGQ3: 0 | AGR3: 0 | AGS3: 0 | AGT3: 0 | AGU3: 0 | AGV3: 0 | AGW3: 0 | AGX3: 0 | AGY3: 0 | AGZ3: 0 | AHA3: 0 | AHB3: 0 | AHC3: 0 | AHD3: 0 | AHE3: 0 | AHF3: 0 | AHG3: 0 | AHH3: 0 | AHI3: 0 | AHJ3: 0 | AHK3: 0 | AHL3: 0 | AHM3: 0 | AHN3: 0 | AHO3: 0 | AHP3: 0 | AHQ3: 0 | AHR3: 0 | AHS3: 0 | AHT3: 0 | AHU3: 0 | AHV3: 0 | AHW3: 0 | AHX3: 0 | AHY3: 0 | AHZ3: 0 | AIA3: 0 | AIB3: 0 | AIC3: 0 | AID3: 0 | AIE3: 0 | AIF3: 0 | AIG3: 0 | AIH3: 0 | AII3: #N/A | AIJ3: #N/A | AIK3: #N/A | AIL3: #N/A | AIM3: #N/A | AIN3: #N/A | AIO3: #N/A | AIP3: #N/A | AIQ3: #N/A | AIR3: #N/A | AIS3: #N/A | AIT3: #N/A | AIU3: #N/A | AIV3: #N/A | AIW3: #N/A | AIX3: #N/A | AIY3: #N/A | AIZ3: #N/A | AJA3: #N/A | AJB3: #N/A | AJC3: #N/A | AJD3: #N/A | AJE3: #N/A | AJF3: #N/A | AJG3: #N/A | AJH3: #N/A | AJI3: #N/A | AJJ3: #N/A | AJK3: #N/A | AJL3: #N/A | AJM3: #N/A | AJN3: #N/A | AJO3: #N/A | AJP3: #N/A | AJQ3: #N/A | AJR3: #N/A | AJS3: #N/A | AJT3: #N/A | AJU3: #N/A | AJV3: #N/A | AJW3: #N/A | AJX3: #N/A | AJY3: #N/A | AJZ3: #N/A | AKA3: #N/A | AKB3: #N/A | AKC3: #N/A | AKD3: #N/A | AKE3: #N/A | AKF3: #N/A | AKG3: #N/A | AKH3: #N/A | AKI3: #N/A | AKJ3: #N/A | AKK3: #N/A | AKL3: #N/A | AKM3: #N/A | AKN3: #N/A | AKO3: #N/A | AKP3: #N/A | AKQ3: #N/A | AKR3: #N/A | AKS3: #N/A | AKT3: #N/A | AKU3: #N/A | AKV3: #N/A | AKW3: #N/A | AKX3: #N/A | AKY3: #N/A | AKZ3: #N/A | ALA3: #N/A | ALB3: #N/A | ALC3: #N/A | ALD3: #N/A | ALE3: #N/A | ALF3: #N/A | ALG3: #N/A | ALH3: #N/A | ALI3: #N/A | ALJ3: #N/A | ALK3: #N/A | ALL3: #N/A | ALM3: #N/A | ALN3: #N/A | ALO3: #N/A | ALP3: #N/A | ALQ3: #N/A | ALR3: #N/A | ALS3: #N/A | ALT3: #N/A | ALU3: #N/A | ALV3: #N/A | ALW3: #N/A | ALX3: #N/A | ALY3: #N/A | ALZ3: #N/A | AMA3: #N/A | AMB3: #N/A | AMC3: #N/A | AMD3: #N/A | AME3: #N/A | AMF3: #N/A | AMG3: #N/A | AMH3: #N/A
A4: aa | B4: 0 | C4: 0 | D4: 0 | E4: 0 | F4: 0 | G4: 0 | H4: 0 | I4: 0 | J4: 0 | K4: 0 | L4: 0 | M4: 0 | N4: 0 | O4: 0 | P4: 0 | Q4: 0 | R4: 0 | S4: 0 | T4: 0 | U4: 0 | V4: 0 | W4: 0 | X4: 0 | Y4: 0 | Z4: 0 | AA4: 0 | AB4: 0 | AC4: 0 | AD4: 0 | AE4: 0 | AF4: 0 | AG4: 0 | AH4: 0 | AI4: 0 | AJ4: 0 | AK4: 0 | AL4: 0 | AM4: 0 | AN4: 0 | AO4: 0 | AP4: 0 | AQ4: 0 | AR4: 0 | AS4: 0 | AT4: 0 | AU4: 0 | AV4: 0 | AW4: 0 | AX4: 0 | AY4: 0 | AZ4: 0 | BA4: 0 | BB4: 0 | BC4: 0 | BD4: 0 | BE4: 0 | BF4: 0 | BG4: 0 | BH4: 0 | BI4: 0 | BJ4: 0 | BK4: 0 | BL4: 0 | BM4: 0 | BN4: 0 | BO4: 0 | BP4: 0 | BQ4: 0 | BR4: 0 | BS4: 0 | BT4: 0 | BU4: 0 | BV4: 0 | BW4: 0 | BX4: 0 | BY4: 0 | BZ4: 0 | CA4: 0 | CB4: 0 | CC4: 0 | CD4: 0 | CE4: 0 | CF4: 0 | CG4: 0 | CH4: 0 | CI4: 0 | CJ4: 0 | CK4: 0 | CL4: 0 | CM4: 0 | CN4: 0 | CO4: 0 | CP4: 0 | CQ4: 0 | CR4: 0 | CS4: 0 | CT4: 0 | CU4: 0 | CV4: 0 | CW4: 0 | CX4: 0 | CY4: 0 | CZ4: 0 | DA4: 0 | DB4: 0 | DC4: 0 | DD4: 0 | DE4: 0 | DF4: 0 | DG4: 0 | DH4: 0 | DI4: 0 | DJ4: 0 | DK4: 0 | DL4: 0 | DM4: 0 | DN4: 0 | DO4: 0 | DP4: 0 | DQ4: 0 | DR4: 0 | DS4: 0 | DT4: 0 | DU4: 0 | DV4: 0 | DW4: 0 | DX4: 0 | DY4: 0 | DZ4: 0 | EA4: 0 | EB4: 0 | EC4: 0 | ED4: 0 | EE4: 0 | EF4: 0 | EG4: 0 | EH4: 0 | EI4: 0 | EJ4: 0 | EK4: 0 | EL4: 0 | EM4: 0 | EN4: 0 | EO4: 0 | EP4: 0 | EQ4: 0 | ER4: 0 | ES4: 0 | ET4: 0 | EU4: 0 | EV4: 0 | EW4: 0 | EX4: 0 | EY4: 0 | EZ4: 0 | FA4: 0 | FB4: 0 | FC4: 0 | FD4: 0 | FE4: 0 | FF4: 0 | FG4: 0 | FH4: 0 | FI4: 0 | FJ4: 0 | FK4: 0 | FL4: 0 | FM4: 0 | FN4: 0 | FO4: 0 | FP4: 0 | FQ4: 0 | FR4: 0 | FS4: 0 | FT4: 0 | FU4: 0 | FV4: 0 | FW4: 0 | FX4: 0 | FY4: 0 | FZ4: 0 | GA4: 0 | GB4: 0 | GC4: 0 | GD4: 0 | GE4: 0 | GF4: 0 | GG4: 0 | GH4: 0 | GI4: 0 | GJ4: 0 | GK4: 0 | GL4: 0 | GM4: 0 | GN4: 0 | GO4: 0 | GP4: 0 | GQ4: 0 | GR4: 0 | GS4: 0 | GT4: 0 | GU4: 0 | GV4: 0 | GW4: 0 | GX4: 0 | GY4: 0 | GZ4: 0 | HA4: 0 | HB4: 0 | HC4: 0 | HD4: 0 | HE4: 0 | HF4: 0 | HG4: 0 | HH4: 0 | HI4: 0 | HJ4: 0 | HK4: 0 | HL4: 0 | HM4: 0 | HN4: 0 | HO4: 0 | HP4: 0 | HQ4: 0 | HR4: 0 | HS4: 0 | HT4: 0 | HU4: 0 | HV4: 0 | HW4: 0 | HX4: 0 | HY4: 0 | HZ4: 0 | IA4: 0 | IB4: 0 | IC4: 0 | ID4: 0 | IE4: 0 | IF4: 0 | IG4: 0 | IH4: 0 | II4: 0 | IJ4: 0 | IK4: 0 | IL4: 0 | IM4: 0 | IN4: 0 | IO4: 0 | IP4: 0 | IQ4: 0 | IR4: 0 | IS4: 0 | IT4: 0 | IU4: 0 | IV4: 0 | IW4: 0 | IX4: 0 | IY4: 0 | IZ4: 0 | JA4: 0 | JB4: 0 | JC4: 0 | JD4: 0 | JE4: 0 | JF4: 0 | JG4: 0 | JH4: 0 | JI4: 0 | JJ4: 0 | JK4: 0 | JL4: 0 | JM4: 0 | JN4: 0 | JO4: 0 | JP4: 0 | JQ4: 0 | JR4: 0 | JS4: 0 | JT4: 0 | JU4: 0 | JV4: 0 | JW4: 0 | JX4: 0 | JY4: 0 | JZ4: 0 | KA4: 0 | KB4: 0 | KC4: 0 | KD4: 0 | KE4: 0 | KF4: 0 | KG4: 0 | KH4: 0 | KI4: 0 | KJ4: 0 | KK4: 0 | KL4: 0 | KM4: 0 | KN4: 0 | KO4: 0 | KP4: 0 | KQ4: 0 | KR4: 0 | KS4: 0 | KT4: 0 | KU4: 0 | KV4: 0 | KW4: 0 | KX4: 0 | KY4: 0 | KZ4: 0 | LA4: 0 | LB4: 0 | LC4: 0 | LD4: 0 | LE4: 0 | LF4: 0 | LG4: 0 | LH4: 0 | LI4: 0 | LJ4: 0 | LK4: 0 | LL4: 0 | LM4: 0 | LN4: 0 | LO4: 0 | LP4: 0 | LQ4: 0 | LR4: 0 | LS4: 0 | LT4: 0 | LU4: 0 | LV4: 0 | LW4: 0 | LX4: 0 | LY4: 0 | LZ4: 0 | MA4: 0 | MB4: 0 | MC4: 0 | MD4: 0 | ME4: 0 | MF4: 0 | MG4: 0 | MH4: 0 | MI4: 0 | MJ4: 0 | MK4: 0 | ML4: 0 | MM4: 0 | MN4: 0 | MO4: 0 | MP4: 0 | MQ4: 0 | MR4: 0 | MS4: 0 | MT4: 0 | MU4: 0 | MV4: 0 | MW4: 0 | MX4: 0 | MY4: 0 | MZ4: 0 | NA4: 0 | NB4: 0 | NC4: 0 | ND4: 0 | NE4: 0 | NF4: 0 | NG4: 0 | NH4: 0 | NI4: 0 | NJ4: 0 | NK4: 0 | NL4: 0 | NM4: 0 | NN4: 0 | NO4: 0 | NP4: 0 | NQ4: 0 | NR4: 0 | NS4: 0 | NT4: 0 | NU4: 0 | NV4: 0 | NW4: 0 | NX4: 0 | NY4: 0 | NZ4: 0 | OA4: 0 | OB4: 0 | OC4: 0 | OD4: 0 | OE4: 0 | OF4: 0 | OG4: 0 | OH4: 0 | OI4: 0 | OJ4: 0 | OK4: 0 | OL4: 0 | OM4: 0 | ON4: 0 | OO4: 0 | OP4: 0 | OQ4: 0 | OR4: 0 | OS4: 0 | OT4: 0 | OU4: 0 | OV4: 0 | OW4: 0 | OX4: 0 | OY4: 0 | OZ4: 0 | PA4: 0 | PB4: 0 | PC4: 0 | PD4: 0 | PE4: 0 | PF4: 0 | PG4: 0 | PH4: 0 | PI4: 0 | PJ4: 0 | PK4: 0 | PL4: 0 | PM4: 0 | PN4: 0 | PO4: 0 | PP4: 0 | PQ4: 0 | PR4: 0 | PS4: 0 | PT4: 0 | PU4: 0 | PV4: 0 | PW4: 0 | PX4: 0 | PY4: 0 | PZ4: 0 | QA4: 0 | QB4: 0 | QC4: 0 | QD4: 0 | QE4: 0 | QF4: 0 | QG4: 0 | QH4: 0 | QI4: 0 | QJ4: 0 | QK4: 0 | QL4: 0 | QM4: 0 | QN4: 0 | QO4: 0 | QP4: 0 | QQ4: 0 | QR4: 0 | QS4: 0 | QT4: 0 | QU4: 0 | QV4: 0 | QW4: 0 | QX4: 0 | QY4: 0 | QZ4: 0 | RA4: 0 | RB4: 0 | RC4: 0 | RD4: 0 | RE4: 0 | RF4: 0 | RG4: 0 | RH4: 0 | RI4: 0 | RJ4: 0 | RK4: 0 | RL4: 0 | RM4: 0 | RN4: 0 | RO4: 0 | RP4: 0 | RQ4: 0 | RR4: 0 | RS4: 0 | RT4: 0 | RU4: 0 | RV4: 0 | RW4: 0 | RX4: 0 | RY4: 0 | RZ4: 0 | SA4: 0 | SB4: 0 | SC4: 0 | SD4: 0 | SE4: 0 | SF4: 0 | SG4: 0 | SH4: 0 | SI4: 0 | SJ4: 0 | SK4: 0 | SL4: 0 | SM4: 0 | SN4: 0 | SO4: 0 | SP4: 0 | SQ4: 0 | SR4: 0 | SS4: 0 | ST4: 0 | SU4: 0 | SV4: 0 | SW4: 0 | SX4: 0 | SY4: 0 | SZ4: 0 | TA4: 0 | TB4: 0 | TC4: 0 | TD4: 0 | TE4: 0 | TF4: 0 | TG4: 0 | TH4: 0 | TI4: 0 | TJ4: 0 | TK4: 0 | TL4: 0 | TM4: 0 | TN4: 0 | TO4: 0 | TP4: 0 | TQ4: 0 | TR4: 0 | TS4: 0 | TT4: 0 | TU4: 0 | TV4: 0 | TW4: 0 | TX4: 0 | TY4: 0 | TZ4: 0 | UA4: 0 | UB4: 0 | UC4: 0 | UD4: 0 | UE4: 0 | UF4: 0 | UG4: 0 | UH4: 0 | UI4: 0 | UJ4: 0 | UK4: 0 | UL4: 0 | UM4: 0 | UN4: 0 | UO4: 0 | UP4: 0 | UQ4: 0 | UR4: 0 | US4: 0 | UT4: 0 | UU4: 0 | UV4: 0 | UW4: 0 | UX4: 0 | UY4: 0 | UZ4: 0 | VA4: 0 | VB4: 0 | VC4: 0 | VD4: 0 | VE4: 0 | VF4: 0 | VG4: 0 | VH4: 0 | VI4: 0 | VJ4: 0 | VK4: 0 | VL4: 0 | VM4: 0 | VN4: 0 | VO4: 0 | VP4: 0 | VQ4: 0 | VR4: 0 | VS4: 0 | VT4: 0 | VU4: 0 | VV4: 0 | VW4: 0 | VX4: 0 | VY4: 0 | VZ4: 0 | WA4: 0 | WB4: 0 | WC4: 0 | WD4: 0 | WE4: 0 | WF4: 0 | WG4: 0 | WH4: 0 | WI4: 0 | WJ4: 0 | WK4: 0 | WL4: 0 | WM4: 0 | WN4: 0 | WO4: 0 | WP4: 0 | WQ4: 0 | WR4: 0 | WS4: 0 | WT4: 0 | WU4: 0 | WV4: 0 | WW4: 0 | WX4: 0 | WY4: 0 | WZ4: 0 | XA4: 0 | XB4: 0 | XC4: 0 | XD4: 0 | XE4: 0 | XF4: 0 | XG4: 0 | XH4: 0 | XI4: 0 | XJ4: 0 | XK4: 0 | XL4: 0 | XM4: 0 | XN4: 0 | XO4: 0 | XP4: 0 | XQ4: 0 | XR4: 0 | XS4: 0 | XT4: 0 | XU4: 0 | XV4: 0 | XW4: 0 | XX4: 0 | XY4: 0 | XZ4: 0 | YA4: 0 | YB4: 0 | YC4: 0 | YD4: 0 | YE4: 0 | YF4: 0 | YG4: 0 | YH4: 0 | YI4: 0 | YJ4: 0 | YK4: 0 | YL4: 0 | YM4: 0 | YN4: 0 | YO4: 0 | YP4: 0 | YQ4: 0 | YR4: 0 | YS4: 0 | YT4: 0 | YU4: 0 | YV4: 0 | YW4: 0 | YX4: 0 | YY4: 0 | YZ4: 0 | ZA4: 0 | ZB4: 0 | ZC4: 0 | ZD4: 0 | ZE4: 0 | ZF4: 0 | ZG4: 0 | ZH4: 0 | ZI4: 0 | ZJ4: 0 | ZK4: 0 | ZL4: 0 | ZM4: 0 | ZN4: 0 | ZO4: 0 | ZP4: 0 | ZQ4: 0 | ZR4: 0 | ZS4: 0 | ZT4: 0 | ZU4: 0 | ZV4: 0 | ZW4: 0 | ZX4: 0 | ZY4: 0 | ZZ4: 0 | AAA4: 0 | AAB4: 0 | AAC4: 0 | AAD4: 0 | AAE4: 0 | AAF4: 0 | AAG4: 0 | AAH4: 0 | AAI4: 0 | AAJ4: 0 | AAK4: 0 | AAL4: 0 | AAM4: 0 | AAN4: 0 | AAO4: 0 | AAP4: 0 | AAQ4: 0 | AAR4: 0 | AAS4: 0 | AAT4: 0 | AAU4: 0 | AAV4: 0 | AAW4: 0 | AAX4: 0 | AAY4: 0 | AAZ4: 0 | ABA4: 0 | ABB4: 0 | ABC4: 0 | ABD4: 0 | ABE4: 0 | ABF4: 0 | ABG4: 0 | ABH4: 0 | ABI4: 0 | ABJ4: 0 | ABK4: 0 | ABL4: 0 | ABM4: 0 | ABN4: 0 | ABO4: 0 | ABP4: 0 | ABQ4: 0 | ABR4: 0 | ABS4: 0 | ABT4: 0 | ABU4: 0 | ABV4: 0 | ABW4: 0 | ABX4: 0 | ABY4: 0 | ABZ4: 0 | ACA4: 0 | ACB4: 0 | ACC4: 0 | ACD4: 0 | ACE4: 0 | ACF4: 0 | ACG4: 0 | ACH4: 0 | ACI4: 0 | ACJ4: 0 | ACK4: 0 | ACL4: 0 | ACM4: 0 | ACN4: 0 | ACO4: 0 | ACP4: 0 | ACQ4: 0 | ACR4: 0 | ACS4: 0 | ACT4: 0 | ACU4: 0 | ACV4: 0 | ACW4: 0 | ACX4: 0 | ACY4: 0 | ACZ4: 0 | ADA4: 0 | ADB4: 0 | ADC4: 0 | ADD4: 0 | ADE4: 0 | ADF4: 0 | ADG4: 0 | ADH4: 0 | ADI4: 0 | ADJ4: 0 | ADK4: 0 | ADL4: 0 | ADM4: 0 | ADN4: 0 | ADO4: 0 | ADP4: 0 | ADQ4: 0 | ADR4: 0 | ADS4: 0 | ADT4: 0 | ADU4: 0 | ADV4: 0 | ADW4: 0 | ADX4: 0 | ADY4: 0 | ADZ4: 0 | AEA4: 0 | AEB4: 0 | AEC4: 0 | AED4: 0 | AEE4: 0 | AEF4: 0 | AEG4: 0 | AEH4: 0 | AEI4: 0 | AEJ4: 0 | AEK4: 0 | AEL4: 0 | AEM4: 0 | AEN4: 0 | AEO4: 0 | AEP4: 0 | AEQ4: 0 | AER4: 0 | AES4: 0 | AET4: 0 | AEU4: 0 | AEV4: 0 | AEW4: 0 | AEX4: 0 | AEY4: 0 | AEZ4: 0 | AFA4: 0 | AFB4: 0 | AFC4: 0 | AFD4: 0 | AFE4: 0 | AFF4: 0 | AFG4: 0 | AFH4: 0 | AFI4: 0 | AFJ4: 0 | AFK4: 0 | AFL4: 0 | AFM4: 0 | AFN4: 0 | AFO4: 0 | AFP4: 0 | AFQ4: 0 | AFR4: 0 | AFS4: 0 | AFT4: 0 | AFU4: 0 | AFV4: 0 | AFW4: 0 | AFX4: 0 | AFY4: 0 | AFZ4: 0 | AGA4: 0 | AGB4: 0 | AGC4: 0 | AGD4: 0 | AGE4: 0 | AGF4: 0 | AGG4: 0 | AGH4: 0 | AGI4: 0 | AGJ4: 0 | AGK4: 0 | AGL4: 0 | AGM4: 0 | AGN4: 0 | AGO4: 0 | AGP4: 0 | AGQ4: 0 | AGR4: 0 | AGS4: 0 | AGT4: 0 | AGU4: 0 | AGV4: 0 | AGW4: 0 | AGX4: 0 | AGY4: 0 | AGZ4: 0 | AHA4: 0 | AHB4: 0 | AHC4: 0 | AHD4: 0 | AHE4: 0 | AHF4: 0 | AHG4: 0 | AHH4: 0 | AHI4: 0 | AHJ4: 0 | AHK4: 0 | AHL4: 0 | AHM4: 0 | AHN4: 0 | AHO4: 0 | AHP4: 0 | AHQ4: 0 | AHR4: 0 | AHS4: 0 | AHT4: 0 | AHU4: 0 | AHV4: 0 | AHW4: 0 | AHX4: 0 | AHY4: 0 | AHZ4: 0 | AIA4: 0 | AIB4: 0 | AIC4: 0 | AID4: 0 | AIE4: 0 | AIF4: 0 | AIG4: 0 | AIH4: 0 | AII4: #N/A | AIJ4: #N/A | AIK4: #N/A | AIL4: #N/A | AIM4: #N/A | AIN4: #N/A | AIO4: #N/A | AIP4: #N/A | AIQ4: #N/A | AIR4: #N/A | AIS4: #N/A | AIT4: #N/A | AIU4: #N/A | AIV4: #N/A | AIW4: #N/A | AIX4: #N/A | AIY4: #N/A | AIZ4: #N/A | AJA4: #N/A | AJB4: #N/A | AJC4: #N/A | AJD4: #N/A | AJE4: #N/A | AJF4: #N/A | AJG4: #N/A | AJH4: #N/A | AJI4: #N/A | AJJ4: #N/A | AJK4: #N/A | AJL4: #N/A | AJM4: #N/A | AJN4: #N/A | AJO4: #N/A | AJP4: #N/A | AJQ4: #N/A | AJR4: #N/A | AJS4: #N/A | AJT4: #N/A | AJU4: #N/A | AJV4: #N/A | AJW4: #N/A | AJX4: #N/A | AJY4: #N/A | AJZ4: #N/A | AKA4: #N/A | AKB4: #N/A | AKC4: #N/A | AKD4: #N/A | AKE4: #N/A | AKF4: #N/A | AKG4: #N/A | AKH4: #N/A | AKI4: #N/A | AKJ4: #N/A | AKK4: #N/A | AKL4: #N/A | AKM4: #N/A | AKN4: #N/A | AKO4: #N/A | AKP4: #N/A | AKQ4: #N/A | AKR4: #N/A | AKS4: #N/A | AKT4: #N/A | AKU4: #N/A | AKV4: #N/A | AKW4: #N/A | AKX4: #N/A | AKY4: #N/A | AKZ4: #N/A | ALA4: #N/A | ALB4: #N/A | ALC4: #N/A | ALD4: #N/A | ALE4: #N/A | ALF4: #N/A | ALG4: #N/A | ALH4: #N/A | ALI4: #N/A | ALJ4: #N/A | ALK4: #N/A | ALL4: #N/A | ALM4: #N/A | ALN4: #N/A | ALO4: #N/A | ALP4: #N/A | ALQ4: #N/A | ALR4: #N/A | ALS4: #N/A | ALT4: #N/A | ALU4: #N/A | ALV4: #N/A | ALW4: #N/A | ALX4: #N/A | ALY4: #N/A | ALZ4: #N/A | AMA4: #N/A | AMB4: #N/A | AMC4: #N/A | AMD4: #N/A | AME4: #N/A | AMF4: #N/A | AMG4: #N/A | AMH4: #N/A
A5: Aurora | B5: 690 | C5: 385 | D5: 495 | E5: 0 | F5: 280 | G5: 460 | H5: 190 | I5: 400 | J5: 165 | K5: 445 | L5: 525 | M5: 405 | N5: 250 | O5: 95 | P5: 455 | Q5: 0 | R5: 260 | S5: 575 | T5: 95 | U5: 155 | V5: 235 | W5: 0 | X5: 0 | Y5: 125 | Z5: 175 | AA5: 595 | AB5: 535 | AC5: 840 | AD5: 635 | AE5: 235 | AF5: 0 | AG5: 125 | AH5: 485 | AI5: 330 | AJ5: 100 | AK5: 0 | AL5: 165 | AM5: 0 | AN5: 560 | AO5: 465 | AP5: 0 | AQ5: 770 | AR5: 0 | AS5: 225 | AT5: 235 | AU5: 385 | AV5: 465 | AW5: 0 | AX5: 330 | AY5: 95 | AZ5: 195 | BA5: 0 | BB5: 0 | BC5: 1020 | BD5: 0 | BE5: 570 | BF5: 345 | BG5: 0 | BH5: 0 | BI5: 0 | BJ5: 0 | BK5: 0 | BL5: 0 | BM5: 0 | BN5: 0 | BO5: 380 | BP5: 395 | BQ5: 105 | BR5: 765 | BS5: 760 | BT5: 215 | BU5: 755 | BV5: 390 | BW5: 620 | BX5: 380 | BY5: 300 | BZ5: 395 | CA5: 355 | CB5: 565 | CC5: 355 | CD5: 250 | CE5: 0 | CF5: 605 | CG5: 790 | CH5: 370 | CI5: 365 | CJ5: 585 | CK5: 325 | CL5: 630 | CM5: 210 | CN5: 170 | CO5: 285 | CP5: 210 | CQ5: 245 | CR5: 155 | CS5: 400 | CT5: 795 | CU5: 270 | CV5: 395 | CW5: 310 | CX5: 440 | CY5: 325 | CZ5: 590 | DA5: 235 | DB5: 315 | DC5: 190 | DD5: 0 | DE5: 670 | DF5: 0 | DG5: 600 | DH5: 260 | DI5: 555 | DJ5: 520 | DK5: 430 | DL5: 435 | DM5: 345 | DN5: 115 | DO5: 590 | DP5: 250 | DQ5: 0 | DR5: 245 | DS5: 310 | DT5: 170 | DU5: 295 | DV5: 205 | DW5: 445 | DX5: 360 | DY5: 0 | DZ5: 220 | EA5: 895 | EB5: 535 | EC5: 0 | ED5: 0 | EE5: 795 | EF5: 0 | EG5: 0 | EH5: 310 | EI5: 525 | EJ5: 405 | EK5: 580 | EL5: 725 | EM5: 335 | EN5: 345 | EO5: 0 | EP5: 0 | EQ5: 540 | ER5: 0 | ES5: 0 | ET5: 0 | EU5: 0 | EV5: 0 | EW5: 0 | EX5: 0 | EY5: 0 | EZ5: 0 | FA5: 0 | FB5: 655 | FC5: 0 | FD5: 520 | FE5: 385 | FF5: 505 | FG5: 320 | FH5: 0 | FI5: 300 | FJ5: 260 | FK5: 640 | FL5: 645 | FM5: 485 | FN5: 0 | FO5: 0 | FP5: 850 | FQ5: 720 | FR5: 455 | FS5: 330 | FT5: 605 | FU5: 0 | FV5: 555 | FW5: 625 | FX5: 410 | FY5: 335 | FZ5: 355 | GA5: 540 | GB5: 330 | GC5: 365 | GD5: 0 | GE5: 0 | GF5: 0 | GG5: 255 | GH5: 230 | GI5: 595 | GJ5: 665 | GK5: 0 | GL5: 0 | GM5: 365 | GN5: 620 | GO5: 165 | GP5: 365 | GQ5: 0 | GR5: 115 | GS5: 405 | GT5: 425 | GU5: 0 | GV5: 225 | GW5: 340 | GX5: 45 | GY5: 590 | GZ5: 305 | HA5: 540 | HB5: 490 | HC5: 470 | HD5: 750 | HE5: 405 | HF5: 255 | HG5: 530 | HH5: 265 | HI5: 650 | HJ5: 160 | HK5: 440 | HL5: 450 | HM5: 175 | HN5: 465 | HO5: 350 | HP5: 635 | HQ5: 365 | HR5: 495 | HS5: 235 | HT5: 625 | HU5: 530 | HV5: 680 | HW5: 585 | HX5: 220 | HY5: 225 | HZ5: 335 | IA5: 0 | IB5: 0 | IC5: 625 | ID5: 295 | IE5: 225 | IF5: 225 | IG5: 345 | IH5: 835 | II5: 0 | IJ5: 0 | IK5: 0 | IL5: 475 | IM5: 0 | IN5: 335 | IO5: 325 | IP5: 0 | IQ5: 165 | IR5: 715 | IS5: 680 | IT5: 270 | IU5: 0 | IV5: 625 | IW5: 560 | IX5: 735 | IY5: 0 | IZ5: 505 | JA5: 320 | JB5: 0 | JC5: 0 | JD5: 0 | JE5: 0 | JF5: 0 | JG5: 0 | JH5: 0 | JI5: 640 | JJ5: 555 | JK5: 260 | JL5: 265 | JM5: 365 | JN5: 485 | JO5: 0 | JP5: 0 | JQ5: 0 | JR5: 0 | JS5: 0 | JT5: 0 | JU5: 0 | JV5: 0 | JW5: 0 | JX5: 0 | JY5: 0 | JZ5: 690 | KA5: 100 | KB5: 500 | KC5: 595 | KD5: 205 | KE5: 195 | KF5: 560 | KG5: 500 | KH5: 385 | KI5: 240 | KJ5: 260 | KK5: 675 | KL5: 495 | KM5: 340 | KN5: 485 | KO5: 390 | KP5: 0 | KQ5: 280 | KR5: 325 | KS5: 685 | KT5: 615 | KU5: 0 | KV5: 0 | KW5: 0 | KX5: 0 | KY5: 0 | KZ5: 0 | LA5: 0 | LB5: 0 | LC5: 245 | LD5: 0 | LE5: 385 | LF5: 515 | LG5: 385 | LH5: 0 | LI5: 415 | LJ5: 485 | LK5: 335 | LL5: 680 | LM5: 510 | LN5: 205 | LO5: 455 | LP5: 530 | LQ5: 210 | LR5: 0 | LS5: 330 | LT5: 405 | LU5: 170 | LV5: 0 | LW5: 740 | LX5: 400 | LY5: 320 | LZ5: 720 | MA5: 415 | MB5: 400 | MC5: 535 | MD5: 335 | ME5: 375 | MF5: 545 | MG5: 0 | MH5: 870 | MI5: 110 | MJ5: 0 | MK5: 0 | ML5: 460 | MM5: 425 | MN5: 0 | MO5: 445 | MP5: 0 | MQ5: 0 | MR5: 365 | MS5: 500 | MT5: 315 | MU5: 215 | MV5: 380 | MW5: 0 | MX5: 0 | MY5: 0 | MZ5: 325 | NA5: 0 | NB5: 0 | NC5: 0 | ND5: 205 | NE5: 0 | NF5: 320 | NG5: 815 | NH5: 315 | NI5: 400 | NJ5: 90 | NK5: 80 | NL5: 510 | NM5: 0 | NN5: 0 | NO5: 0 | NP5: 365 | NQ5: 325 | NR5: 285 | NS5: 505 | NT5: 435 | NU5: 340 | NV5: 450 | NW5: 350 | NX5: 0 | NY5: 0 | NZ5: 285 | OA5: 470 | OB5: 300 | OC5: 0 | OD5: 0 | OE5: 0 | OF5: 455 | OG5: 285 | OH5: 635 | OI5: 305 | OJ5: 495 | OK5: 0 | OL5: 0 | OM5: 270 | ON5: 320 | OO5: 0 | OP5: 0 | OQ5: 0 | OR5: 0 | OS5: 275 | OT5: 640 | OU5: 700 | OV5: 0 | OW5: 0 | OX5: 0 | OY5: 470 | OZ5: 495 | PA5: 445 | PB5: 245 | PC5: 775 | PD5: 735 | PE5: 0 | PF5: 435 | PG5: 360 | PH5: 0 | PI5: 0 | PJ5: 0 | PK5: 0 | PL5: 385 | PM5: 695 | PN5: 0 | PO5: 0 | PP5: 0 | PQ5: 0 | PR5: 0 | PS5: 0 | PT5: 0 | PU5: 0 | PV5: 0 | PW5: 0 | PX5: 0 | PY5: 0 | PZ5: 0 | QA5: 0 | QB5: 0 | QC5: 0 | QD5: 0 | QE5: 0 | QF5: 0 | QG5: 0 | QH5: 0 | QI5: 0 | QJ5: 0 | QK5: 0 | QL5: 0 | QM5: 0 | QN5: 0 | QO5: 0 | QP5: 0 | QQ5: 0 | QR5: 0 | QS5: 0 | QT5: 0 | QU5: 0 | QV5: 0 | QW5: 0 | QX5: 0 | QY5: 0 | QZ5: 0 | RA5: 0 | RB5: 0 | RC5: 0 | RD5: 0 | RE5: 0 | RF5: 0 | RG5: 0 | RH5: 0 | RI5: 0 | RJ5: 0 | RK5: 0 | RL5: 0 | RM5: 0 | RN5: 0 | RO5: 0 | RP5: 0 | RQ5: 0 | RR5: 0 | RS5: 0 | RT5: 0 | RU5: 0 | RV5: 0 | RW5: 0 | RX5: 0 | RY5: 0 | RZ5: 0 | SA5: 0 | SB5: 0 | SC5: 0 | SD5: 0 | SE5: 0 | SF5: 0 | SG5: 0 | SH5: 0 | SI5: 0 | SJ5: 0 | SK5: 0 | SL5: 0 | SM5: 0 | SN5: 0 | SO5: 0 | SP5: 0 | SQ5: 0 | SR5: 0 | SS5: 0 | ST5: 0 | SU5: 0 | SV5: 0 | SW5: 0 | SX5: 0 | SY5: 0 | SZ5: 0 | TA5: 0 | TB5: 0 | TC5: 0 | TD5: 0 | TE5: 0 | TF5: 0 | TG5: 0 | TH5: 0 | TI5: 0 | TJ5: 0 | TK5: 0 | TL5: 0 | TM5: 0 | TN5: 0 | TO5: 0 | TP5: 0 | TQ5: 0 | TR5: 0 | TS5: 0 | TT5: 0 | TU5: 0 | TV5: 0 | TW5: 0 | TX5: 0 | TY5: 0 | TZ5: 0 | UA5: 0 | UB5: 0 | UC5: 0 | UD5: 0 | UE5: 0 | UF5: 0 | UG5: 0 | UH5: 0 | UI5: 0 | UJ5: 0 | UK5: 0 | UL5: 0 | UM5: 0 | UN5: 0 | UO5: 0 | UP5: 0 | UQ5: 0 | UR5: 0 | US5: 0 | UT5: 0 | UU5: 0 | UV5: 0 | UW5: 0 | UX5: 0 | UY5: 0 | UZ5: 0 | VA5: 0 | VB5: 0 | VC5: 0 | VD5: 0 | VE5: 0 | VF5: 0 | VG5: 0 | VH5: 0 | VI5: 0 | VJ5: 0 | VK5: 0 | VL5: 0 | VM5: 0 | VN5: 0 | VO5: 0 | VP5: 0 | VQ5: 0 | VR5: 0 | VS5: 0 | VT5: 0 | VU5: 0 | VV5: 0 | VW5: 0 | VX5: 0 | VY5: 0 | VZ5: 0 | WA5: 0 | WB5: 0 | WC5: 0 | WD5: 0 | WE5: 0 | WF5: 0 | WG5: 0 | WH5: 0 | WI5: 0 | WJ5: 0 | WK5: 0 | WL5: 0 | WM5: 0 | WN5: 0 | WO5: 0 | WP5: 0 | WQ5: 0 | WR5: 0 | WS5: 0 | WT5: 0 | WU5: 0 | WV5: 0 | WW5: 0 | WX5: 0 | WY5: 0 | WZ5: 0 | XA5: 0 | XB5: 0 | XC5: 0 | XD5: 0 | XE5: 0 | XF5: 0 | XG5: 0 | XH5: 0 | XI5: 0 | XJ5: 0 | XK5: 0 | XL5: 0 | XM5: 0 | XN5: 0 | XO5: 0 | XP5: 0 | XQ5: 0 | XR5: 0 | XS5: 0 | XT5: 0 | XU5: 0 | XV5: 0 | XW5: 0 | XX5: 0 | XY5: 0 | XZ5: 0 | YA5: 0 | YB5: 0 | YC5: 0 | YD5: 0 | YE5: 0 | YF5: 0 | YG5: 0 | YH5: 0 | YI5: 0 | YJ5: 0 | YK5: 0 | YL5: 0 | YM5: 0 | YN5: 0 | YO5: 0 | YP5: 0 | YQ5: 0 | YR5: 0 | YS5: 0 | YT5: 0 | YU5: 0 | YV5: 0 | YW5: 0 | YX5: 0 | YY5: 0 | YZ5: 0 | ZA5: 0 | ZB5: 0 | ZC5: 0 | ZD5: 0 | ZE5: 0 | ZF5: 0 | ZG5: 0 | ZH5: 0 | ZI5: 0 | ZJ5: 0 | ZK5: 0 | ZL5: 0 | ZM5: 0 | ZN5: 0 | ZO5: 0 | ZP5: 0 | ZQ5: 0 | ZR5: 0 | ZS5: 0 | ZT5: 0 | ZU5: 0 | ZV5: 0 | ZW5: 0 | ZX5: 0 | ZY5: 0 | ZZ5: 0 | AAA5: 0 | AAB5: 0 | AAC5: 0 | AAD5: 0 | AAE5: 0 | AAF5: 0 | AAG5: 0 | AAH5: 0 | AAI5: 0 | AAJ5: 0 | AAK5: 0 | AAL5: 0 | AAM5: 0 | AAN5: 0 | AAO5: 0 | AAP5: 0 | AAQ5: 0 | AAR5: 0 | AAS5: 0 | AAT5: 0 | AAU5: 0 | AAV5: 0 | AAW5: 0 | AAX5: 0 | AAY5: 0 | AAZ5: 0 | ABA5: 0 | ABB5: 0 | ABC5: 0 | ABD5: 0 | ABE5: 0 | ABF5: 0 | ABG5: 0 | ABH5: 0 | ABI5: 0 | ABJ5: 0 | ABK5: 0 | ABL5: 0 | ABM5: 0 | ABN5: 0 | ABO5: 0 | ABP5: 0 | ABQ5: 0 | ABR5: 0 | ABS5: 0 | ABT5: 0 | ABU5: 0 | ABV5: 0 | ABW5: 0 | ABX5: 0 | ABY5: 0 | ABZ5: 0 | ACA5: 0 | ACB5: 0 | ACC5: 0 | ACD5: 0 | ACE5: 0 | ACF5: 0 | ACG5: 0 | ACH5: 0 | ACI5: 0 | ACJ5: 0 | ACK5: 0 | ACL5: 0 | ACM5: 0 | ACN5: 0 | ACO5: 0 | ACP5: 0 | ACQ5: 0 | ACR5: 0 | ACS5: 0 | ACT5: 0 | ACU5: 0 | ACV5: 0 | ACW5: 0 | ACX5: 0 | ACY5: 0 | ACZ5: 0 | ADA5: 0 | ADB5: 0 | ADC5: 0 | ADD5: 0 | ADE5: 0 | ADF5: 0 | ADG5: 0 | ADH5: 0 | ADI5: 0 | ADJ5: 0 | ADK5: 0 | ADL5: 0 | ADM5: 0 | ADN5: 0 | ADO5: 0 | ADP5: 0 | ADQ5: 0 | ADR5: 0 | ADS5: 0 | ADT5: 0 | ADU5: 0 | ADV5: 0 | ADW5: 0 | ADX5: 0 | ADY5: 0 | ADZ5: 0 | AEA5: 0 | AEB5: 0 | AEC5: 0 | AED5: 0 | AEE5: 0 | AEF5: 0 | AEG5: 0 | AEH5: 0 | AEI5: 0 | AEJ5: 0 | AEK5: 0 | AEL5: 0 | AEM5: 0 | AEN5: 0 | AEO5: 0 | AEP5: 0 | AEQ5: 0 | AER5: 0 | AES5: 0 | AET5: 0 | AEU5: 0 | AEV5: 0 | AEW5: 0 | AEX5: 0 | AEY5: 0 | AEZ5: 0 | AFA5: 0 | AFB5: 0 | AFC5: 0 | AFD5: 0 | AFE5: 0 | AFF5: 0 | AFG5: 0 | AFH5: 0 | AFI5: 0 | AFJ5: 0 | AFK5: 0 | AFL5: 0 | AFM5: 0 | AFN5: 0 | AFO5: 0 | AFP5: 0 | AFQ5: 0 | AFR5: 0 | AFS5: 0 | AFT5: 0 | AFU5: 0 | AFV5: 0 | AFW5: 0 | AFX5: 0 | AFY5: 0 | AFZ5: 0 | AGA5: 0 | AGB5: 0 | AGC5: 0 | AGD5: 0 | AGE5: 0 | AGF5: 0 | AGG5: 0 | AGH5: 0 | AGI5: 0 | AGJ5: 0 | AGK5: 0 | AGL5: 0 | AGM5: 0 | AGN5: 0 | AGO5: 0 | AGP5: 0 | AGQ5: 0 | AGR5: 0 | AGS5: 0 | AGT5: 0 | AGU5: 0 | AGV5: 0 | AGW5: 0 | AGX5: 0 | AGY5: 0 | AGZ5: 0 | AHA5: 0 | AHB5: 0 | AHC5: 0 | AHD5: 0 | AHE5: 0 | AHF5: 0 | AHG5: 0 | AHH5: 0 | AHI5: 0 | AHJ5: 0 | AHK5: 0 | AHL5: 0 | AHM5: 0 | AHN5: 0 | AHO5: 0 | AHP5: 0 | AHQ5: 0 | AHR5: 0 | AHS5: 0 | AHT5: 0 | AHU5: 0 | AHV5: 0 | AHW5: 0 | AHX5: 0 | AHY5: 0 | AHZ5: 0 | AIA5: 0 | AIB5: 0 | AIC5: 0 | AID5: 0 | AIE5: 0 | AIF5: 0 | AIG5: 0 | AIH5: 0 | AII5: #N/A | AIJ5: #N/A | AIK5: #N/A | AIL5: #N/A | AIM5: #N/A | AIN5: #N/A | AIO5: #N/A | AIP5: #N/A | AIQ5: #N/A | AIR5: #N/A | AIS5: #N/A | AIT5: #N/A | AIU5: #N/A | AIV5: #N/A | AIW5: #N/A | AIX5: #N/A | AIY5: #N/A | AIZ5: #N/A | AJA5: #N/A | AJB5: #N/A | AJC5: #N/A | AJD5: #N/A | AJE5: #N/A | AJF5: #N/A | AJG5: #N/A | AJH5: #N/A | AJI5: #N/A | AJJ5: #N/A | AJK5: #N/A | AJL5: #N/A | AJM5: #N/A | AJN5: #N/A | AJO5: #N/A | AJP5: #N/A | AJQ5: #N/A | AJR5: #N/A | AJS5: #N/A | AJT5: #N/A | AJU5: #N/A | AJV5: #N/A | AJW5: #N/A | AJX5: #N/A | AJY5: #N/A | AJZ5: #N/A | AKA5: #N/A | AKB5: #N/A | AKC5: #N/A | AKD5: #N/A | AKE5: #N/A | AKF5: #N/A | AKG5: #N/A | AKH5: #N/A | AKI5: #N/A | AKJ5: #N/A | AKK5: #N/A | AKL5: #N/A | AKM5: #N/A | AKN5: #N/A | AKO5: #N/A | AKP5: #N/A | AKQ5: #N/A | AKR5: #N/A | AKS5: #N/A | AKT5: #N/A | AKU5: #N/A | AKV5: #N/A | AKW5: #N/A | AKX5: #N/A | AKY5: #N/A | AKZ5: #N/A | ALA5: #N/A | ALB5: #N/A | ALC5: #N/A | ALD5: #N/A | ALE5: #N/A | ALF5: #N/A | ALG5: #N/A | ALH5: #N/A | ALI5: #N/A | ALJ5: #N/A | ALK5: #N/A | ALL5: #N/A | ALM5: #N/A | ALN5: #N/A | ALO5: #N/A | ALP5: #N/A | ALQ5: #N/A | ALR5: #N/A | ALS5: #N/A | ALT5: #N/A | ALU5: #N/A | ALV5: #N/A | ALW5: #N/A | ALX5: #N/A | ALY5: #N/A | ALZ5: #N/A | AMA5: #N/A | AMB5: #N/A | AMC5: #N/A | AMD5: #N/A | AME5: #N/A | AMF5: #N/A | AMG5: #N/A | AMH5: #N/A
A6: Lucas | B6: 765 | C6: 510 | D6: 195 | E6: 65 | F6: 535 | G6: 225 | H6: 450 | I6: 0 | J6: 400 | K6: 0 | L6: 330 | M6: 385 | N6: 690 | O6: 240 | P6: 630 | Q6: 465 | R6: 285 | S6: 510 | T6: 705 | U6: 100 | V6: 135 | W6: 0 | X6: 160 | Y6: 655 | Z6: 625 | AA6: 455 | AB6: 590 | AC6: 725 | AD6: 665 | AE6: 265 | AF6: 665 | AG6: 240 | AH6: 180 | AI6: 480 | AJ6: 485 | AK6: 325 | AL6: 105 | AM6: 390 | AN6: 305 | AO6: 575 | AP6: 110 | AQ6: 420 | AR6: 245 | AS6: 0 | AT6: 595 | AU6: 585 | AV6: 1080 | AW6: 40 | AX6: 315 | AY6: 70 | AZ6: 175 | BA6: 480 | BB6: 300 | BC6: 440 | BD6: 530 | BE6: 730 | BF6: 390 | BG6: 295 | BH6: 245 | BI6: 180 | BJ6: 140 | BK6: 550 | BL6: 440 | BM6: 445 | BN6: 435 | BO6: 445 | BP6: 760 | BQ6: 0 | BR6: 565 | BS6: 570 | BT6: 0 | BU6: 815 | BV6: 310 | BW6: 500 | BX6: 150 | BY6: 70 | BZ6: 475 | CA6: 660 | CB6: 365 | CC6: 355 | CD6: 0 | CE6: 290 | CF6: 895 | CG6: 285 | CH6: 585 | CI6: 755 | CJ6: 595 | CK6: 420 | CL6: 530 | CM6: 330 | CN6: 0 | CO6: 200 | CP6: 465 | CQ6: 470 | CR6: 0 | CS6: 850 | CT6: 520 | CU6: 0 | CV6: 555 | CW6: 185 | CX6: 670 | CY6: 280 | CZ6: 190 | DA6: 385 | DB6: 385 | DC6: 290 | DD6: 335 | DE6: 375 | DF6: 5 | DG6: 335 | DH6: 675 | DI6: 460 | DJ6: 300 | DK6: 355 | DL6: 165 | DM6: 255 | DN6: 15 | DO6: 210 | DP6: 75 | DQ6: 515 | DR6: 615 | DS6: 455 | DT6: 0 | DU6: 350 | DV6: 675 | DW6: 945 | DX6: 215 | DY6: 140 | DZ6: 320 | EA6: 470 | EB6: 475 | EC6: 390 | ED6: 70 | EE6: 820 | EF6: 345 | EG6: 105 | EH6: 510 | EI6: 740 | EJ6: 215 | EK6: 210 | EL6: 595 | EM6: 495 | EN6: 340 | EO6: 415 | EP6: 305 | EQ6: 0 | ER6: 315 | ES6: 350 | ET6: 310 | EU6: 335 | EV6: 470 | EW6: 380 | EX6: 385 | EY6: 365 | EZ6: 320 | FA6: 505 | FB6: 250 | FC6: 350 | FD6: 540 | FE6: 695 | FF6: 185 | FG6: 270 | FH6: 225 | FI6: 525 | FJ6: 655 | FK6: 455 | FL6: 705 | FM6: 540 | FN6: 580 | FO6: 465 | FP6: 395 | FQ6: 345 | FR6: 580 | FS6: 300 | FT6: 200 | FU6: 20 | FV6: 490 | FW6: 495 | FX6: 0 | FY6: 285 | FZ6: 250 | GA6: 520 | GB6: 310 | GC6: 190 | GD6: 610 | GE6: 355 | GF6: 525 | GG6: 150 | GH6: 720 | GI6: 470 | GJ6: 185 | GK6: 450 | GL6: 80 | GM6: 345 | GN6: 450 | GO6: 105 | GP6: 375 | GQ6: 430 | GR6: 105 | GS6: 470 | GT6: 885 | GU6: 240 | GV6: 615 | GW6: 200 | GX6: 45 | GY6: 0 | GZ6: 540 | HA6: 270 | HB6: 505 | HC6: 445 | HD6: 310 | HE6: 175 | HF6: 240 | HG6: 680 | HH6: 260 | HI6: 240 | HJ6: 345 | HK6: 195 | HL6: 345 | HM6: 340 | HN6: 0 | HO6: 340 | HP6: 440 | HQ6: 290 | HR6: 350 | HS6: 365 | HT6: 570 | HU6: 150 | HV6: 270 | HW6: 605 | HX6: 170 | HY6: 290 | HZ6: 635 | IA6: 115 | IB6: 310 | IC6: 310 | ID6: 465 | IE6: 190 | IF6: 465 | IG6: 565 | IH6: 410 | II6: 215 | IJ6: 405 | IK6: 695 | IL6: 595 | IM6: 135 | IN6: 310 | IO6: 360 | IP6: 265 | IQ6: 460 | IR6: 440 | IS6: 365 | IT6: 310 | IU6: 310 | IV6: 395 | IW6: 460 | IX6: 380 | IY6: 260 | IZ6: 425 | JA6: 490 | JB6: 750 | JC6: 620 | JD6: 350 | JE6: 245 | JF6: 605 | JG6: 590 | JH6: 220 | JI6: 435 | JJ6: 270 | JK6: 75 | JL6: 720 | JM6: 525 | JN6: 445 | JO6: 345 | JP6: 350 | JQ6: 250 | JR6: 305 | JS6: 370 | JT6: 480 | JU6: 190 | JV6: 95 | JW6: 335 | JX6: 455 | JY6: 325 | JZ6: 715 | KA6: 510 | KB6: 465 | KC6: 465 | KD6: 570 | KE6: 575 | KF6: 745 | KG6: 475 | KH6: 315 | KI6: 380 | KJ6: 345 | KK6: 165 | KL6: 560 | KM6: 370 | KN6: 615 | KO6: 590 | KP6: 315 | KQ6: 655 | KR6: 405 | KS6: 520 | KT6: 260 | KU6: 325 | KV6: 190 | KW6: 320 | KX6: 420 | KY6: 180 | KZ6: 545 | LA6: 445 | LB6: 245 | LC6: ￼270 | LD6: 160 | LE6: 165 | LF6: 305 | LG6: 390 | LH6: 170 | LI6: 300 | LJ6: 525 | LK6: 565 | LL6: 520 | LM6: 660 | LN6: 415 | LO6: 380 | LP6: 595 | LQ6: 435 | LR6: 640 | LS6: 335 | LT6: 390 | LU6: 175 | LV6: 0 | LW6: 525 | LX6: 215 | LY6: 550 | LZ6: 570 | MA6: 560 | MB6: 340 | MC6: 425 | MD6: 320 | ME6: 625 | MF6: 415 | MG6: 585 | MH6: 830 | MI6: 310 | MJ6: 285 | MK6: 780 | ML6: 590 | MM6: 225 | MN6: 215 | MO6: 595 | MP6: 245 | MQ6: 260 | MR6: 295 | MS6: 200 | MT6: 265 | MU6: 275 | MV6: 410 | MW6: 325 | MX6: 690 | MY6: 360 | MZ6: 570 | NA6: 440 | NB6: 220 | NC6: 755 | ND6: 385 | NE6: 235 | NF6: 375 | NG6: 575 | NH6: 330 | NI6: 280 | NJ6: 655 | NK6: 445 | NL6: 545 | NM6: 375 | NN6: 305 | NO6: 450 | NP6: 205 | NQ6: 365 | NR6: 200 | NS6: 505 | NT6: 0 | NU6: 590 | NV6: 490 | NW6: 0 | NX6: 505 | NY6: 200 | NZ6: 820 | OA6: 575 | OB6: 450 | OC6: 220 | OD6: 370 | OE6: 540 | OF6: 210 | OG6: 670 | OH6: 515 | OI6: 235 | OJ6: 135 | OK6: 260 | OL6: 255 | OM6: 1055 | ON6: 740 | OO6: 0 | OP6: 480 | OQ6: 215 | OR6: 385 | OS6: 390 | OT6: 0 | OU6: 0 | OV6: 360 | OW6: 150 | OX6: 265 | OY6: 355 | OZ6: 245 | PA6: 460 | PB6: 595 | PC6: 640 | PD6: 950 | PE6: 235 | PF6: 570 | PG6: 515 | PH6: 160 | PI6: 410 | PJ6: 195 | PK6: 190 | PL6: 380 | PM6: 285 | PN6: 325 | PO6: 190 | PP6: 330 | PQ6: 50 | PR6: 170 | PS6: 185 | PT6: 0 | PU6: 0 | PV6: 0 | PW6: 0 | PX6: 0 | PY6: 0 | PZ6: 0 | QA6: 0 | QB6: 0 | QC6: 0 | QD6: 0 | QE6: 0 | QF6: 0 | QG6: 0 | QH6: 0 | QI6: 0 | QJ6: 0 | QK6: 0 | QL6: 0 | QM6: 0 | QN6: 0 | QO6: 0 | QP6: 0 | QQ6: 0 | QR6: 0 | QS6: 0 | QT6: 0 | QU6: 0 | QV6: 0 | QW6: 0 | QX6: 0 | QY6: 0 | QZ6: 0 | RA6: 0 | RB6: 0 | RC6: 0 | RD6: 0 | RE6: 0 | RF6: 0 | RG6: 0 | RH6: 0 | RI6: 0 | RJ6: 0 | RK6: 0 | RL6: 0 | RM6: 0 | RN6: 0 | RO6: 0 | RP6: 0 | RQ6: 0 | RR6: 0 | RS6: 0 | RT6: 0 | RU6: 0 | RV6: 0 | RW6: 0 | RX6: 0 | RY6: 0 | RZ6: 0 | SA6: 0 | SB6: 0 | SC6: 0 | SD6: 0 | SE6: 0 | SF6: 0 | SG6: 0 | SH6: 0 | SI6: 0 | SJ6: 0 | SK6: 0 | SL6: 0 | SM6: 0 | SN6: 0 | SO6: 0 | SP6: 0 | SQ6: 0 | SR6: 0 | SS6: 0 | ST6: 0 | SU6: 0 | SV6: 0 | SW6: 0 | SX6: 0 | SY6: 0 | SZ6: 0 | TA6: 0 | TB6: 0 | TC6: 0 | TD6: 0 | TE6: 0 | TF6: 0 | TG6: 0 | TH6: 0 | TI6: 0 | TJ6: 0 | TK6: 0 | TL6: 0 | TM6: 0 | TN6: 0 | TO6: 0 | TP6: 0 | TQ6: 0 | TR6: 0 | TS6: 0 | TT6: 0 | TU6: 0 | TV6: 0 | TW6: 0 | TX6: 0 | TY6: 0 | TZ6: 0 | UA6: 0 | UB6: 0 | UC6: 0 | UD6: 0 | UE6: 0 | UF6: 0 | UG6: 0 | UH6: 0 | UI6: 0 | UJ6: 0 | UK6: 0 | UL6: 0 | UM6: 0 | UN6: 0 | UO6: 0 | UP6: 0 | UQ6: 0 | UR6: 0 | US6: 0 | UT6: 0 | UU6: 0 | UV6: 0 | UW6: 0 | UX6: 0 | UY6: 0 | UZ6: 0 | VA6: 0 | VB6: 0 | VC6: 0 | VD6: 0 | VE6: 0 | VF6: 0 | VG6: 0 | VH6: 0 | VI6: 0 | VJ6: 0 | VK6: 0 | VL6: 0 | VM6: 0 | VN6: 0 | VO6: 0 | VP6: 0 | VQ6: 0 | VR6: 0 | VS6: 0 | VT6: 0 | VU6: 0 | VV6: 0 | VW6: 0 | VX6: 0 | VY6: 0 | VZ6: 0 | WA6: 0 | WB6: 0 | WC6: 0 | WD6: 0 | WE6: 0 | WF6: 0 | WG6: 0 | WH6: 0 | WI6: 0 | WJ6: 0 | WK6: 0 | WL6: 0 | WM6: 0 | WN6: 0 | WO6: 0 | WP6: 0 | WQ6: 0 | WR6: 0 | WS6: 0 | WT6: 0 | WU6: 0 | WV6: 0 | WW6: 0 | WX6: 0 | WY6: 0 | WZ6: 0 | XA6: 0 | XB6: 0 | XC6: 0 | XD6: 0 | XE6: 0 | XF6: 0 | XG6: 0 | XH6: 0 | XI6: 0 | XJ6: 0 | XK6: 0 | XL6: 0 | XM6: 0 | XN6: 0 | XO6: 0 | XP6: 0 | XQ6: 0 | XR6: 0 | XS6: 0 | XT6: 0 | XU6: 0 | XV6: 0 | XW6: 0 | XX6: 0 | XY6: 0 | XZ6: 0 | YA6: 0 | YB6: 0 | YC6: 0 | YD6: 0 | YE6: 0 | YF6: 0 | YG6: 0 | YH6: 0 | YI6: 0 | YJ6: 0 | YK6: 0 | YL6: 0 | YM6: 0 | YN6: 0 | YO6: 0 | YP6: 0 | YQ6: 0 | YR6: 0 | YS6: 0 | YT6: 0 | YU6: 0 | YV6: 0 | YW6: 0 | YX6: 0 | YY6: 0 | YZ6: 0 | ZA6: 0 | ZB6: 0 | ZC6: 0 | ZD6: 0 | ZE6: 0 | ZF6: 0 | ZG6: 0 | ZH6: 0 | ZI6: 0 | ZJ6: 0 | ZK6: 0 | ZL6: 0 | ZM6: 0 | ZN6: 0 | ZO6: 0 | ZP6: 0 | ZQ6: 0 | ZR6: 0 | ZS6: 0 | ZT6: 0 | ZU6: 0 | ZV6: 0 | ZW6: 0 | ZX6: 0 | ZY6: 0 | ZZ6: 0 | AAA6: 0 | AAB6: 0 | AAC6: 0 | AAD6: 0 | AAE6: 0 | AAF6: 0 | AAG6: 0 | AAH6: 0 | AAI6: 0 | AAJ6: 0 | AAK6: 0 | AAL6: 0 | AAM6: 0 | AAN6: 0 | AAO6: 0 | AAP6: 0 | AAQ6: 0 | AAR6: 0 | AAS6: 0 | AAT6: 0 | AAU6: 0 | AAV6: 0 | AAW6: 0 | AAX6: 0 | AAY6: 0 | AAZ6: 0 | ABA6: 0 | ABB6: 0 | ABC6: 0 | ABD6: 0 | ABE6: 0 | ABF6: 0 | ABG6: 0 | ABH6: 0 | ABI6: 0 | ABJ6: 0 | ABK6: 0 | ABL6: 0 | ABM6: 0 | ABN6: 0 | ABO6: 0 | ABP6: 0 | ABQ6: 0 | ABR6: 0 | ABS6: 0 | ABT6: 0 | ABU6: 0 | ABV6: 0 | ABW6: 0 | ABX6: 0 | ABY6: 0 | ABZ6: 0 | ACA6: 0 | ACB6: 0 | ACC6: 0 | ACD6: 0 | ACE6: 0 | ACF6: 0 | ACG6: 0 | ACH6: 0 | ACI6: 0 | ACJ6: 0 | ACK6: 0 | ACL6: 0 | ACM6: 0 | ACN6: 0 | ACO6: 0 | ACP6: 0 | ACQ6: 0 | ACR6: 0 | ACS6: 0 | ACT6: 0 | ACU6: 0 | ACV6: 0 | ACW6: 0 | ACX6: 0 | ACY6: 0 | ACZ6: 0 | ADA6: 0 | ADB6: 0 | ADC6: 0 | ADD6: 0 | ADE6: 0 | ADF6: 0 | ADG6: 0 | ADH6: 0 | ADI6: 0 | ADJ6: 0 | ADK6: 0 | ADL6: 0 | ADM6: 0 | ADN6: 0 | ADO6: 0 | ADP6: 0 | ADQ6: 0 | ADR6: 0 | ADS6: 0 | ADT6: 0 | ADU6: 0 | ADV6: 0 | ADW6: 0 | ADX6: 0 | ADY6: 0 | ADZ6: 0 | AEA6: 0 | AEB6: 0 | AEC6: 0 | AED6: 0 | AEE6: 0 | AEF6: 0 | AEG6: 0 | AEH6: 0 | AEI6: 0 | AEJ6: 0 | AEK6: 0 | AEL6: 0 | AEM6: 0 | AEN6: 0 | AEO6: 0 | AEP6: 0 | AEQ6: 0 | AER6: 0 | AES6: 0 | AET6: 0 | AEU6: 0 | AEV6: 0 | AEW6: 0 | AEX6: 0 | AEY6: 0 | AEZ6: 0 | AFA6: 0 | AFB6: 0 | AFC6: 0 | AFD6: 0 | AFE6: 0 | AFF6: 0 | AFG6: 0 | AFH6: 0 | AFI6: 0 | AFJ6: 0 | AFK6: 0 | AFL6: 0 | AFM6: 0 | AFN6: 0 | AFO6: 0 | AFP6: 0 | AFQ6: 0 | AFR6: 0 | AFS6: 0 | AFT6: 0 | AFU6: 0 | AFV6: 0 | AFW6: 0 | AFX6: 0 | AFY6: 0 | AFZ6: 0 | AGA6: 0 | AGB6: 0 | AGC6: 0 | AGD6: 0 | AGE6: 0 | AGF6: 0 | AGG6: 0 | AGH6: 0 | AGI6: 0 | AGJ6: 0 | AGK6: 0 | AGL6: 0 | AGM6: 0 | AGN6: 0 | AGO6: 0 | AGP6: 0 | AGQ6: 0 | AGR6: 0 | AGS6: 0 | AGT6: 0 | AGU6: 0 | AGV6: 0 | AGW6: 0 | AGX6: 0 | AGY6: 0 | AGZ6: 0 | AHA6: 0 | AHB6: 0 | AHC6: 0 | AHD6: 0 | AHE6: 0 | AHF6: 0 | AHG6: 0 | AHH6: 0 | AHI6: 0 | AHJ6: 0 | AHK6: 0 | AHL6: 0 | AHM6: 0 | AHN6: 0 | AHO6: 0 | AHP6: 0 | AHQ6: 0 | AHR6: 0 | AHS6: 0 | AHT6: 0 | AHU6: 0 | AHV6: 0 | AHW6: 0 | AHX6: 0 | AHY6: 0 | AHZ6: 0 | AIA6: 0 | AIB6: 0 | AIC6: 0 | AID6: 0 | AIE6: 0 | AIF6: 0 | AIG6: 0 | AIH6: 0 | AII6: #N/A | AIJ6: #N/A | AIK6: #N/A | AIL6: #N/A | AIM6: #N/A | AIN6: #N/A | AIO6: #N/A | AIP6: #N/A | AIQ6: #N/A | AIR6: #N/A | AIS6: #N/A | AIT6: #N/A | AIU6: #N/A | AIV6: #N/A | AIW6: #N/A | AIX6: #N/A | AIY6: #N/A | AIZ6: #N/A | AJA6: #N/A | AJB6: #N/A | AJC6: #N/A | AJD6: #N/A | AJE6: #N/A | AJF6: #N/A | AJG6: #N/A | AJH6: #N/A | AJI6: #N/A | AJJ6: #N/A | AJK6: #N/A | AJL6: #N/A | AJM6: #N/A | AJN6: #N/A | AJO6: #N/A | AJP6: #N/A | AJQ6: #N/A | AJR6: #N/A | AJS6: #N/A | AJT6: #N/A | AJU6: #N/A | AJV6: #N/A | AJW6: #N/A | AJX6: #N/A | AJY6: #N/A | AJZ6: #N/A | AKA6: #N/A | AKB6: #N/A | AKC6: #N/A | AKD6: #N/A | AKE6: #N/A | AKF6: #N/A | AKG6: #N/A | AKH6: #N/A | AKI6: #N/A | AKJ6: #N/A | AKK6: #N/A | AKL6: #N/A | AKM6: #N/A | AKN6: #N/A | AKO6: #N/A | AKP6: #N/A | AKQ6: #N/A | AKR6: #N/A | AKS6: #N/A | AKT6: #N/A | AKU6: #N/A | AKV6: #N/A | AKW6: #N/A | AKX6: #N/A | AKY6: #N/A | AKZ6: #N/A | ALA6: #N/A | ALB6: #N/A | ALC6: #N/A | ALD6: #N/A | ALE6: #N/A | ALF6: #N/A | ALG6: #N/A | ALH6: #N/A | ALI6: #N/A | ALJ6: #N/A | ALK6: #N/A | ALL6: #N/A | ALM6: #N/A | ALN6: #N/A | ALO6: #N/A | ALP6: #N/A | ALQ6: #N/A | ALR6: #N/A | ALS6: #N/A | ALT6: #N/A | ALU6: #N/A | ALV6: #N/A | ALW6: #N/A | ALX6: #N/A | ALY6: #N/A | ALZ6: #N/A | AMA6: #N/A | AMB6: #N/A | AMC6: #N/A | AMD6: #N/A | AME6: #N/A | AMF6: #N/A | AMG6: #N/A | AMH6: #N/A
A7: Lily | B7: 520 | C7: 0 | D7: 795 | E7: 485 | F7: 525 | G7: 395 | H7: 0 | I7: 235 | J7: 250 | K7: 370 | L7: 540 | M7: 630 | N7: 0 | O7: 0 | P7: 395 | Q7: 405 | R7: 570 | S7: 0 | T7: 0 | U7: 495 | V7: 375 | W7: 155 | X7: 335 | Y7: 720 | Z7: 285 | AA7: 585 | AB7: 635 | AC7: 950 | AD7: 500 | AE7: 270 | AF7: 0 | AG7: 0 | AH7: 330 | AI7: 270 | AJ7: 0 | AK7: 330 | AL7: 455 | AM7: 315 | AN7: 0 | AO7: 0 | AP7: 0 | AQ7: 0 | AR7: 0 | AS7: 0 | AT7: 0 | AU7: 600 | AV7: 0 | AW7: 525 | AX7: 0 | AY7: 0 | AZ7: 0 | BA7: 235 | BB7: 390 | BC7: 0 | BD7: 0 | BE7: 0 | BF7: 0 | BG7: 380 | BH7: 0 | BI7: 0 | BJ7: 0 | BK7: 0 | BL7: 0 | BM7: 0 | BN7: 0 | BO7: 730 | BP7: 0 | BQ7: 0 | BR7: 0 | BS7: 0 | BT7: 215 | BU7: 685 | BV7: 0 | BW7: 0 | BX7: 0 | BY7: 85 | BZ7: 0 | CA7: 475 | CB7: 0 | CC7: 0 | CD7: 805 | CE7: 495 | CF7: 475 | CG7: 0 | CH7: 0 | CI7: 0 | CJ7: 590 | CK7: 0 | CL7: 0 | CM7: 0 | CN7: 0 | CO7: 0 | CP7: 570 | CQ7: 0 | CR7: 0 | CS7: 0 | CT7: 0 | CU7: 0 | CV7: 510 | CW7: 0 | CX7: 400 | CY7: 170 | CZ7: 0 | DA7: 0 | DB7: 0 | DC7: 150 | DD7: 0 | DE7: 0 | DF7: 185 | DG7: 0 | DH7: 0 | DI7: 0 | DJ7: 0 | DK7: 0 | DL7: 0 | DM7: 0 | DN7: 0 | DO7: 0 | DP7: 0 | DQ7: 200 | DR7: 0 | DS7: 0 | DT7: 0 | DU7: 0 | DV7: 0 | DW7: 0 | DX7: 0 | DY7: 295 | DZ7: 0 | EA7: 0 | EB7: 0 | EC7: 0 | ED7: 0 | EE7: 0 | EF7: 0 | EG7: 0 | EH7: 0 | EI7: 0 | EJ7: 0 | EK7: 0 | EL7: 0 | EM7: 0 | EN7: 0 | EO7: 0 | EP7: 0 | EQ7: 0 | ER7: 0 | ES7: 0 | ET7: 0 | EU7: 0 | EV7: 0 | EW7: 745 | EX7: 925 | EY7: 0 | EZ7: 0 | FA7: 0 | FB7: 0 | FC7: 0 | FD7: 0 | FE7: 0 | FF7: 0 | FG7: 0 | FH7: 0 | FI7: 0 | FJ7: 245 | FK7: 0 | FL7: 745 | FM7: 340 | FN7: 0 | FO7: 0 | FP7: 515 | FQ7: 590 | FR7: 615 | FS7: 495 | FT7: 630 | FU7: 0 | FV7: 475 | FW7: 705 | FX7: 605 | FY7: 0 | FZ7: 0 | GA7: 715 | GB7: 645 | GC7: 0 | GD7: 0 | GE7: 445 | GF7: 340 | GG7: 435 | GH7: 310 | GI7: 0 | GJ7: 480 | GK7: 490 | GL7: 25 | GM7: 0 | GN7: 220 | GO7: 0 | GP7: 0 | GQ7: 0 | GR7: 0 | GS7: 300 | GT7: 340 | GU7: 0 | GV7: 450 | GW7: 570 | GX7: 115 | GY7: 625 | GZ7: 310 | HA7: 615 | HB7: 0 | HC7: 0 | HD7: 330 | HE7: 0 | HF7: 0 | HG7: 395 | HH7: 380 | HI7: 225 | HJ7: 630 | HK7: 0 | HL7: 610 | HM7: 425 | HN7: 0 | HO7: 370 | HP7: 0 | HQ7: 0 | HR7: 585 | HS7: 320 | HT7: 525 | HU7: 400 | HV7: 0 | HW7: 0 | HX7: 595 | HY7: 0 | HZ7: 570 | IA7: 0 | IB7: 0 | IC7: 710 | ID7: 0 | IE7: 0 | IF7: 450 | IG7: 365 | IH7: 0 | II7: 0 | IJ7: 0 | IK7: 0 | IL7: 685 | IM7: 0 | IN7: 615 | IO7: 0 | IP7: 0 | IQ7: 0 | IR7: 715 | IS7: 0 | IT7: 845 | IU7: 0 | IV7: 0 | IW7: 465 | IX7: 540 | IY7: 0 | IZ7: 0 | JA7: 0 | JB7: 0 | JC7: 0 | JD7: 0 | JE7: 0 | JF7: 0 | JG7: 0 | JH7: 0 | JI7: 0 | JJ7: 240 | JK7: 130 | JL7: 705 | JM7: 435 | JN7: 530 | JO7: 0 | JP7: 0 | JQ7: 0 | JR7: 0 | JS7: 0 | JT7: 0 | JU7: 0 | JV7: 0 | JW7: 0 | JX7: 0 | JY7: 0 | JZ7: 690 | KA7: 0 | KB7: 555 | KC7: 0 | KD7: 155 | KE7: 0 | KF7: 445 | KG7: 440 | KH7: 500 | KI7: 885 | KJ7: 450 | KK7: 325 | KL7: 250 | KM7: 0 | KN7: 395 | KO7: 0 | KP7: 135 | KQ7: 695 | KR7: 0 | KS7: 550 | KT7: 525 | KU7: 0 | KV7: 0 | KW7: 0 | KX7: 0 | KY7: 0 | KZ7: 0 | LA7: 0 | LB7: 0 | LC7: 500 | LD7: 445 | LE7: 0 | LF7: 335 | LG7: 0 | LH7: 0 | LI7: 0 | LJ7: 0 | LK7: 0 | LL7: 0 | LM7: 0 | LN7: 0 | LO7: 0 | LP7: 0 | LQ7: 0 | LR7: 265 | LS7: 0 | LT7: 0 | LU7: 375 | LV7: 0 | LW7: 0 | LX7: 675 | LY7: 0 | LZ7: 865 | MA7: 0 | MB7: 395 | MC7: 260 | MD7: 0 | ME7: 665 | MF7: 380 | MG7: 0 | MH7: 0 | MI7: 0 | MJ7: 0 | MK7: 0 | ML7: 625 | MM7: 200 | MN7: 0 | MO7: 310 | MP7: 0 | MQ7: 0 | MR7: 410 | MS7: 0 | MT7: 0 | MU7: 0 | MV7: 0 | MW7: 0 | MX7: 0 | MY7: 0 | MZ7: 470 | NA7: 0 | NB7: 0 | NC7: 0 | ND7: 0 | NE7: 255 | NF7: 0 | NG7: 345 | NH7: 0 | NI7: 1025 | NJ7: 485 | NK7: 0 | NL7: 0 | NM7: 535 | NN7: 0 | NO7: 0 | NP7: 0 | NQ7: 0 | NR7: 0 | NS7: 0 | NT7: 0 | NU7: 0 | NV7: 0 | NW7: 570 | NX7: 0 | NY7: 0 | NZ7: 0 | OA7: 465 | OB7: 0 | OC7: 0 | OD7: 0 | OE7: 0 | OF7: 0 | OG7: 805 | OH7: 0 | OI7: 0 | OJ7: 0 | OK7: 0 | OL7: 0 | OM7: 270 | ON7: 950 | OO7: 0 | OP7: 0 | OQ7: 0 | OR7: 0 | OS7: 0 | OT7: 0 | OU7: 815 | OV7: 0 | OW7: 0 | OX7: 0 | OY7: 0 | OZ7: 185 | PA7: 885 | PB7: 310 | PC7: 455 | PD7: 520 | PE7: 0 | PF7: 515 | PG7: 345 | PH7: 0 | PI7: 0 | PJ7: 0 | PK7: 0 | PL7: 0 | PM7: 135 | PN7: 0 | PO7: 245 | PP7: 0 | PQ7: 0 | PR7: 0 | PS7: 450 | PT7: 0 | PU7: 0 | PV7: 0 | PW7: 0 | PX7: 0 | PY7: 0 | PZ7: 0 | QA7: 0 | QB7: 0 | QC7: 0 | QD7: 0 | QE7: 0 | QF7: 0 | QG7: 0 | QH7: 0 | QI7: 0 | QJ7: 0 | QK7: 0 | QL7: 0 | QM7: 0 | QN7: 0 | QO7: 0 | QP7: 0 | QQ7: 0 | QR7: 0 | QS7: 0 | QT7: 0 | QU7: 0 | QV7: 0 | QW7: 0 | QX7: 0 | QY7: 0 | QZ7: 0 | RA7: 0 | RB7: 0 | RC7: 0 | RD7: 0 | RE7: 0 | RF7: 0 | RG7: 0 | RH7: 0 | RI7: 0 | RJ7: 0 | RK7: 0 | RL7: 0 | RM7: 0 | RN7: 0 | RO7: 0 | RP7: 0 | RQ7: 0 | RR7: 0 | RS7: 0 | RT7: 0 | RU7: 0 | RV7: 0 | RW7: 0 | RX7: 0 | RY7: 0 | RZ7: 0 | SA7: 0 | SB7: 0 | SC7: 0 | SD7: 0 | SE7: 0 | SF7: 0 | SG7: 0 | SH7: 0 | SI7: 0 | SJ7: 0 | SK7: 0 | SL7: 0 | SM7: 0 | SN7: 0 | SO7: 0 | SP7: 0 | SQ7: 0 | SR7: 0 | SS7: 0 | ST7: 0 | SU7: 0 | SV7: 0 | SW7: 0 | SX7: 0 | SY7: 0 | SZ7: 0 | TA7: 0 | TB7: 0 | TC7: 0 | TD7: 0 | TE7: 0 | TF7: 0 | TG7: 0 | TH7: 0 | TI7: 0 | TJ7: 0 | TK7: 0 | TL7: 0 | TM7: 0 | TN7: 0 | TO7: 0 | TP7: 0 | TQ7: 0 | TR7: 0 | TS7: 0 | TT7: 0 | TU7: 0 | TV7: 0 | TW7: 0 | TX7: 0 | TY7: 0 | TZ7: 0 | UA7: 0 | UB7: 0 | UC7: 0 | UD7: 0 | UE7: 0 | UF7: 0 | UG7: 0 | UH7: 0 | UI7: 0 | UJ7: 0 | UK7: 0 | UL7: 0 | UM7: 0 | UN7: 0 | UO7: 0 | UP7: 0 | UQ7: 0 | UR7: 0 | US7: 0 | UT7: 0 | UU7: 0 | UV7: 0 | UW7: 0 | UX7: 0 | UY7: 0 | UZ7: 0 | VA7: 0 | VB7: 0 | VC7: 0 | VD7: 0 | VE7: 0 | VF7: 0 | VG7: 0 | VH7: 0 | VI7: 0 | VJ7: 0 | VK7: 0 | VL7: 0 | VM7: 0 | VN7: 0 | VO7: 0 | VP7: 0 | VQ7: 0 | VR7: 0 | VS7: 0 | VT7: 0 | VU7: 0 | VV7: 0 | VW7: 0 | VX7: 0 | VY7: 0 | VZ7: 0 | WA7: 0 | WB7: 0 | WC7: 0 | WD7: 0 | WE7: 0 | WF7: 0 | WG7: 0 | WH7: 0 | WI7: 0 | WJ7: 0 | WK7: 0 | WL7: 0 | WM7: 0 | WN7: 0 | WO7: 0 | WP7: 0 | WQ7: 0 | WR7: 0 | WS7: 0 | WT7: 0 | WU7: 0 | WV7: 0 | WW7: 0 | WX7: 0 | WY7: 0 | WZ7: 0 | XA7: 0 | XB7: 0 | XC7: 0 | XD7: 0 | XE7: 0 | XF7: 0 | XG7: 0 | XH7: 0 | XI7: 0 | XJ7: 0 | XK7: 0 | XL7: 0 | XM7: 0 | XN7: 0 | XO7: 0 | XP7: 0 | XQ7: 0 | XR7: 0 | XS7: 0 | XT7: 0 | XU7: 0 | XV7: 0 | XW7: 0 | XX7: 0 | XY7: 0 | XZ7: 0 | YA7: 0 | YB7: 0 | YC7: 0 | YD7: 0 | YE7: 0 | YF7: 0 | YG7: 0 | YH7: 0 | YI7: 0 | YJ7: 0 | YK7: 0 | YL7: 0 | YM7: 0 | YN7: 0 | YO7: 0 | YP7: 0 | YQ7: 0 | YR7: 0 | YS7: 0 | YT7: 0 | YU7: 0 | YV7: 0 | YW7: 0 | YX7: 0 | YY7: 0 | YZ7: 0 | ZA7: 0 | ZB7: 0 | ZC7: 0 | ZD7: 0 | ZE7: 0 | ZF7: 0 | ZG7: 0 | ZH7: 0 | ZI7: 0 | ZJ7: 0 | ZK7: 0 | ZL7: 0 | ZM7: 0 | ZN7: 0 | ZO7: 0 | ZP7: 0 | ZQ7: 0 | ZR7: 0 | ZS7: 0 | ZT7: 0 | ZU7: 0 | ZV7: 0 | ZW7: 0 | ZX7: 0 | ZY7: 0 | ZZ7: 0 | AAA7: 0 | AAB7: 0 | AAC7: 0 | AAD7: 0 | AAE7: 0 | AAF7: 0 | AAG7: 0 | AAH7: 0 | AAI7: 0 | AAJ7: 0 | AAK7: 0 | AAL7: 0 | AAM7: 0 | AAN7: 0 | AAO7: 0 | AAP7: 0 | AAQ7: 0 | AAR7: 0 | AAS7: 0 | AAT7: 0 | AAU7: 0 | AAV7: 0 | AAW7: 0 | AAX7: 0 | AAY7: 0 | AAZ7: 0 | ABA7: 0 | ABB7: 0 | ABC7: 0 | ABD7: 0 | ABE7: 0 | ABF7: 0 | ABG7: 0 | ABH7: 0 | ABI7: 0 | ABJ7: 0 | ABK7: 0 | ABL7: 0 | ABM7: 0 | ABN7: 0 | ABO7: 0 | ABP7: 0 | ABQ7: 0 | ABR7: 0 | ABS7: 0 | ABT7: 0 | ABU7: 0 | ABV7: 0 | ABW7: 0 | ABX7: 0 | ABY7: 0 | ABZ7: 0 | ACA7: 0 | ACB7: 0 | ACC7: 0 | ACD7: 0 | ACE7: 0 | ACF7: 0 | ACG7: 0 | ACH7: 0 | ACI7: 0 | ACJ7: 0 | ACK7: 0 | ACL7: 0 | ACM7: 0 | ACN7: 0 | ACO7: 0 | ACP7: 0 | ACQ7: 0 | ACR7: 0 | ACS7: 0 | ACT7: 0 | ACU7: 0 | ACV7: 0 | ACW7: 0 | ACX7: 0 | ACY7: 0 | ACZ7: 0 | ADA7: 0 | ADB7: 0 | ADC7: 0 | ADD7: 0 | ADE7: 0 | ADF7: 0 | ADG7: 0 | ADH7: 0 | ADI7: 0 | ADJ7: 0 | ADK7: 0 | ADL7: 0 | ADM7: 0 | ADN7: 0 | ADO7: 0 | ADP7: 0 | ADQ7: 0 | ADR7: 0 | ADS7: 0 | ADT7: 0 | ADU7: 0 | ADV7: 0 | ADW7: 0 | ADX7: 0 | ADY7: 0 | ADZ7: 0 | AEA7: 0 | AEB7: 0 | AEC7: 0 | AED7: 0 | AEE7: 0 | AEF7: 0 | AEG7: 0 | AEH7: 0 | AEI7: 0 | AEJ7: 0 | AEK7: 0 | AEL7: 0 | AEM7: 0 | AEN7: 0 | AEO7: 0 | AEP7: 0 | AEQ7: 0 | AER7: 0 | AES7: 0 | AET7: 0 | AEU7: 0 | AEV7: 0 | AEW7: 0 | AEX7: 0 | AEY7: 0 | AEZ7: 0 | AFA7: 0 | AFB7: 0 | AFC7: 0 | AFD7: 0 | AFE7: 0 | AFF7: 0 | AFG7: 0 | AFH7: 0 | AFI7: 0 | AFJ7: 0 | AFK7: 0 | AFL7: 0 | AFM7: 0 | AFN7: 0 | AFO7: 0 | AFP7: 0 | AFQ7: 0 | AFR7: 0 | AFS7: 0 | AFT7: 0 | AFU7: 0 | AFV7: 0 | AFW7: 0 | AFX7: 0 | AFY7: 0 | AFZ7: 0 | AGA7: 0 | AGB7: 0 | AGC7: 0 | AGD7: 0 | AGE7: 0 | AGF7: 0 | AGG7: 0 | AGH7: 0 | AGI7: 0 | AGJ7: 0 | AGK7: 0 | AGL7: 0 | AGM7: 0 | AGN7: 0 | AGO7: 0 | AGP7: 0 | AGQ7: 0 | AGR7: 0 | AGS7: 0 | AGT7: 0 | AGU7: 0 | AGV7: 0 | AGW7: 0 | AGX7: 0 | AGY7: 0 | AGZ7: 0 | AHA7: 0 | AHB7: 0 | AHC7: 0 | AHD7: 0 | AHE7: 0 | AHF7: 0 | AHG7: 0 | AHH7: 0 | AHI7: 0 | AHJ7: 0 | AHK7: 0 | AHL7: 0 | AHM7: 0 | AHN7: 0 | AHO7: 0 | AHP7: 0 | AHQ7: 0 | AHR7: 0 | AHS7: 0 | AHT7: 0 | AHU7: 0 | AHV7: 0 | AHW7: 0 | AHX7: 0 | AHY7: 0 | AHZ7: 0 | AIA7: 0 | AIB7: 0 | AIC7: 0 | AID7: 0 | AIE7: 0 | AIF7: 0 | AIG7: 0 | AIH7: 0 | AII7: #N/A | AIJ7: #N/A | AIK7: #N/A | AIL7: #N/A | AIM7: #N/A | AIN7: #N/A | AIO7: #N/A | AIP7: #N/A | AIQ7: #N/A | AIR7: #N/A | AIS7: #N/A | AIT7: #N/A | AIU7: #N/A | AIV7: #N/A | AIW7: #N/A | AIX7: #N/A | AIY7: #N/A | AIZ7: #N/A | AJA7: #N/A | AJB7: #N/A | AJC7: #N/A | AJD7: #N/A | AJE7: #N/A | AJF7: #N/A | AJG7: #N/A | AJH7: #N/A | AJI7: #N/A | AJJ7: #N/A | AJK7: #N/A | AJL7: #N/A | AJM7: #N/A | AJN7: #N/A | AJO7: #N/A | AJP7: #N/A | AJQ7: #N/A | AJR7: #N/A | AJS7: #N/A | AJT7: #N/A | AJU7: #N/A | AJV7: #N/A | AJW7: #N/A | AJX7: #N/A | AJY7: #N/A | AJZ7: #N/A | AKA7: #N/A | AKB7: #N/A | AKC7: #N/A | AKD7: #N/A | AKE7: #N/A | AKF7: #N/A | AKG7: #N/A | AKH7: #N/A | AKI7: #N/A | AKJ7: #N/A | AKK7: #N/A | AKL7: #N/A | AKM7: #N/A | AKN7: #N/A | AKO7: #N/A | AKP7: #N/A | AKQ7: #N/A | AKR7: #N/A | AKS7: #N/A | AKT7: #N/A | AKU7: #N/A | AKV7: #N/A | AKW7: #N/A | AKX7: #N/A | AKY7: #N/A | AKZ7: #N/A | ALA7: #N/A | ALB7: #N/A | ALC7: #N/A | ALD7: #N/A | ALE7: #N/A | ALF7: #N/A | ALG7: #N/A | ALH7: #N/A | ALI7: #N/A | ALJ7: #N/A | ALK7: #N/A | ALL7: #N/A | ALM7: #N/A | ALN7: #N/A | ALO7: #N/A | ALP7: #N/A | ALQ7: #N/A | ALR7: #N/A | ALS7: #N/A | ALT7: #N/A | ALU7: #N/A | ALV7: #N/A | ALW7: #N/A | ALX7: #N/A | ALY7: #N/A | ALZ7: #N/A | AMA7: #N/A | AMB7: #N/A | AMC7: #N/A | AMD7: #N/A | AME7: #N/A | AMF7: #N/A | AMG7: #N/A | AMH7: #N/A
A8: Owen | B8: 0 | C8: 300 | D8: 0 | E8: 0 | F8: 0 | G8: 0 | H8: 305 | I8: 0 | J8: 0 | K8: 465 | L8: 0 | M8: 0 | N8: 0 | O8: 95 | P8: 0 | Q8: 0 | R8: 0 | S8: 565 | T8: 775 | U8: 240 | V8: 0 | W8: 655 | X8: 0 | Y8: 0 | Z8: 0 | AA8: 0 | AB8: 905 | AC8: 0 | AD8: 0 | AE8: 110 | AF8: 0 | AG8: 0 | AH8: 0 | AI8: 0 | AJ8: 0 | AK8: 0 | AL8: 0 | AM8: 0 | AN8: 0 | AO8: 725 | AP8: 0 | AQ8: 450 | AR8: 0 | AS8: 125 | AT8: 0 | AU8: 0 | AV8: 0 | AW8: 0 | AX8: 640 | AY8: 210 | AZ8: 360 | BA8: 0 | BB8: 0 | BC8: 415 | BD8: 0 | BE8: 735 | BF8: 255 | BG8: 0 | BH8: 0 | BI8: 0 | BJ8: 0 | BK8: 0 | BL8: 0 | BM8: 0 | BN8: 0 | BO8: 840 | BP8: 0 | BQ8: 180 | BR8: 415 | BS8: 300 | BT8: 350 | BU8: 0 | BV8: 520 | BW8: 390 | BX8: 185 | BY8: 0 | BZ8: 460 | CA8: 0 | CB8: 0 | CC8: 0 | CD8: 705 | CE8: 0 | CF8: 0 | CG8: 0 | CH8: 450 | CI8: 0 | CJ8: 0 | CK8: 0 | CL8: 0 | CM8: 0 | CN8: 15 | CO8: 285 | CP8: 0 | CQ8: 555 | CR8: 0 | CS8: 0 | CT8: 580 | CU8: 650 | CV8: 0 | CW8: 845 | CX8: 0 | CY8: 515 | CZ8: 485 | DA8: 300 | DB8: 310 | DC8: 0 | DD8: 0 | DE8: 665 | DF8: 0 | DG8: 0 | DH8: 550 | DI8: 315 | DJ8: 0 | DK8: 0 | DL8: 0 | DM8: 360 | DN8: 260 | DO8: 0 | DP8: 335 | DQ8: 0 | DR8: 0 | DS8: 705 | DT8: 225 | DU8: 0 | DV8: 365 | DW8: 0 | DX8: 0 | DY8: 0 | DZ8: 665 | EA8: 425 | EB8: 695 | EC8: 0 | ED8: 0 | EE8: 595 | EF8: 0 | EG8: 0 | EH8: 0 | EI8: 185 | EJ8: 0 | EK8: 0 | EL8: 0 | EM8: 615 | EN8: 310 | EO8: 0 | EP8: 0 | EQ8: 375 | ER8: 0 | ES8: 0 | ET8: 0 | EU8: 0 | EV8: 0 | EW8: 0 | EX8: 0 | EY8: 0 | EZ8: 0 | FA8: 0 | FB8: 0 | FC8: 0 | FD8: 585 | FE8: 765 | FF8: 0 | FG8: 120 | FH8: 0 | FI8: 0 | FJ8: 0 | FK8: 140 | FL8: 0 | FM8: 0 | FN8: 0 | FO8: 0 | FP8: 0 | FQ8: 0 | FR8: 0 | FS8: 0 | FT8: 0 | FU8: 0 | FV8: 0 | FW8: 0 | FX8: 330 | FY8: 140 | FZ8: 0 | GA8: 0 | GB8: 0 | GC8: 0 | GD8: 0 | GE8: 0 | GF8: 0 | GG8: 0 | GH8: 0 | GI8: 0 | GJ8: 0 | GK8: 0 | GL8: 0 | GM8: 0 | GN8: 0 | GO8: 190 | GP8: 0 | GQ8: 0 | GR8: 0 | GS8: 0 | GT8: 0 | GU8: 0 | GV8: 0 | GW8: 0 | GX8: 0 | GY8: 420 | GZ8: 0 | HA8: 0 | HB8: 270 | HC8: 0 | HD8: 0 | HE8: 0 | HF8: 0 | HG8: 0 | HH8: 0 | HI8: 0 | HJ8: 0 | HK8: 0 | HL8: 0 | HM8: 0 | HN8: 0 | HO8: 0 | HP8: 0 | HQ8: 370 | HR8: 0 | HS8: 0 | HT8: 0 | HU8: 0 | HV8: 0 | HW8: 0 | HX8: 0 | HY8: 0 | HZ8: 0 | IA8: 0 | IB8: 0 | IC8: 0 | ID8: 0 | IE8: 335 | IF8: 0 | IG8: 0 | IH8: 0 | II8: 0 | IJ8: 0 | IK8: 0 | IL8: 0 | IM8: 0 | IN8: 0 | IO8: 0 | IP8: 0 | IQ8: 0 | IR8: 0 | IS8: 0 | IT8: 0 | IU8: 0 | IV8: 1310 | IW8: 0 | IX8: 0 | IY8: 0 | IZ8: 0 | JA8: 0 | JB8: 0 | JC8: 0 | JD8: 0 | JE8: 0 | JF8: 0 | JG8: 0 | JH8: 0 | JI8: 0 | JJ8: 0 | JK8: 0 | JL8: 0 | JM8: 0 | JN8: 0 | JO8: 0 | JP8: 0 | JQ8: 0 | JR8: 0 | JS8: 0 | JT8: 0 | JU8: 0 | JV8: 0 | JW8: 0 | JX8: 0 | JY8: 0 | JZ8: 0 | KA8: 0 | KB8: 0 | KC8: 0 | KD8: 0 | KE8: 0 | KF8: 0 | KG8: 0 | KH8: 0 | KI8: 0 | KJ8: 0 | KK8: 0 | KL8: 0 | KM8: 0 | KN8: 0 | KO8: 0 | KP8: 0 | KQ8: 0 | KR8: 0 | KS8: 0 | KT8: 0 | KU8: 0 | KV8: 0 | KW8: 0 | KX8: 0 | KY8: 0 | KZ8: 0 | LA8: 0 | LB8: 0 | LC8: 0 | LD8: 0 | LE8: 0 | LF8: 0 | LG8: 0 | LH8: 0 | LI8: 0 | LJ8: 0 | LK8: 0 | LL8: 0 | LM8: 1140 | LN8: 0 | LO8: 0 | LP8: 0 | LQ8: 0 | LR8: 0 | LS8: 0 | LT8: 75 | LU8: 0 | LV8: 0 | LW8: 0 | LX8: 0 | LY8: 225 | LZ8: 0 | MA8: 0 | MB8: 0 | MC8: 0 | MD8: 545 | ME8: 0 | MF8: 0 | MG8: 0 | MH8: 0 | MI8: 0 | MJ8: 0 | MK8: 0 | ML8: 0 | MM8: 0 | MN8: 0 | MO8: 0 | MP8: 0 | MQ8: 0 | MR8: 0 | MS8: 0 | MT8: 0 | MU8: 0 | MV8: 0 | MW8: 0 | MX8: 0 | MY8: 0 | MZ8: 0 | NA8: 0 | NB8: 0 | NC8: 0 | ND8: 0 | NE8: 0 | NF8: 0 | NG8: 0 | NH8: 0 | NI8: 0 | NJ8: 0 | NK8: 690 | NL8: 0 | NM8: 0 | NN8: 0 | NO8: 0 | NP8: 0 | NQ8: 0 | NR8: 0 | NS8: 0 | NT8: 0 | NU8: 0 | NV8: 0 | NW8: 0 | NX8: 0 | NY8: 0 | NZ8: 0 | OA8: 0 | OB8: 0 | OC8: 0 | OD8: 0 | OE8: 0 | OF8: 0 | OG8: 0 | OH8: 220 | OI8: 0 | OJ8: 240 | OK8: 0 | OL8: 0 | OM8: 0 | ON8: 0 | OO8: 0 | OP8: 0 | OQ8: 0 | OR8: 0 | OS8: 260 | OT8: 285 | OU8: 0 | OV8: 0 | OW8: 0 | OX8: 0 | OY8: 0 | OZ8: 0 | PA8: 0 | PB8: 0 | PC8: 0 | PD8: 0 | PE8: 0 | PF8: 0 | PG8: 0 | PH8: 0 | PI8: 0 | PJ8: 0 | PK8: 0 | PL8: 0 | PM8: 0 | PN8: 0 | PO8: 0 | PP8: 0 | PQ8: 0 | PR8: 0 | PS8: 0 | PT8: 0 | PU8: 0 | PV8: 0 | PW8: 0 | PX8: 0 | PY8: 0 | PZ8: 0 | QA8: 0 | QB8: 0 | QC8: 0 | QD8: 0 | QE8: 0 | QF8: 0 | QG8: 0 | QH8: 0 | QI8: 0 | QJ8: 0 | QK8: 0 | QL8: 0 | QM8: 0 | QN8: 0 | QO8: 0 | QP8: 0 | QQ8: 0 | QR8: 0 | QS8: 0 | QT8: 0 | QU8: 0 | QV8: 0 | QW8: 0 | QX8: 0 | QY8: 0 | QZ8: 0 | RA8: 0 | RB8: 0 | RC8: 0 | RD8: 0 | RE8: 0 | RF8: 0 | RG8: 0 | RH8: 0 | RI8: 0 | RJ8: 0 | RK8: 0 | RL8: 0 | RM8: 0 | RN8: 0 | RO8: 0 | RP8: 0 | RQ8: 0 | RR8: 0 | RS8: 0 | RT8: 0 | RU8: 0 | RV8: 0 | RW8: 0 | RX8: 0 | RY8: 0 | RZ8: 0 | SA8: 0 | SB8: 0 | SC8: 0 | SD8: 0 | SE8: 0 | SF8: 0 | SG8: 0 | SH8: 0 | SI8: 0 | SJ8: 0 | SK8: 0 | SL8: 0 | SM8: 0 | SN8: 0 | SO8: 0 | SP8: 0 | SQ8: 0 | SR8: 0 | SS8: 0 | ST8: 0 | SU8: 0 | SV8: 0 | SW8: 0 | SX8: 0 | SY8: 0 | SZ8: 0 | TA8: 0 | TB8: 0 | TC8: 0 | TD8: 0 | TE8: 0 | TF8: 0 | TG8: 0 | TH8: 0 | TI8: 0 | TJ8: 0 | TK8: 0 | TL8: 0 | TM8: 0 | TN8: 0 | TO8: 0 | TP8: 0 | TQ8: 0 | TR8: 0 | TS8: 0 | TT8: 0 | TU8: 0 | TV8: 0 | TW8: 0 | TX8: 0 | TY8: 0 | TZ8: 0 | UA8: 0 | UB8: 0 | UC8: 0 | UD8: 0 | UE8: 0 | UF8: 0 | UG8: 0 | UH8: 0 | UI8: 0 | UJ8: 0 | UK8: 0 | UL8: 0 | UM8: 0 | UN8: 0 | UO8: 0 | UP8: 0 | UQ8: 0 | UR8: 0 | US8: 0 | UT8: 0 | UU8: 0 | UV8: 0 | UW8: 0 | UX8: 0 | UY8: 0 | UZ8: 0 | VA8: 0 | VB8: 0 | VC8: 0 | VD8: 0 | VE8: 0 | VF8: 0 | VG8: 0 | VH8: 0 | VI8: 0 | VJ8: 0 | VK8: 0 | VL8: 0 | VM8: 0 | VN8: 0 | VO8: 0 | VP8: 0 | VQ8: 0 | VR8: 0 | VS8: 0 | VT8: 0 | VU8: 0 | VV8: 0 | VW8: 0 | VX8: 0 | VY8: 0 | VZ8: 0 | WA8: 0 | WB8: 0 | WC8: 0 | WD8: 0 | WE8: 0 | WF8: 0 | WG8: 0 | WH8: 0 | WI8: 0 | WJ8: 0 | WK8: 0 | WL8: 0 | WM8: 0 | WN8: 0 | WO8: 0 | WP8: 0 | WQ8: 0 | WR8: 0 | WS8: 0 | WT8: 0 | WU8: 0 | WV8: 0 | WW8: 0 | WX8: 0 | WY8: 0 | WZ8: 0 | XA8: 0 | XB8: 0 | XC8: 0 | XD8: 0 | XE8: 0 | XF8: 0 | XG8: 0 | XH8: 0 | XI8: 0 | XJ8: 0 | XK8: 0 | XL8: 0 | XM8: 0 | XN8: 0 | XO8: 0 | XP8: 0 | XQ8: 0 | XR8: 0 | XS8: 0 | XT8: 0 | XU8: 0 | XV8: 0 | XW8: 0 | XX8: 0 | XY8: 0 | XZ8: 0 | YA8: 0 | YB8: 0 | YC8: 0 | YD8: 0 | YE8: 0 | YF8: 0 | YG8: 0 | YH8: 0 | YI8: 0 | YJ8: 0 | YK8: 0 | YL8: 0 | YM8: 0 | YN8: 0 | YO8: 0 | YP8: 0 | YQ8: 0 | YR8: 0 | YS8: 0 | YT8: 0 | YU8: 0 | YV8: 0 | YW8: 0 | YX8: 0 | YY8: 0 | YZ8: 0 | ZA8: 0 | ZB8: 0 | ZC8: 0 | ZD8: 0 | ZE8: 0 | ZF8: 0 | ZG8: 0 | ZH8: 0 | ZI8: 0 | ZJ8: 0 | ZK8: 0 | ZL8: 0 | ZM8: 0 | ZN8: 0 | ZO8: 0 | ZP8: 0 | ZQ8: 0 | ZR8: 0 | ZS8: 0 | ZT8: 0 | ZU8: 0 | ZV8: 0 | ZW8: 0 | ZX8: 0 | ZY8: 0 | ZZ8: 0 | AAA8: 0 | AAB8: 0 | AAC8: 0 | AAD8: 0 | AAE8: 0 | AAF8: 0 | AAG8: 0 | AAH8: 0 | AAI8: 0 | AAJ8: 0 | AAK8: 0 | AAL8: 0 | AAM8: 0 | AAN8: 0 | AAO8: 0 | AAP8: 0 | AAQ8: 0 | AAR8: 0 | AAS8: 0 | AAT8: 0 | AAU8: 0 | AAV8: 0 | AAW8: 0 | AAX8: 0 | AAY8: 0 | AAZ8: 0 | ABA8: 0 | ABB8: 0 | ABC8: 0 | ABD8: 0 | ABE8: 0 | ABF8: 0 | ABG8: 0 | ABH8: 0 | ABI8: 0 | ABJ8: 0 | ABK8: 0 | ABL8: 0 | ABM8: 0 | ABN8: 0 | ABO8: 0 | ABP8: 0 | ABQ8: 0 | ABR8: 0 | ABS8: 0 | ABT8: 0 | ABU8: 0 | ABV8: 0 | ABW8: 0 | ABX8: 0 | ABY8: 0 | ABZ8: 0 | ACA8: 0 | ACB8: 0 | ACC8: 0 | ACD8: 0 | ACE8: 0 | ACF8: 0 | ACG8: 0 | ACH8: 0 | ACI8: 0 | ACJ8: 0 | ACK8: 0 | ACL8: 0 | ACM8: 0 | ACN8: 0 | ACO8: 0 | ACP8: 0 | ACQ8: 0 | ACR8: 0 | ACS8: 0 | ACT8: 0 | ACU8: 0 | ACV8: 0 | ACW8: 0 | ACX8: 0 | ACY8: 0 | ACZ8: 0 | ADA8: 0 | ADB8: 0 | ADC8: 0 | ADD8: 0 | ADE8: 0 | ADF8: 0 | ADG8: 0 | ADH8: 0 | ADI8: 0 | ADJ8: 0 | ADK8: 0 | ADL8: 0 | ADM8: 0 | ADN8: 0 | ADO8: 0 | ADP8: 0 | ADQ8: 0 | ADR8: 0 | ADS8: 0 | ADT8: 0 | ADU8: 0 | ADV8: 0 | ADW8: 0 | ADX8: 0 | ADY8: 0 | ADZ8: 0 | AEA8: 0 | AEB8: 0 | AEC8: 0 | AED8: 0 | AEE8: 0 | AEF8: 0 | AEG8: 0 | AEH8: 0 | AEI8: 0 | AEJ8: 0 | AEK8: 0 | AEL8: 0 | AEM8: 0 | AEN8: 0 | AEO8: 0 | AEP8: 0 | AEQ8: 0 | AER8: 0 | AES8: 0 | AET8: 0 | AEU8: 0 | AEV8: 0 | AEW8: 0 | AEX8: 0 | AEY8: 0 | AEZ8: 0 | AFA8: 0 | AFB8: 0 | AFC8: 0 | AFD8: 0 | AFE8: 0 | AFF8: 0 | AFG8: 0 | AFH8: 0 | AFI8: 0 | AFJ8: 0 | AFK8: 0 | AFL8: 0 | AFM8: 0 | AFN8: 0 | AFO8: 0 | AFP8: 0 | AFQ8: 0 | AFR8: 0 | AFS8: 0 | AFT8: 0 | AFU8: 0 | AFV8: 0 | AFW8: 0 | AFX8: 0 | AFY8: 0 | AFZ8: 0 | AGA8: 0 | AGB8: 0 | AGC8: 0 | AGD8: 0 | AGE8: 0 | AGF8: 0 | AGG8: 0 | AGH8: 0 | AGI8: 0 | AGJ8: 0 | AGK8: 0 | AGL8: 0 | AGM8: 0 | AGN8: 0 | AGO8: 0 | AGP8: 0 | AGQ8: 0 | AGR8: 0 | AGS8: 0 | AGT8: 0 | AGU8: 0 | AGV8: 0 | AGW8: 0 | AGX8: 0 | AGY8: 0 | AGZ8: 0 | AHA8: 0 | AHB8: 0 | AHC8: 0 | AHD8: 0 | AHE8: 0 | AHF8: 0 | AHG8: 0 | AHH8: 0 | AHI8: 0 | AHJ8: 0 | AHK8: 0 | AHL8: 0 | AHM8: 0 | AHN8: 0 | AHO8: 0 | AHP8: 0 | AHQ8: 0 | AHR8: 0 | AHS8: 0 | AHT8: 0 | AHU8: 0 | AHV8: 0 | AHW8: 0 | AHX8: 0 | AHY8: 0 | AHZ8: 0 | AIA8: 0 | AIB8: 0 | AIC8: 0 | AID8: 0 | AIE8: 0 | AIF8: 0 | AIG8: 0 | AIH8: 0 | AII8: #N/A | AIJ8: #N/A | AIK8: #N/A | AIL8: #N/A | AIM8: #N/A | AIN8: #N/A | AIO8: #N/A | AIP8: #N/A | AIQ8: #N/A | AIR8: #N/A | AIS8: #N/A | AIT8: #N/A | AIU8: #N/A | AIV8: #N/A | AIW8: #N/A | AIX8: #N/A | AIY8: #N/A | AIZ8: #N/A | AJA8: #N/A | AJB8: #N/A | AJC8: #N/A | AJD8: #N/A | AJE8: #N/A | AJF8: #N/A | AJG8: #N/A | AJH8: #N/A | AJI8: #N/A | AJJ8: #N/A | AJK8: #N/A | AJL8: #N/A | AJM8: #N/A | AJN8: #N/A | AJO8: #N/A | AJP8: #N/A | AJQ8: #N/A | AJR8: #N/A | AJS8: #N/A | AJT8: #N/A | AJU8: #N/A | AJV8: #N/A | AJW8: #N/A | AJX8: #N/A | AJY8: #N/A | AJZ8: #N/A | AKA8: #N/A | AKB8: #N/A | AKC8: #N/A | AKD8: #N/A | AKE8: #N/A | AKF8: #N/A | AKG8: #N/A | AKH8: #N/A | AKI8: #N/A | AKJ8: #N/A | AKK8: #N/A | AKL8: #N/A | AKM8: #N/A | AKN8: #N/A | AKO8: #N/A | AKP8: #N/A | AKQ8: #N/A | AKR8: #N/A | AKS8: #N/A | AKT8: #N/A | AKU8: #N/A | AKV8: #N/A | AKW8: #N/A | AKX8: #N/A | AKY8: #N/A | AKZ8: #N/A | ALA8: #N/A | ALB8: #N/A | ALC8: #N/A | ALD8: #N/A | ALE8: #N/A | ALF8: #N/A | ALG8: #N/A | ALH8: #N/A | ALI8: #N/A | ALJ8: #N/A | ALK8: #N/A | ALL8: #N/A | ALM8: #N/A | ALN8: #N/A | ALO8: #N/A | ALP8: #N/A | ALQ8: #N/A | ALR8: #N/A | ALS8: #N/A | ALT8: #N/A | ALU8: #N/A | ALV8: #N/A | ALW8: #N/A | ALX8: #N/A | ALY8: #N/A | ALZ8: #N/A | AMA8: #N/A | AMB8: #N/A | AMC8: #N/A | AMD8: #N/A | AME8: #N/A | AMF8: #N/A | AMG8: #N/A | AMH8: #N/A
A9: Cooper | B9: 0 | C9: 0 | D9: 0 | E9: 895 | F9: 0 | G9: 0 | H9: 0 | I9: 0 | J9: 0 | K9: 0 | L9: 0 | M9: 0 | N9: 0 | O9: 0 | P9: 0 | Q9: 0 | R9: 0 | S9: 0 | T9: 0 | U9: 0 | V9: 0 | W9: 0 | X9: 320 | Y9: 0 | Z9: 0 | AA9: 0 | AB9: 0 | AC9: 0 | AD9: 0 | AE9: 0 | AF9: 705 | AG9: 0 | AH9: 0 | AI9: 0 | AJ9: 0 | AK9: 0 | AL9: 0 | AM9: 0 | AN9: 0 | AO9: 0 | AP9: 0 | AQ9: 0 | AR9: 0 | AS9: 0 | AT9: 0 | AU9: 0 | AV9: 0 | AW9: 0 | AX9: 0 | AY9: 0 | AZ9: 0 | BA9: 525 | BB9: 0 | BC9: 0 | BD9: 0 | BE9: 0 | BF9: 0 | BG9: 0 | BH9: 0 | BI9: 0 | BJ9: 0 | BK9: 0 | BL9: 0 | BM9: 0 | BN9: 0 | BO9: 0 | BP9: 0 | BQ9: 0 | BR9: 0 | BS9: 0 | BT9: 0 | BU9: 0 | BV9: 0 | BW9: 0 | BX9: 0 | BY9: 0 | BZ9: 0 | CA9: 0 | CB9: 0 | CC9: 0 | CD9: 0 | CE9: 0 | CF9: 0 | CG9: 0 | CH9: 0 | CI9: 0 | CJ9: 0 | CK9: 0 | CL9: 0 | CM9: 0 | CN9: 0 | CO9: 0 | CP9: 0 | CQ9: 0 | CR9: 0 | CS9: 0 | CT9: 0 | CU9: 0 | CV9: 0 | CW9: 0 | CX9: 0 | CY9: 0 | CZ9: 0 | DA9: 0 | DB9: 0 | DC9: 0 | DD9: 0 | DE9: 0 | DF9: 0 | DG9: 0 | DH9: 0 | DI9: 0 | DJ9: 0 | DK9: 0 | DL9: 0 | DM9: 0 | DN9: 0 | DO9: 0 | DP9: 0 | DQ9: 0 | DR9: 0 | DS9: 0 | DT9: 0 | DU9: 0 | DV9: 385 | DW9: 0 | DX9: 0 | DY9: 0 | DZ9: 0 | EA9: 0 | EB9: 0 | EC9: 0 | ED9: 0 | EE9: 0 | EF9: 0 | EG9: 0 | EH9: 0 | EI9: 0 | EJ9: 0 | EK9: 0 | EL9: 0 | EM9: 0 | EN9: 0 | EO9: 0 | EP9: 0 | EQ9: 0 | ER9: 0 | ES9: 0 | ET9: 0 | EU9: 0 | EV9: 0 | EW9: 0 | EX9: 0 | EY9: 0 | EZ9: 0 | FA9: 0 | FB9: 0 | FC9: 0 | FD9: 0 | FE9: 0 | FF9: 0 | FG9: 0 | FH9: 0 | FI9: 0 | FJ9: 1010 | FK9: 0 | FL9: 0 | FM9: 0 | FN9: 0 | FO9: 0 | FP9: 0 | FQ9: 0 | FR9: 0 | FS9: 0 | FT9: 0 | FU9: 235 | FV9: 0 | FW9: 0 | FX9: 0 | FY9: 0 | FZ9: 0 | GA9: 0 | GB9: 0 | GC9: 0 | GD9: 0 | GE9: 0 | GF9: 0 | GG9: 0 | GH9: 0 | GI9: 0 | GJ9: 0 | GK9: 0 | GL9: 0 | GM9: 0 | GN9: 0 | GO9: 0 | GP9: 0 | GQ9: 470 | GR9: 0 | GS9: 0 | GT9: 0 | GU9: 0 | GV9: 0 | GW9: 0 | GX9: 0 | GY9: 0 | GZ9: 0 | HA9: 0 | HB9: 0 | HC9: 0 | HD9: 0 | HE9: 0 | HF9: 0 | HG9: 0 | HH9: 0 | HI9: 0 | HJ9: 0 | HK9: 0 | HL9: 0 | HM9: 0 | HN9: 0 | HO9: 0 | HP9: 0 | HQ9: 0 | HR9: 0 | HS9: 0 | HT9: 0 | HU9: 0 | HV9: 0 | HW9: 0 | HX9: 0 | HY9: 0 | HZ9: 0 | IA9: 0 | IB9: 0 | IC9: 0 | ID9: 0 | IE9: 0 | IF9: 0 | IG9: 565 | IH9: 0 | II9: 0 | IJ9: 0 | IK9: 0 | IL9: 0 | IM9: 0 | IN9: 0 | IO9: 0 | IP9: 0 | IQ9: 0 | IR9: 0 | IS9: 0 | IT9: 0 | IU9: 0 | IV9: 0 | IW9: 0 | IX9: 0 | IY9: 0 | IZ9: 0 | JA9: 0 | JB9: 0 | JC9: 0 | JD9: 0 | JE9: 0 | JF9: 0 | JG9: 0 | JH9: 0 | JI9: 0 | JJ9: 0 | JK9: 0 | JL9: 0 | JM9: 0 | JN9: 0 | JO9: 0 | JP9: 0 | JQ9: 0 | JR9: 0 | JS9: 0 | JT9: 0 | JU9: 0 | JV9: 0 | JW9: 0 | JX9: 0 | JY9: 0 | JZ9: 0 | KA9: 0 | KB9: 745 | KC9: 0 | KD9: 0 | KE9: 0 | KF9: 0 | KG9: 0 | KH9: 0 | KI9: 0 | KJ9: 0 | KK9: 0 | KL9: 0 | KM9: 0 | KN9: 0 | KO9: 0 | KP9: 0 | KQ9: 0 | KR9: 0 | KS9: 0 | KT9: 0 | KU9: 0 | KV9: 0 | KW9: 0 | KX9: 0 | KY9: 0 | KZ9: 0 | LA9: 0 | LB9: 0 | LC9: 0 | LD9: 0 | LE9: 0 | LF9: 0 | LG9: 0 | LH9: 430 | LI9: 220 | LJ9: 0 | LK9: 0 | LL9: 0 | LM9: 0 | LN9: 0 | LO9: 0 | LP9: 0 | LQ9: 0 | LR9: 0 | LS9: 0 | LT9: 0 | LU9: 0 | LV9: 870 | LW9: 0 | LX9: 0 | LY9: 0 | LZ9: 0 | MA9: 0 | MB9: 0 | MC9: 0 | MD9: 0 | ME9: 0 | MF9: 0 | MG9: 365 | MH9: 0 | MI9: 0 | MJ9: 0 | MK9: 410 | ML9: 0 | MM9: 0 | MN9: 0 | MO9: 0 | MP9: 0 | MQ9: 0 | MR9: 0 | MS9: 0 | MT9: 0 | MU9: 0 | MV9: 0 | MW9: 0 | MX9: 0 | MY9: 0 | MZ9: 0 | NA9: 0 | NB9: 0 | NC9: 0 | ND9: 0 | NE9: 0 | NF9: 0 | NG9: 0 | NH9: 0 | NI9: 0 | NJ9: 0 | NK9: 0 | NL9: 0 | NM9: 0 | NN9: 0 | NO9: 0 | NP9: 0 | NQ9: 0 | NR9: 0 | NS9: 0 | NT9: 0 | NU9: 0 | NV9: 0 | NW9: 0 | NX9: 0 | NY9: 0 | NZ9: 0 | OA9: 0 | OB9: 0 | OC9: 190 | OD9: 835 | OE9: 850 | OF9: 0 | OG9: 0 | OH9: 0 | OI9: 0 | OJ9: 0 | OK9: 0 | OL9: 0 | OM9: 0 | ON9: 0 | OO9: 355 | OP9: 0 | OQ9: 0 | OR9: 0 | OS9: 0 | OT9: 0 | OU9: 0 | OV9: 620 | OW9: 0 | OX9: 0 | OY9: 0 | OZ9: 0 | PA9: 0 | PB9: 0 | PC9: 0 | PD9: 0 | PE9: 0 | PF9: 0 | PG9: 0 | PH9: 0 | PI9: 0 | PJ9: 0 | PK9: 0 | PL9: 0 | PM9: 0 | PN9: 0 | PO9: 0 | PP9: 0 | PQ9: 0 | PR9: 325 | PS9: 700 | PT9: 0 | PU9: 0 | PV9: 0 | PW9: 0 | PX9: 0 | PY9: 0 | PZ9: 0 | QA9: 0 | QB9: 0 | QC9: 0 | QD9: 0 | QE9: 0 | QF9: 0 | QG9: 0 | QH9: 0 | QI9: 0 | QJ9: 0 | QK9: 0 | QL9: 0 | QM9: 0 | QN9: 0 | QO9: 0 | QP9: 0 | QQ9: 0 | QR9: 0 | QS9: 0 | QT9: 0 | QU9: 0 | QV9: 0 | QW9: 0 | QX9: 0 | QY9: 0 | QZ9: 0 | RA9: 0 | RB9: 0 | RC9: 0 | RD9: 0 | RE9: 0 | RF9: 0 | RG9: 0 | RH9: 0 | RI9: 0 | RJ9: 0 | RK9: 0 | RL9: 0 | RM9: 0 | RN9: 0 | RO9: 0 | RP9: 0 | RQ9: 0 | RR9: 0 | RS9: 0 | RT9: 0 | RU9: 0 | RV9: 0 | RW9: 0 | RX9: 0 | RY9: 0 | RZ9: 0 | SA9: 0 | SB9: 0 | SC9: 0 | SD9: 0 | SE9: 0 | SF9: 0 | SG9: 0 | SH9: 0 | SI9: 0 | SJ9: 0 | SK9: 0 | SL9: 0 | SM9: 0 | SN9: 0 | SO9: 0 | SP9: 0 | SQ9: 0 | SR9: 0 | SS9: 0 | ST9: 0 | SU9: 0 | SV9: 0 | SW9: 0 | SX9: 0 | SY9: 0 | SZ9: 0 | TA9: 0 | TB9: 0 | TC9: 0 | TD9: 0 | TE9: 0 | TF9: 0 | TG9: 0 | TH9: 0 | TI9: 0 | TJ9: 0 | TK9: 0 | TL9: 0 | TM9: 0 | TN9: 0 | TO9: 0 | TP9: 0 | TQ9: 0 | TR9: 0 | TS9: 0 | TT9: 0 | TU9: 0 | TV9: 0 | TW9: 0 | TX9: 0 | TY9: 0 | TZ9: 0 | UA9: 0 | UB9: 0 | UC9: 0 | UD9: 0 | UE9: 0 | UF9: 0 | UG9: 0 | UH9: 0 | UI9: 0 | UJ9: 0 | UK9: 0 | UL9: 0 | UM9: 0 | UN9: 0 | UO9: 0 | UP9: 0 | UQ9: 0 | UR9: 0 | US9: 0 | UT9: 0 | UU9: 0 | UV9: 0 | UW9: 0 | UX9: 0 | UY9: 0 | UZ9: 0 | VA9: 0 | VB9: 0 | VC9: 0 | VD9: 0 | VE9: 0 | VF9: 0 | VG9: 0 | VH9: 0 | VI9: 0 | VJ9: 0 | VK9: 0 | VL9: 0 | VM9: 0 | VN9: 0 | VO9: 0 | VP9: 0 | VQ9: 0 | VR9: 0 | VS9: 0 | VT9: 0 | VU9: 0 | VV9: 0 | VW9: 0 | VX9: 0 | VY9: 0 | VZ9: 0 | WA9: 0 | WB9: 0 | WC9: 0 | WD9: 0 | WE9: 0 | WF9: 0 | WG9: 0 | WH9: 0 | WI9: 0 | WJ9: 0 | WK9: 0 | WL9: 0 | WM9: 0 | WN9: 0 | WO9: 0 | WP9: 0 | WQ9: 0 | WR9: 0 | WS9: 0 | WT9: 0 | WU9: 0 | WV9: 0 | WW9: 0 | WX9: 0 | WY9: 0 | WZ9: 0 | XA9: 0 | XB9: 0 | XC9: 0 | XD9: 0 | XE9: 0 | XF9: 0 | XG9: 0 | XH9: 0 | XI9: 0 | XJ9: 0 | XK9: 0 | XL9: 0 | XM9: 0 | XN9: 0 | XO9: 0 | XP9: 0 | XQ9: 0 | XR9: 0 | XS9: 0 | XT9: 0 | XU9: 0 | XV9: 0 | XW9: 0 | XX9: 0 | XY9: 0 | XZ9: 0 | YA9: 0 | YB9: 0 | YC9: 0 | YD9: 0 | YE9: 0 | YF9: 0 | YG9: 0 | YH9: 0 | YI9: 0 | YJ9: 0 | YK9: 0 | YL9: 0 | YM9: 0 | YN9: 0 | YO9: 0 | YP9: 0 | YQ9: 0 | YR9: 0 | YS9: 0 | YT9: 0 | YU9: 0 | YV9: 0 | YW9: 0 | YX9: 0 | YY9: 0 | YZ9: 0 | ZA9: 0 | ZB9: 0 | ZC9: 0 | ZD9: 0 | ZE9: 0 | ZF9: 0 | ZG9: 0 | ZH9: 0 | ZI9: 0 | ZJ9: 0 | ZK9: 0 | ZL9: 0 | ZM9: 0 | ZN9: 0 | ZO9: 0 | ZP9: 0 | ZQ9: 0 | ZR9: 0 | ZS9: 0 | ZT9: 0 | ZU9: 0 | ZV9: 0 | ZW9: 0 | ZX9: 0 | ZY9: 0 | ZZ9: 0 | AAA9: 0 | AAB9: 0 | AAC9: 0 | AAD9: 0 | AAE9: 0 | AAF9: 0 | AAG9: 0 | AAH9: 0 | AAI9: 0 | AAJ9: 0 | AAK9: 0 | AAL9: 0 | AAM9: 0 | AAN9: 0 | AAO9: 0 | AAP9: 0 | AAQ9: 0 | AAR9: 0 | AAS9: 0 | AAT9: 0 | AAU9: 0 | AAV9: 0 | AAW9: 0 | AAX9: 0 | AAY9: 0 | AAZ9: 0 | ABA9: 0 | ABB9: 0 | ABC9: 0 | ABD9: 0 | ABE9: 0 | ABF9: 0 | ABG9: 0 | ABH9: 0 | ABI9: 0 | ABJ9: 0 | ABK9: 0 | ABL9: 0 | ABM9: 0 | ABN9: 0 | ABO9: 0 | ABP9: 0 | ABQ9: 0 | ABR9: 0 | ABS9: 0 | ABT9: 0 | ABU9: 0 | ABV9: 0 | ABW9: 0 | ABX9: 0 | ABY9: 0 | ABZ9: 0 | ACA9: 0 | ACB9: 0 | ACC9: 0 | ACD9: 0 | ACE9: 0 | ACF9: 0 | ACG9: 0 | ACH9: 0 | ACI9: 0 | ACJ9: 0 | ACK9: 0 | ACL9: 0 | ACM9: 0 | ACN9: 0 | ACO9: 0 | ACP9: 0 | ACQ9: 0 | ACR9: 0 | ACS9: 0 | ACT9: 0 | ACU9: 0 | ACV9: 0 | ACW9: 0 | ACX9: 0 | ACY9: 0 | ACZ9: 0 | ADA9: 0 | ADB9: 0 | ADC9: 0 | ADD9: 0 | ADE9: 0 | ADF9: 0 | ADG9: 0 | ADH9: 0 | ADI9: 0 | ADJ9: 0 | ADK9: 0 | ADL9: 0 | ADM9: 0 | ADN9: 0 | ADO9: 0 | ADP9: 0 | ADQ9: 0 | ADR9: 0 | ADS9: 0 | ADT9: 0 | ADU9: 0 | ADV9: 0 | ADW9: 0 | ADX9: 0 | ADY9: 0 | ADZ9: 0 | AEA9: 0 | AEB9: 0 | AEC9: 0 | AED9: 0 | AEE9: 0 | AEF9: 0 | AEG9: 0 | AEH9: 0 | AEI9: 0 | AEJ9: 0 | AEK9: 0 | AEL9: 0 | AEM9: 0 | AEN9: 0 | AEO9: 0 | AEP9: 0 | AEQ9: 0 | AER9: 0 | AES9: 0 | AET9: 0 | AEU9: 0 | AEV9: 0 | AEW9: 0 | AEX9: 0 | AEY9: 0 | AEZ9: 0 | AFA9: 0 | AFB9: 0 | AFC9: 0 | AFD9: 0 | AFE9: 0 | AFF9: 0 | AFG9: 0 | AFH9: 0 | AFI9: 0 | AFJ9: 0 | AFK9: 0 | AFL9: 0 | AFM9: 0 | AFN9: 0 | AFO9: 0 | AFP9: 0 | AFQ9: 0 | AFR9: 0 | AFS9: 0 | AFT9: 0 | AFU9: 0 | AFV9: 0 | AFW9: 0 | AFX9: 0 | AFY9: 0 | AFZ9: 0 | AGA9: 0 | AGB9: 0 | AGC9: 0 | AGD9: 0 | AGE9: 0 | AGF9: 0 | AGG9: 0 | AGH9: 0 | AGI9: 0 | AGJ9: 0 | AGK9: 0 | AGL9: 0 | AGM9: 0 | AGN9: 0 | AGO9: 0 | AGP9: 0 | AGQ9: 0 | AGR9: 0 | AGS9: 0 | AGT9: 0 | AGU9: 0 | AGV9: 0 | AGW9: 0 | AGX9: 0 | AGY9: 0 | AGZ9: 0 | AHA9: 0 | AHB9: 0 | AHC9: 0 | AHD9: 0 | AHE9: 0 | AHF9: 0 | AHG9: 0 | AHH9: 0 | AHI9: 0 | AHJ9: 0 | AHK9: 0 | AHL9: 0 | AHM9: 0 | AHN9: 0 | AHO9: 0 | AHP9: 0 | AHQ9: 0 | AHR9: 0 | AHS9: 0 | AHT9: 0 | AHU9: 0 | AHV9: 0 | AHW9: 0 | AHX9: 0 | AHY9: 0 | AHZ9: 0 | AIA9: 0 | AIB9: 0 | AIC9: 0 | AID9: 0 | AIE9: 0 | AIF9: 0 | AIG9: 0 | AIH9: 0 | AII9: #N/A | AIJ9: #N/A | AIK9: #N/A | AIL9: #N/A | AIM9: #N/A | AIN9: #N/A | AIO9: #N/A | AIP9: #N/A | AIQ9: #N/A | AIR9: #N/A | AIS9: #N/A | AIT9: #N/A | AIU9: #N/A | AIV9: #N/A | AIW9: #N/A | AIX9: #N/A | AIY9: #N/A | AIZ9: #N/A | AJA9: #N/A | AJB9: #N/A | AJC9: #N/A | AJD9: #N/A | AJE9: #N/A | AJF9: #N/A | AJG9: #N/A | AJH9: #N/A | AJI9: #N/A | AJJ9: #N/A | AJK9: #N/A | AJL9: #N/A | AJM9: #N/A | AJN9: #N/A | AJO9: #N/A | AJP9: #N/A | AJQ9: #N/A | AJR9: #N/A | AJS9: #N/A | AJT9: #N/A | AJU9: #N/A | AJV9: #N/A | AJW9: #N/A | AJX9: #N/A | AJY9: #N/A | AJZ9: #N/A | AKA9: #N/A | AKB9: #N/A | AKC9: #N/A | AKD9: #N/A | AKE9: #N/A | AKF9: #N/A | AKG9: #N/A | AKH9: #N/A | AKI9: #N/A | AKJ9: #N/A | AKK9: #N/A | AKL9: #N/A | AKM9: #N/A | AKN9: #N/A | AKO9: #N/A | AKP9: #N/A | AKQ9: #N/A | AKR9: #N/A | AKS9: #N/A | AKT9: #N/A | AKU9: #N/A | AKV9: #N/A | AKW9: #N/A | AKX9: #N/A | AKY9: #N/A | AKZ9: #N/A | ALA9: #N/A | ALB9: #N/A | ALC9: #N/A | ALD9: #N/A | ALE9: #N/A | ALF9: #N/A | ALG9: #N/A | ALH9: #N/A | ALI9: #N/A | ALJ9: #N/A | ALK9: #N/A | ALL9: #N/A | ALM9: #N/A | ALN9: #N/A | ALO9: #N/A | ALP9: #N/A | ALQ9: #N/A | ALR9: #N/A | ALS9: #N/A | ALT9: #N/A | ALU9: #N/A | ALV9: #N/A | ALW9: #N/A | ALX9: #N/A | ALY9: #N/A | ALZ9: #N/A | AMA9: #N/A | AMB9: #N/A | AMC9: #N/A | AMD9: #N/A | AME9: #N/A | AMF9: #N/A | AMG9: #N/A | AMH9: #N/A
A10: Lucy | B10: 695 | C10: 365 | D10: 450 | E10: 540 | F10: 900 | G10: 675 | H10: 550 | I10: 260 | J10: 190 | K10: 430 | L10: 675 | M10: 410 | N10: 515 | O10: 265 | P10: 380 | Q10: 75 | R10: 695 | S10: 0 | T10: 400 | U10: 235 | V10: 145 | W10: 245 | X10: 145 | Y10: 390 | Z10: 185 | AA10: 520 | AB10: 480 | AC10: 150 | AD10: 520 | AE10: 360 | AF10: 285 | AG10: 520 | AH10: 460 | AI10: 470 | AJ10: 550 | AK10: 460 | AL10: 250 | AM10: 325 | AN10: 195 | AO10: 405 | AP10: 310 | AQ10: 630 | AR10: 165 | AS10: 0 | AT10: 325 | AU10: 500 | AV10: 600 | AW10: 45 | AX10: 580 | AY10: 164 | AZ10: 245 | BA10: 305 | BB10: 190 | BC10: 255 | BD10: 90 | BE10: 520 | BF10: 235 | BG10: 375 | BH10: 205 | BI10: 495 | BJ10: 405 | BK10: 505 | BL10: 540 | BM10: 240 | BN10: 310 | BO10: 425 | BP10: 385 | BQ10: 0 | BR10: 555 | BS10: 455 | BT10: 0 | BU10: 270 | BV10: 0 | BW10: 295 | BX10: 330 | BY10: 315 | BZ10: 510 | CA10: 380 | CB10: 130 | CC10: 700 | CD10: 0 | CE10: 615 | CF10: 830 | CG10: 225 | CH10: 420 | CI10: 365 | CJ10: 885 | CK10: 470 | CL10: 220 | CM10: 795 | CN10: 95 | CO10: 0 | CP10: 590 | CQ10: 510 | CR10: 225 | CS10: 315 | CT10: 320 | CU10: 705 | CV10: 230 | CW10: 560 | CX10: 660 | CY10: 330 | CZ10: 500 | DA10: 240 | DB10: 560 | DC10: 535 | DD10: 455 | DE10: 510 | DF10: 145 | DG10: 485 | DH10: 340 | DI10: 250 | DJ10: 485 | DK10: 355 | DL10: 335 | DM10: 310 | DN10: 350 | DO10: 520 | DP10: 150 | DQ10: 420 | DR10: 560 | DS10: 575 | DT10: 0 | DU10: 385 | DV10: 270 | DW10: 420 | DX10: 215 | DY10: 140 | DZ10: 300 | EA10: 480 | EB10: 925 | EC10: 695 | ED10: 145 | EE10: 445 | EF10: 420 | EG10: 100 | EH10: 380 | EI10: 400 | EJ10: 385 | EK10: 290 | EL10: 290 | EM10: 680 | EN10: 460 | EO10: 565 | EP10: 290 | EQ10: 0 | ER10: 435 | ES10: 475 | ET10: 390 | EU10: 390 | EV10: 720 | EW10: 240 | EX10: 240 | EY10: 205 | EZ10: 520 | FA10: 400 | FB10: 545 | FC10: 455 | FD10: 265 | FE10: 265 | FF10: 260 | FG10: 300 | FH10: 325 | FI10: 525 | FJ10: 235 | FK10: 810 | FL10: 255 | FM10: 675 | FN10: 310 | FO10: 185 | FP10: 280 | FQ10: 300 | FR10: 195 | FS10: 475 | FT10: 285 | FU10: 170 | FV10: 345 | FW10: 450 | FX10: 0 | FY10: 465 | FZ10: 330 | GA10: 500 | GB10: 165 | GC10: 375 | GD10: 265 | GE10: 655 | GF10: 375 | GG10: 185 | GH10: 570 | GI10: 110 | GJ10: 310 | GK10: 165 | GL10: 340 | GM10: 590 | GN10: 290 | GO10: 260 | GP10: 460 | GQ10: 220 | GR10: 580 | GS10: 605 | GT10: 350 | GU10: 285 | GV10: 210 | GW10: 260 | GX10: 125 | GY10: 0 | GZ10: 600 | HA10: 155 | HB10: 0 | HC10: 440 | HD10: 605 | HE10: 285 | HF10: 270 | HG10: 760 | HH10: 130 | HI10: 465 | HJ10: 740 | HK10: 575 | HL10: 840 | HM10: 320 | HN10: 205 | HO10: 290 | HP10: 645 | HQ10: 0 | HR10: 85 | HS10: 690 | HT10: 495 | HU10: 365 | HV10: 330 | HW10: 230 | HX10: 310 | HY10: 225 | HZ10: 365 | IA10: 630 | IB10: 230 | IC10: 290 | ID10: 665 | IE10: 335 | IF10: 385 | IG10: 225 | IH10: 140 | II10: 400 | IJ10: 390 | IK10: 315 | IL10: 535 | IM10: 230 | IN10: 450 | IO10: 340 | IP10: 135 | IQ10: 460 | IR10: 660 | IS10: 505 | IT10: 415 | IU10: 130 | IV10: 280 | IW10: 560 | IX10: 345 | IY10: 435 | IZ10: 715 | JA10: 320 | JB10: 30 | JC10: 530 | JD10: 725 | JE10: 415 | JF10: 355 | JG10: 510 | JH10: 335 | JI10: 490 | JJ10: 470 | JK10: 0 | JL10: 530 | JM10: 435 | JN10: 370 | JO10: 240 | JP10: 305 | JQ10: 895 | JR10: 340 | JS10: 280 | JT10: 150 | JU10: 490 | JV10: 275 | JW10: 275 | JX10: 165 | JY10: 455 | JZ10: 480 | KA10: 580 | KB10: 0 | KC10: 265 | KD10: 585 | KE10: 325 | KF10: 605 | KG10: 505 | KH10: 165 | KI10: 0 | KJ10: 300 | KK10: 475 | KL10: 510 | KM10: 165 | KN10: 290 | KO10: 290 | KP10: 595 | KQ10: 485 | KR10: 375 | KS10: 630 | KT10: 790 | KU10: 460 | KV10: 275 | KW10: 365 | KX10: 370 | KY10: 570 | KZ10: 315 | LA10: 355 | LB10: 230 | LC10: 535 | LD10: 655 | LE10: 470 | LF10: 485 | LG10: 110 | LH10: 490 | LI10: 485 | LJ10: 400 | LK10: 1100 | LL10: 200 | LM10: 420 | LN10: 220 | LO10: 385 | LP10: 355 | LQ10: 420 | LR10: 490 | LS10: 410 | LT10: 235 | LU10: 675 | LV10: 170 | LW10: 240 | LX10: 840 | LY10: 415 | LZ10: 480 | MA10: 150 | MB10: 620 | MC10: 425 | MD10: 690 | ME10: 385 | MF10: 180 | MG10: 815 | MH10: 440 | MI10: 325 | MJ10: 135 | MK10: 370 | ML10: 275 | MM10: 735 | MN10: 85 | MO10: 630 | MP10: 615 | MQ10: 330 | MR10: 325 | MS10: 290 | MT10: 615 | MU10: 945 | MV10: 700 | MW10: 440 | MX10: 560 | MY10: 615 | MZ10: 225 | NA10: 385 | NB10: 235 | NC10: 575 | ND10: 150 | NE10: 160 | NF10: 100 | NG10: 830 | NH10: 450 | NI10: 495 | NJ10: 460 | NK10: 315 | NL10: 510 | NM10: 250 | NN10: 120 | NO10: 220 | NP10: 555 | NQ10: 630 | NR10: 330 | NS10: 495 | NT10: 375 | NU10: 450 | NV10: 670 | NW10: 590 | NX10: 110 | NY10: 415 | NZ10: 130 | OA10: 420 | OB10: 515 | OC10: 175 | OD10: 180 | OE10: 350 | OF10: 325 | OG10: 545 | OH10: 390 | OI10: 205 | OJ10: 735 | OK10: 545 | OL10: 555 | OM10: 345 | ON10: 620 | OO10: 420 | OP10: 300 | OQ10: 495 | OR10: 640 | OS10: 535 | OT10: 515 | OU10: 415 | OV10: 375 | OW10: 710 | OX10: 290 | OY10: 300 | OZ10: 290 | PA10: 160 | PB10: 1055 | PC10: 790 | PD10: 290 | PE10: 755 | PF10: 445 | PG10: 695 | PH10: 205 | PI10: 365 | PJ10: 605 | PK10: 325 | PL10: 345 | PM10: 290 | PN10: 525 | PO10: 315 | PP10: 405 | PQ10: 615 | PR10: 255 | PS10: 515 | PT10: 0 | PU10: 0 | PV10: 0 | PW10: 0 | PX10: 0 | PY10: 0 | PZ10: 0 | QA10: 0 | QB10: 0 | QC10: 0 | QD10: 0 | QE10: 0 | QF10: 0 | QG10: 0 | QH10: 0 | QI10: 0 | QJ10: 0 | QK10: 0 | QL10: 0 | QM10: 0 | QN10: 0 | QO10: 0 | QP10: 0 | QQ10: 0 | QR10: 0 | QS10: 0 | QT10: 0 | QU10: 0 | QV10: 0 | QW10: 0 | QX10: 0 | QY10: 0 | QZ10: 0 | RA10: 0 | RB10: 0 | RC10: 0 | RD10: 0 | RE10: 0 | RF10: 0 | RG10: 0 | RH10: 0 | RI10: 0 | RJ10: 0 | RK10: 0 | RL10: 0 | RM10: 0 | RN10: 0 | RO10: 0 | RP10: 0 | RQ10: 0 | RR10: 0 | RS10: 0 | RT10: 0 | RU10: 0 | RV10: 0 | RW10: 0 | RX10: 0 | RY10: 0 | RZ10: 0 | SA10: 0 | SB10: 0 | SC10: 0 | SD10: 0 | SE10: 0 | SF10: 0 | SG10: 0 | SH10: 0 | SI10: 0 | SJ10: 0 | SK10: 0 | SL10: 0 | SM10: 0 | SN10: 0 | SO10: 0 | SP10: 0 | SQ10: 0 | SR10: 0 | SS10: 0 | ST10: 0 | SU10: 0 | SV10: 0 | SW10: 0 | SX10: 0 | SY10: 0 | SZ10: 0 | TA10: 0 | TB10: 0 | TC10: 0 | TD10: 0 | TE10: 0 | TF10: 0 | TG10: 0 | TH10: 0 | TI10: 0 | TJ10: 0 | TK10: 0 | TL10: 0 | TM10: 0 | TN10: 0 | TO10: 0 | TP10: 0 | TQ10: 0 | TR10: 0 | TS10: 0 | TT10: 0 | TU10: 0 | TV10: 0 | TW10: 0 | TX10: 0 | TY10: 0 | TZ10: 0 | UA10: 0 | UB10: 0 | UC10: 0 | UD10: 0 | UE10: 0 | UF10: 0 | UG10: 0 | UH10: 0 | UI10: 0 | UJ10: 0 | UK10: 0 | UL10: 0 | UM10: 0 | UN10: 0 | UO10: 0 | UP10: 0 | UQ10: 0 | UR10: 0 | US10: 0 | UT10: 0 | UU10: 0 | UV10: 0 | UW10: 0 | UX10: 0 | UY10: 0 | UZ10: 0 | VA10: 0 | VB10: 0 | VC10: 0 | VD10: 0 | VE10: 0 | VF10: 0 | VG10: 0 | VH10: 0 | VI10: 0 | VJ10: 0 | VK10: 0 | VL10: 0 | VM10: 0 | VN10: 0 | VO10: 0 | VP10: 0 | VQ10: 0 | VR10: 0 | VS10: 0 | VT10: 0 | VU10: 0 | VV10: 0 | VW10: 0 | VX10: 0 | VY10: 0 | VZ10: 0 | WA10: 0 | WB10: 0 | WC10: 0 | WD10: 0 | WE10: 0 | WF10: 0 | WG10: 0 | WH10: 0 | WI10: 0 | WJ10: 0 | WK10: 0 | WL10: 0 | WM10: 0 | WN10: 0 | WO10: 0 | WP10: 0 | WQ10: 0 | WR10: 0 | WS10: 0 | WT10: 0 | WU10: 0 | WV10: 0 | WW10: 0 | WX10: 0 | WY10: 0 | WZ10: 0 | XA10: 0 | XB10: 0 | XC10: 0 | XD10: 0 | XE10: 0 | XF10: 0 | XG10: 0 | XH10: 0 | XI10: 0 | XJ10: 0 | XK10: 0 | XL10: 0 | XM10: 0 | XN10: 0 | XO10: 0 | XP10: 0 | XQ10: 0 | XR10: 0 | XS10: 0 | XT10: 0 | XU10: 0 | XV10: 0 | XW10: 0 | XX10: 0 | XY10: 0 | XZ10: 0 | YA10: 0 | YB10: 0 | YC10: 0 | YD10: 0 | YE10: 0 | YF10: 0 | YG10: 0 | YH10: 0 | YI10: 0 | YJ10: 0 | YK10: 0 | YL10: 0 | YM10: 0 | YN10: 0 | YO10: 0 | YP10: 0 | YQ10: 0 | YR10: 0 | YS10: 0 | YT10: 0 | YU10: 0 | YV10: 0 | YW10: 0 | YX10: 0 | YY10: 0 | YZ10: 0 | ZA10: 0 | ZB10: 0 | ZC10: 0 | ZD10: 0 | ZE10: 0 | ZF10: 0 | ZG10: 0 | ZH10: 0 | ZI10: 0 | ZJ10: 0 | ZK10: 0 | ZL10: 0 | ZM10: 0 | ZN10: 0 | ZO10: 0 | ZP10: 0 | ZQ10: 0 | ZR10: 0 | ZS10: 0 | ZT10: 0 | ZU10: 0 | ZV10: 0 | ZW10: 0 | ZX10: 0 | ZY10: 0 | ZZ10: 0 | AAA10: 0 | AAB10: 0 | AAC10: 0 | AAD10: 0 | AAE10: 0 | AAF10: 0 | AAG10: 0 | AAH10: 0 | AAI10: 0 | AAJ10: 0 | AAK10: 0 | AAL10: 0 | AAM10: 0 | AAN10: 0 | AAO10: 0 | AAP10: 0 | AAQ10: 0 | AAR10: 0 | AAS10: 0 | AAT10: 0 | AAU10: 0 | AAV10: 0 | AAW10: 0 | AAX10: 0 | AAY10: 0 | AAZ10: 0 | ABA10: 0 | ABB10: 0 | ABC10: 0 | ABD10: 0 | ABE10: 0 | ABF10: 0 | ABG10: 0 | ABH10: 0 | ABI10: 0 | ABJ10: 0 | ABK10: 0 | ABL10: 0 | ABM10: 0 | ABN10: 0 | ABO10: 0 | ABP10: 0 | ABQ10: 0 | ABR10: 0 | ABS10: 0 | ABT10: 0 | ABU10: 0 | ABV10: 0 | ABW10: 0 | ABX10: 0 | ABY10: 0 | ABZ10: 0 | ACA10: 0 | ACB10: 0 | ACC10: 0 | ACD10: 0 | ACE10: 0 | ACF10: 0 | ACG10: 0 | ACH10: 0 | ACI10: 0 | ACJ10: 0 | ACK10: 0 | ACL10: 0 | ACM10: 0 | ACN10: 0 | ACO10: 0 | ACP10: 0 | ACQ10: 0 | ACR10: 0 | ACS10: 0 | ACT10: 0 | ACU10: 0 | ACV10: 0 | ACW10: 0 | ACX10: 0 | ACY10: 0 | ACZ10: 0 | ADA10: 0 | ADB10: 0 | ADC10: 0 | ADD10: 0 | ADE10: 0 | ADF10: 0 | ADG10: 0 | ADH10: 0 | ADI10: 0 | ADJ10: 0 | ADK10: 0 | ADL10: 0 | ADM10: 0 | ADN10: 0 | ADO10: 0 | ADP10: 0 | ADQ10: 0 | ADR10: 0 | ADS10: 0 | ADT10: 0 | ADU10: 0 | ADV10: 0 | ADW10: 0 | ADX10: 0 | ADY10: 0 | ADZ10: 0 | AEA10: 0 | AEB10: 0 | AEC10: 0 | AED10: 0 | AEE10: 0 | AEF10: 0 | AEG10: 0 | AEH10: 0 | AEI10: 0 | AEJ10: 0 | AEK10: 0 | AEL10: 0 | AEM10: 0 | AEN10: 0 | AEO10: 0 | AEP10: 0 | AEQ10: 0 | AER10: 0 | AES10: 0 | AET10: 0 | AEU10: 0 | AEV10: 0 | AEW10: 0 | AEX10: 0 | AEY10: 0 | AEZ10: 0 | AFA10: 0 | AFB10: 0 | AFC10: 0 | AFD10: 0 | AFE10: 0 | AFF10: 0 | AFG10: 0 | AFH10: 0 | AFI10: 0 | AFJ10: 0 | AFK10: 0 | AFL10: 0 | AFM10: 0 | AFN10: 0 | AFO10: 0 | AFP10: 0 | AFQ10: 0 | AFR10: 0 | AFS10: 0 | AFT10: 0 | AFU10: 0 | AFV10: 0 | AFW10: 0 | AFX10: 0 | AFY10: 0 | AFZ10: 0 | AGA10: 0 | AGB10: 0 | AGC10: 0 | AGD10: 0 | AGE10: 0 | AGF10: 0 | AGG10: 0 | AGH10: 0 | AGI10: 0 | AGJ10: 0 | AGK10: 0 | AGL10: 0 | AGM10: 0 | AGN10: 0 | AGO10: 0 | AGP10: 0 | AGQ10: 0 | AGR10: 0 | AGS10: 0 | AGT10: 0 | AGU10: 0 | AGV10: 0 | AGW10: 0 | AGX10: 0 | AGY10: 0 | AGZ10: 0 | AHA10: 0 | AHB10: 0 | AHC10: 0 | AHD10: 0 | AHE10: 0 | AHF10: 0 | AHG10: 0 | AHH10: 0 | AHI10: 0 | AHJ10: 0 | AHK10: 0 | AHL10: 0 | AHM10: 0 | AHN10: 0 | AHO10: 0 | AHP10: 0 | AHQ10: 0 | AHR10: 0 | AHS10: 0 | AHT10: 0 | AHU10: 0 | AHV10: 0 | AHW10: 0 | AHX10: 0 | AHY10: 0 | AHZ10: 0 | AIA10: 0 | AIB10: 0 | AIC10: 0 | AID10: 0 | AIE10: 0 | AIF10: 0 | AIG10: 0 | AIH10: 0 | AII10: #N/A | AIJ10: #N/A | AIK10: #N/A | AIL10: #N/A | AIM10: #N/A | AIN10: #N/A | AIO10: #N/A | AIP10: #N/A | AIQ10: #N/A | AIR10: #N/A | AIS10: #N/A | AIT10: #N/A | AIU10: #N/A | AIV10: #N/A | AIW10: #N/A | AIX10: #N/A | AIY10: #N/A | AIZ10: #N/A | AJA10: #N/A | AJB10: #N/A | AJC10: #N/A | AJD10: #N/A | AJE10: #N/A | AJF10: #N/A | AJG10: #N/A | AJH10: #N/A | AJI10: #N/A | AJJ10: #N/A | AJK10: #N/A | AJL10: #N/A | AJM10: #N/A | AJN10: #N/A | AJO10: #N/A | AJP10: #N/A | AJQ10: #N/A | AJR10: #N/A | AJS10: #N/A | AJT10: #N/A | AJU10: #N/A | AJV10: #N/A | AJW10: #N/A | AJX10: #N/A | AJY10: #N/A | AJZ10: #N/A | AKA10: #N/A | AKB10: #N/A | AKC10: #N/A | AKD10: #N/A | AKE10: #N/A | AKF10: #N/A | AKG10: #N/A | AKH10: #N/A | AKI10: #N/A | AKJ10: #N/A | AKK10: #N/A | AKL10: #N/A | AKM10: #N/A | AKN10: #N/A | AKO10: #N/A | AKP10: #N/A | AKQ10: #N/A | AKR10: #N/A | AKS10: #N/A | AKT10: #N/A | AKU10: #N/A | AKV10: #N/A | AKW10: #N/A | AKX10: #N/A | AKY10: #N/A | AKZ10: #N/A | ALA10: #N/A | ALB10: #N/A | ALC10: #N/A | ALD10: #N/A | ALE10: #N/A | ALF10: #N/A | ALG10: #N/A | ALH10: #N/A | ALI10: #N/A | ALJ10: #N/A | ALK10: #N/A | ALL10: #N/A | ALM10: #N/A | ALN10: #N/A | ALO10: #N/A | ALP10: #N/A | ALQ10: #N/A | ALR10: #N/A | ALS10: #N/A | ALT10: #N/A | ALU10: #N/A | ALV10: #N/A | ALW10: #N/A | ALX10: #N/A | ALY10: #N/A | ALZ10: #N/A | AMA10: #N/A | AMB10: #N/A | AMC10: #N/A | AMD10: #N/A | AME10: #N/A | AMF10: #N/A | AMG10: #N/A | AMH10: #N/A
A11: Luna | B11: 0 | C11: 0 | D11: 0 | E11: 0 | F11: 0 | G11: 0 | H11: 0 | I11: 240 | J11: 0 | K11: 0 | L11: 0 | M11: 380 | N11: 800 | O11: 0 | P11: 650 | Q11: 0 | R11: 0 | S11: 400 | T11: 0 | U11: 0 | V11: 120 | W11: 0 | X11: 0 | Y11: 0 | Z11: 0 | AA11: 0 | AB11: 0 | AC11: 0 | AD11: 0 | AE11: 0 | AF11: 605 | AG11: 0 | AH11: 0 | AI11: 0 | AJ11: 0 | AK11: 250 | AL11: 0 | AM11: 0 | AN11: 0 | AO11: 0 | AP11: 110 | AQ11: 1165 | AR11: 310 | AS11: 0 | AT11: 0 | AU11: 0 | AV11: 0 | AW11: 0 | AX11: 0 | AY11: 0 | AZ11: 0 | BA11: 0 | BB11: 255 | BC11: 0 | BD11: 470 | BE11: 0 | BF11: 0 | BG11: 0 | BH11: 170 | BI11: 580 | BJ11: 105 | BK11: 310 | BL11: 280 | BM11: 445 | BN11: 765 | BO11: 0 | BP11: 830 | BQ11: 0 | BR11: 0 | BS11: 0 | BT11: 0 | BU11: 0 | BV11: 0 | BW11: 0 | BX11: 0 | BY11: 0 | BZ11: 0 | CA11: 0 | CB11: 0 | CC11: 0 | CD11: 0 | CE11: 0 | CF11: 0 | CG11: 0 | CH11: 0 | CI11: 0 | CJ11: 0 | CK11: 0 | CL11: 215 | CM11: 825 | CN11: 0 | CO11: 0 | CP11: 0 | CQ11: 0 | CR11: 0 | CS11: 0 | CT11: 0 | CU11: 0 | CV11: 0 | CW11: 0 | CX11: 325 | CY11: 0 | CZ11: 0 | DA11: 0 | DB11: 0 | DC11: 0 | DD11: 250 | DE11: 0 | DF11: 460 | DG11: 385 | DH11: 0 | DI11: 0 | DJ11: 0 | DK11: 0 | DL11: 0 | DM11: 0 | DN11: 0 | DO11: 0 | DP11: 0 | DQ11: 40 | DR11: 0 | DS11: 0 | DT11: 0 | DU11: 0 | DV11: 0 | DW11: 0 | DX11: 0 | DY11: 0 | DZ11: 0 | EA11: 0 | EB11: 0 | EC11: 0 | ED11: 0 | EE11: 0 | EF11: 270 | EG11: 240 | EH11: 0 | EI11: 515 | EJ11: 355 | EK11: 465 | EL11: 0 | EM11: 0 | EN11: 0 | EO11: 400 | EP11: 390 | EQ11: 0 | ER11: 310 | ES11: 280 | ET11: 270 | EU11: 250 | EV11: 475 | EW11: 0 | EX11: 0 | EY11: 615 | EZ11: 470 | FA11: 595 | FB11: 450 | FC11: 445 | FD11: 0 | FE11: 0 | FF11: 0 | FG11: 0 | FH11: 0 | FI11: 0 | FJ11: 0 | FK11: 0 | FL11: 0 | FM11: 0 | FN11: 745 | FO11: 115 | FP11: 0 | FQ11: 0 | FR11: 0 | FS11: 0 | FT11: 0 | FU11: 270 | FV11: 0 | FW11: 0 | FX11: 0 | FY11: 0 | FZ11: 0 | GA11: 0 | GB11: 0 | GC11: 715 | GD11: 110 | GE11: 435 | GF11: 0 | GG11: 0 | GH11: 0 | GI11: 420 | GJ11: 0 | GK11: 0 | GL11: 0 | GM11: 0 | GN11: 0 | GO11: 0 | GP11: 0 | GQ11: 495 | GR11: 0 | GS11: 0 | GT11: 0 | GU11: 90 | GV11: 0 | GW11: 0 | GX11: 0 | GY11: 0 | GZ11: 0 | HA11: 0 | HB11: 0 | HC11: 0 | HD11: 0 | HE11: 0 | HF11: 0 | HG11: 0 | HH11: 0 | HI11: 0 | HJ11: 0 | HK11: 705 | HL11: 595 | HM11: 0 | HN11: 370 | HO11: 0 | HP11: 0 | HQ11: 0 | HR11: 0 | HS11: 0 | HT11: 0 | HU11: 0 | HV11: 0 | HW11: 0 | HX11: 0 | HY11: 0 | HZ11: 560 | IA11: 680 | IB11: 505 | IC11: 0 | ID11: 0 | IE11: 0 | IF11: 0 | IG11: 1030 | IH11: 165 | II11: 420 | IJ11: 250 | IK11: 220 | IL11: 340 | IM11: 560 | IN11: 0 | IO11: 0 | IP11: 0 | IQ11: 325 | IR11: 810 | IS11: 605 | IT11: 450 | IU11: 360 | IV11: 665 | IW11: 880 | IX11: 400 | IY11: 410 | IZ11: 385 | JA11: 115 | JB11: 425 | JC11: 380 | JD11: 275 | JE11: 530 | JF11: 1185 | JG11: 610 | JH11: 480 | JI11: 440 | JJ11: 0 | JK11: 0 | JL11: 0 | JM11: 0 | JN11: 0 | JO11: 245 | JP11: 785 | JQ11: 440 | JR11: 600 | JS11: 450 | JT11: 255 | JU11: 590 | JV11: 510 | JW11: 165 | JX11: 230 | JY11: 610 | JZ11: 250 | KA11: 1070 | KB11: 755 | KC11: 0 | KD11: 0 | KE11: 0 | KF11: 0 | KG11: 0 | KH11: 0 | KI11: 0 | KJ11: 0 | KK11: 0 | KL11: 0 | KM11: 0 | KN11: 0 | KO11: 0 | KP11: 0 | KQ11: 0 | KR11: 540 | KS11: 460 | KT11: 0 | KU11: 405 | KV11: 705 | KW11: 520 | KX11: 425 | KY11: 525 | KZ11: 630 | LA11: 240 | LB11: 150 | LC11: 0 | LD11: 0 | LE11: 0 | LF11: 0 | LG11: 0 | LH11: 445 | LI11: 0 | LJ11: 0 | LK11: 880 | LL11: 0 | LM11: 0 | LN11: 0 | LO11: 505 | LP11: 255 | LQ11: 315 | LR11: 405 | LS11: 355 | LT11: 0 | LU11: 0 | LV11: 210 | LW11: 0 | LX11: 0 | LY11: 0 | LZ11: 0 | MA11: 0 | MB11: 0 | MC11: 0 | MD11: 0 | ME11: 0 | MF11: 0 | MG11: 505 | MH11: 0 | MI11: 0 | MJ11: 585 | MK11: 495 | ML11: 0 | MM11: 0 | MN11: 330 | MO11: 0 | MP11: 390 | MQ11: 455 | MR11: 0 | MS11: 0 | MT11: 0 | MU11: 0 | MV11: 0 | MW11: 505 | MX11: 210 | MY11: 385 | MZ11: 0 | NA11: 320 | NB11: 425 | NC11: 635 | ND11: 0 | NE11: 0 | NF11: 0 | NG11: 0 | NH11: 0 | NI11: 0 | NJ11: 0 | NK11: 0 | NL11: 0 | NM11: 0 | NN11: 585 | NO11: 330 | NP11: 365 | NQ11: 840 | NR11: 455 | NS11: 505 | NT11: 230 | NU11: 470 | NV11: 1025 | NW11: 405 | NX11: 300 | NY11: 635 | NZ11: 715 | OA11: 645 | OB11: 415 | OC11: 525 | OD11: 705 | OE11: 535 | OF11: 0 | OG11: 0 | OH11: 0 | OI11: 0 | OJ11: 0 | OK11: 425 | OL11: 445 | OM11: 0 | ON11: 0 | OO11: 165 | OP11: 400 | OQ11: 720 | OR11: 230 | OS11: 0 | OT11: 0 | OU11: 0 | OV11: 530 | OW11: 305 | OX11: 395 | OY11: 0 | OZ11: 0 | PA11: 0 | PB11: 0 | PC11: 0 | PD11: 0 | PE11: 425 | PF11: 0 | PG11: 0 | PH11: 355 | PI11: 230 | PJ11: 860 | PK11: 215 | PL11: 0 | PM11: 0 | PN11: 235 | PO11: 365 | PP11: 495 | PQ11: 250 | PR11: 90 | PS11: 0 | PT11: 0 | PU11: 0 | PV11: 0 | PW11: 0 | PX11: 0 | PY11: 0 | PZ11: 0 | QA11: 0 | QB11: 0 | QC11: 0 | QD11: 0 | QE11: 0 | QF11: 0 | QG11: 0 | QH11: 0 | QI11: 0 | QJ11: 0 | QK11: 0 | QL11: 0 | QM11: 0 | QN11: 0 | QO11: 0 | QP11: 0 | QQ11: 0 | QR11: 0 | QS11: 0 | QT11: 0 | QU11: 0 | QV11: 0 | QW11: 0 | QX11: 0 | QY11: 0 | QZ11: 0 | RA11: 0 | RB11: 0 | RC11: 0 | RD11: 0 | RE11: 0 | RF11: 0 | RG11: 0 | RH11: 0 | RI11: 0 | RJ11: 0 | RK11: 0 | RL11: 0 | RM11: 0 | RN11: 0 | RO11: 0 | RP11: 0 | RQ11: 0 | RR11: 0 | RS11: 0 | RT11: 0 | RU11: 0 | RV11: 0 | RW11: 0 | RX11: 0 | RY11: 0 | RZ11: 0 | SA11: 0 | SB11: 0 | SC11: 0 | SD11: 0 | SE11: 0 | SF11: 0 | SG11: 0 | SH11: 0 | SI11: 0 | SJ11: 0 | SK11: 0 | SL11: 0 | SM11: 0 | SN11: 0 | SO11: 0 | SP11: 0 | SQ11: 0 | SR11: 0 | SS11: 0 | ST11: 0 | SU11: 0 | SV11: 0 | SW11: 0 | SX11: 0 | SY11: 0 | SZ11: 0 | TA11: 0 | TB11: 0 | TC11: 0 | TD11: 0 | TE11: 0 | TF11: 0 | TG11: 0 | TH11: 0 | TI11: 0 | TJ11: 0 | TK11: 0 | TL11: 0 | TM11: 0 | TN11: 0 | TO11: 0 | TP11: 0 | TQ11: 0 | TR11: 0 | TS11: 0 | TT11: 0 | TU11: 0 | TV11: 0 | TW11: 0 | TX11: 0 | TY11: 0 | TZ11: 0 | UA11: 0 | UB11: 0 | UC11: 0 | UD11: 0 | UE11: 0 | UF11: 0 | UG11: 0 | UH11: 0 | UI11: 0 | UJ11: 0 | UK11: 0 | UL11: 0 | UM11: 0 | UN11: 0 | UO11: 0 | UP11: 0 | UQ11: 0 | UR11: 0 | US11: 0 | UT11: 0 | UU11: 0 | UV11: 0 | UW11: 0 | UX11: 0 | UY11: 0 | UZ11: 0 | VA11: 0 | VB11: 0 | VC11: 0 | VD11: 0 | VE11: 0 | VF11: 0 | VG11: 0 | VH11: 0 | VI11: 0 | VJ11: 0 | VK11: 0 | VL11: 0 | VM11: 0 | VN11: 0 | VO11: 0 | VP11: 0 | VQ11: 0 | VR11: 0 | VS11: 0 | VT11: 0 | VU11: 0 | VV11: 0 | VW11: 0 | VX11: 0 | VY11: 0 | VZ11: 0 | WA11: 0 | WB11: 0 | WC11: 0 | WD11: 0 | WE11: 0 | WF11: 0 | WG11: 0 | WH11: 0 | WI11: 0 | WJ11: 0 | WK11: 0 | WL11: 0 | WM11: 0 | WN11: 0 | WO11: 0 | WP11: 0 | WQ11: 0 | WR11: 0 | WS11: 0 | WT11: 0 | WU11: 0 | WV11: 0 | WW11: 0 | WX11: 0 | WY11: 0 | WZ11: 0 | XA11: 0 | XB11: 0 | XC11: 0 | XD11: 0 | XE11: 0 | XF11: 0 | XG11: 0 | XH11: 0 | XI11: 0 | XJ11: 0 | XK11: 0 | XL11: 0 | XM11: 0 | XN11: 0 | XO11: 0 | XP11: 0 | XQ11: 0 | XR11: 0 | XS11: 0 | XT11: 0 | XU11: 0 | XV11: 0 | XW11: 0 | XX11: 0 | XY11: 0 | XZ11: 0 | YA11: 0 | YB11: 0 | YC11: 0 | YD11: 0 | YE11: 0 | YF11: 0 | YG11: 0 | YH11: 0 | YI11: 0 | YJ11: 0 | YK11: 0 | YL11: 0 | YM11: 0 | YN11: 0 | YO11: 0 | YP11: 0 | YQ11: 0 | YR11: 0 | YS11: 0 | YT11: 0 | YU11: 0 | YV11: 0 | YW11: 0 | YX11: 0 | YY11: 0 | YZ11: 0 | ZA11: 0 | ZB11: 0 | ZC11: 0 | ZD11: 0 | ZE11: 0 | ZF11: 0 | ZG11: 0 | ZH11: 0 | ZI11: 0 | ZJ11: 0 | ZK11: 0 | ZL11: 0 | ZM11: 0 | ZN11: 0 | ZO11: 0 | ZP11: 0 | ZQ11: 0 | ZR11: 0 | ZS11: 0 | ZT11: 0 | ZU11: 0 | ZV11: 0 | ZW11: 0 | ZX11: 0 | ZY11: 0 | ZZ11: 0 | AAA11: 0 | AAB11: 0 | AAC11: 0 | AAD11: 0 | AAE11: 0 | AAF11: 0 | AAG11: 0 | AAH11: 0 | AAI11: 0 | AAJ11: 0 | AAK11: 0 | AAL11: 0 | AAM11: 0 | AAN11: 0 | AAO11: 0 | AAP11: 0 | AAQ11: 0 | AAR11: 0 | AAS11: 0 | AAT11: 0 | AAU11: 0 | AAV11: 0 | AAW11: 0 | AAX11: 0 | AAY11: 0 | AAZ11: 0 | ABA11: 0 | ABB11: 0 | ABC11: 0 | ABD11: 0 | ABE11: 0 | ABF11: 0 | ABG11: 0 | ABH11: 0 | ABI11: 0 | ABJ11: 0 | ABK11: 0 | ABL11: 0 | ABM11: 0 | ABN11: 0 | ABO11: 0 | ABP11: 0 | ABQ11: 0 | ABR11: 0 | ABS11: 0 | ABT11: 0 | ABU11: 0 | ABV11: 0 | ABW11: 0 | ABX11: 0 | ABY11: 0 | ABZ11: 0 | ACA11: 0 | ACB11: 0 | ACC11: 0 | ACD11: 0 | ACE11: 0 | ACF11: 0 | ACG11: 0 | ACH11: 0 | ACI11: 0 | ACJ11: 0 | ACK11: 0 | ACL11: 0 | ACM11: 0 | ACN11: 0 | ACO11: 0 | ACP11: 0 | ACQ11: 0 | ACR11: 0 | ACS11: 0 | ACT11: 0 | ACU11: 0 | ACV11: 0 | ACW11: 0 | ACX11: 0 | ACY11: 0 | ACZ11: 0 | ADA11: 0 | ADB11: 0 | ADC11: 0 | ADD11: 0 | ADE11: 0 | ADF11: 0 | ADG11: 0 | ADH11: 0 | ADI11: 0 | ADJ11: 0 | ADK11: 0 | ADL11: 0 | ADM11: 0 | ADN11: 0 | ADO11: 0 | ADP11: 0 | ADQ11: 0 | ADR11: 0 | ADS11: 0 | ADT11: 0 | ADU11: 0 | ADV11: 0 | ADW11: 0 | ADX11: 0 | ADY11: 0 | ADZ11: 0 | AEA11: 0 | AEB11: 0 | AEC11: 0 | AED11: 0 | AEE11: 0 | AEF11: 0 | AEG11: 0 | AEH11: 0 | AEI11: 0 | AEJ11: 0 | AEK11: 0 | AEL11: 0 | AEM11: 0 | AEN11: 0 | AEO11: 0 | AEP11: 0 | AEQ11: 0 | AER11: 0 | AES11: 0 | AET11: 0 | AEU11: 0 | AEV11: 0 | AEW11: 0 | AEX11: 0 | AEY11: 0 | AEZ11: 0 | AFA11: 0 | AFB11: 0 | AFC11: 0 | AFD11: 0 | AFE11: 0 | AFF11: 0 | AFG11: 0 | AFH11: 0 | AFI11: 0 | AFJ11: 0 | AFK11: 0 | AFL11: 0 | AFM11: 0 | AFN11: 0 | AFO11: 0 | AFP11: 0 | AFQ11: 0 | AFR11: 0 | AFS11: 0 | AFT11: 0 | AFU11: 0 | AFV11: 0 | AFW11: 0 | AFX11: 0 | AFY11: 0 | AFZ11: 0 | AGA11: 0 | AGB11: 0 | AGC11: 0 | AGD11: 0 | AGE11: 0 | AGF11: 0 | AGG11: 0 | AGH11: 0 | AGI11: 0 | AGJ11: 0 | AGK11: 0 | AGL11: 0 | AGM11: 0 | AGN11: 0 | AGO11: 0 | AGP11: 0 | AGQ11: 0 | AGR11: 0 | AGS11: 0 | AGT11: 0 | AGU11: 0 | AGV11: 0 | AGW11: 0 | AGX11: 0 | AGY11: 0 | AGZ11: 0 | AHA11: 0 | AHB11: 0 | AHC11: 0 | AHD11: 0 | AHE11: 0 | AHF11: 0 | AHG11: 0 | AHH11: 0 | AHI11: 0 | AHJ11: 0 | AHK11: 0 | AHL11: 0 | AHM11: 0 | AHN11: 0 | AHO11: 0 | AHP11: 0 | AHQ11: 0 | AHR11: 0 | AHS11: 0 | AHT11: 0 | AHU11: 0 | AHV11: 0 | AHW11: 0 | AHX11: 0 | AHY11: 0 | AHZ11: 0 | AIA11: 0 | AIB11: 0 | AIC11: 0 | AID11: 0 | AIE11: 0 | AIF11: 0 | AIG11: 0 | AIH11: 0 | AII11: #N/A | AIJ11: #N/A | AIK11: #N/A | AIL11: #N/A | AIM11: #N/A | AIN11: #N/A | AIO11: #N/A | AIP11: #N/A | AIQ11: #N/A | AIR11: #N/A | AIS11: #N/A | AIT11: #N/A | AIU11: #N/A | AIV11: #N/A | AIW11: #N/A | AIX11: #N/A | AIY11: #N/A | AIZ11: #N/A | AJA11: #N/A | AJB11: #N/A | AJC11: #N/A | AJD11: #N/A | AJE11: #N/A | AJF11: #N/A | AJG11: #N/A | AJH11: #N/A | AJI11: #N/A | AJJ11: #N/A | AJK11: #N/A | AJL11: #N/A | AJM11: #N/A | AJN11: #N/A | AJO11: #N/A | AJP11: #N/A | AJQ11: #N/A | AJR11: #N/A | AJS11: #N/A | AJT11: #N/A | AJU11: #N/A | AJV11: #N/A | AJW11: #N/A | AJX11: #N/A | AJY11: #N/A | AJZ11: #N/A | AKA11: #N/A | AKB11: #N/A | AKC11: #N/A | AKD11: #N/A | AKE11: #N/A | AKF11: #N/A | AKG11: #N/A | AKH11: #N/A | AKI11: #N/A | AKJ11: #N/A | AKK11: #N/A | AKL11: #N/A | AKM11: #N/A | AKN11: #N/A | AKO11: #N/A | AKP11: #N/A | AKQ11: #N/A | AKR11: #N/A | AKS11: #N/A | AKT11: #N/A | AKU11: #N/A | AKV11: #N/A | AKW11: #N/A | AKX11: #N/A | AKY11: #N/A | AKZ11: #N/A | ALA11: #N/A | ALB11: #N/A | ALC11: #N/A | ALD11: #N/A | ALE11: #N/A | ALF11: #N/A | ALG11: #N/A | ALH11: #N/A | ALI11: #N/A | ALJ11: #N/A | ALK11: #N/A | ALL11: #N/A | ALM11: #N/A | ALN11: #N/A | ALO11: #N/A | ALP11: #N/A | ALQ11: #N/A | ALR11: #N/A | ALS11: #N/A | ALT11: #N/A | ALU11: #N/A | ALV11: #N/A | ALW11: #N/A | ALX11: #N/A | ALY11: #N/A | ALZ11: #N/A | AMA11: #N/A | AMB11: #N/A | AMC11: #N/A | AMD11: #N/A | AME11: #N/A | AMF11: #N/A | AMG11: #N/A | AMH11: #N/A
A12: Layla | B12: 700 | C12: 0 | D12: 0 | E12: 0 | F12: 0 | G12: 0 | H12: 0 | I12: 0 | J12: 0 | K12: 0 | L12: 0 | M12: 0 | N12: 0 | O12: 0 | P12: 0 | Q12: 420 | R12: 780 | S12: 0 | T12: 0 | U12: 0 | V12: 0 | W12: 0 | X12: 0 | Y12: 0 | Z12: 0 | AA12: 0 | AB12: 0 | AC12: 565 | AD12: 0 | AE12: 0 | AF12: 0 | AG12: 495 | AH12: 0 | AI12: 0 | AJ12: 800 | AK12: 0 | AL12: 0 | AM12: 710 | AN12: 315 | AO12: 0 | AP12: 0 | AQ12: 0 | AR12: 0 | AS12: 255 | AT12: 415 | AU12: 0 | AV12: 480 | AW12: 0 | AX12: 0 | AY12: 0 | AZ12: 0 | BA12: 0 | BB12: 0 | BC12: 0 | BD12: 0 | BE12: 0 | BF12: 0 | BG12: 0 | BH12: 0 | BI12: 0 | BJ12: 0 | BK12: 0 | BL12: 0 | BM12: 0 | BN12: 0 | BO12: 0 | BP12: 555 | BQ12: 330 | BR12: 0 | BS12: 0 | BT12: 40 | BU12: 870 | BV12: 400 | BW12: 0 | BX12: 0 | BY12: 290 | BZ12: 0 | CA12: 295 | CB12: 305 | CC12: 310 | CD12: 535 | CE12: 570 | CF12: 745 | CG12: 615 | CH12: 0 | CI12: 790 | CJ12: 540 | CK12: 200 | CL12: 300 | CM12: 485 | CN12: 0 | CO12: 430 | CP12: 530 | CQ12: 0 | CR12: 485 | CS12: 240 | CT12: 0 | CU12: 435 | CV12: 435 | CW12: 0 | CX12: 255 | CY12: 0 | CZ12: 0 | DA12: 0 | DB12: 0 | DC12: 690 | DD12: 0 | DE12: 0 | DF12: 0 | DG12: 605 | DH12: 0 | DI12: 0 | DJ12: 175 | DK12: 0 | DL12: 365 | DM12: 0 | DN12: 0 | DO12: 80 | DP12: 0 | DQ12: 0 | DR12: 480 | DS12: 0 | DT12: 375 | DU12: 565 | DV12: 0 | DW12: 0 | DX12: 0 | DY12: 0 | DZ12: 0 | EA12: 0 | EB12: 0 | EC12: 0 | ED12: 0 | EE12: 720 | EF12: 0 | EG12: 0 | EH12: 820 | EI12: 0 | EJ12: 0 | EK12: 0 | EL12: 400 | EM12: 0 | EN12: 0 | EO12: 0 | EP12: 0 | EQ12: 335 | ER12: 0 | ES12: 0 | ET12: 0 | EU12: 0 | EV12: 0 | EW12: 0 | EX12: 0 | EY12: 0 | EZ12: 0 | FA12: 0 | FB12: 580 | FC12: 0 | FD12: 0 | FE12: 0 | FF12: 1085 | FG12: 0 | FH12: 420 | FI12: 680 | FJ12: 0 | FK12: 0 | FL12: 0 | FM12: 705 | FN12: 0 | FO12: 0 | FP12: 705 | FQ12: 0 | FR12: 0 | FS12: 0 | FT12: 0 | FU12: 0 | FV12: 0 | FW12: 0 | FX12: 375 | FY12: 0 | FZ12: 645 | GA12: 0 | GB12: 0 | GC12: 0 | GD12: 0 | GE12: 0 | GF12: 0 | GG12: 310 | GH12: 0 | GI12: 0 | GJ12: 0 | GK12: 365 | GL12: 0 | GM12: 410 | GN12: 350 | GO12: 0 | GP12: 465 | GQ12: 0 | GR12: 0 | GS12: 0 | GT12: 825 | GU12: 0 | GV12: 0 | GW12: 0 | GX12: 0 | GY12: 390 | GZ12: 0 | HA12: 0 | HB12: 425 | HC12: 660 | HD12: 0 | HE12: 495 | HF12: 0 | HG12: 840 | HH12: 0 | HI12: 0 | HJ12: 0 | HK12: 705 | HL12: 0 | HM12: 0 | HN12: 0 | HO12: 0 | HP12: 0 | HQ12: 0 | HR12: 0 | HS12: 390 | HT12: 660 | HU12: 0 | HV12: 170 | HW12: 630 | HX12: 0 | HY12: 275 | HZ12: 0 | IA12: 0 | IB12: 0 | IC12: 0 | ID12: 0 | IE12: 0 | IF12: 0 | IG12: 0 | IH12: 0 | II12: 0 | IJ12: 0 | IK12: 0 | IL12: 0 | IM12: 0 | IN12: 0 | IO12: 0 | IP12: 475 | IQ12: 0 | IR12: 0 | IS12: 215 | IT12: 0 | IU12: 0 | IV12: 0 | IW12: 345 | IX12: 0 | IY12: 0 | IZ12: 220 | JA12: 0 | JB12: 0 | JC12: 0 | JD12: 0 | JE12: 0 | JF12: 0 | JG12: 0 | JH12: 0 | JI12: 0 | JJ12: 0 | JK12: 150 | JL12: 0 | JM12: 0 | JN12: 0 | JO12: 0 | JP12: 0 | JQ12: 0 | JR12: 0 | JS12: 0 | JT12: 0 | JU12: 0 | JV12: 0 | JW12: 0 | JX12: 0 | JY12: 515 | JZ12: 0 | KA12: 0 | KB12: 0 | KC12: 0 | KD12: 0 | KE12: 0 | KF12: 0 | KG12: 445 | KH12: 0 | KI12: 855 | KJ12: 0 | KK12: 465 | KL12: 0 | KM12: 940 | KN12: 0 | KO12: 775 | KP12: 0 | KQ12: 545 | KR12: 0 | KS12: 0 | KT12: 0 | KU12: 0 | KV12: 0 | KW12: 0 | KX12: 0 | KY12: 0 | KZ12: 0 | LA12: 0 | LB12: 0 | LC12: 0 | LD12: 490 | LE12: 0 | LF12: 0 | LG12: 265 | LH12: 0 | LI12: 0 | LJ12: 0 | LK12: 0 | LL12: 0 | LM12: 0 | LN12: 0 | LO12: 0 | LP12: 530 | LQ12: 0 | LR12: 0 | LS12: 0 | LT12: 0 | LU12: 640 | LV12: 0 | LW12: 285 | LX12: 0 | LY12: 0 | LZ12: 1050 | MA12: 460 | MB12: 0 | MC12: 0 | MD12: 0 | ME12: 0 | MF12: 440 | MG12: 0 | MH12: 625 | MI12: 435 | MJ12: 0 | MK12: 0 | ML12: 0 | MM12: 0 | MN12: 0 | MO12: 0 | MP12: 0 | MQ12: 0 | MR12: 675 | MS12: 0 | MT12: 545 | MU12: 110 | MV12: 0 | MW12: 0 | MX12: 0 | MY12: 0 | MZ12: 285 | NA12: 0 | NB12: 0 | NC12: 0 | ND12: 0 | NE12: 0 | NF12: 380 | NG12: 0 | NH12: 620 | NI12: 0 | NJ12: 0 | NK12: 0 | NL12: 340 | NM12: 0 | NN12: 0 | NO12: 0 | NP12: 0 | NQ12: 810 | NR12: 0 | NS12: 0 | NT12: 0 | NU12: 0 | NV12: 625 | NW12: 0 | NX12: 0 | NY12: 0 | NZ12: 0 | OA12: 0 | OB12: 0 | OC12: 0 | OD12: 0 | OE12: 0 | OF12: 0 | OG12: 495 | OH12: 0 | OI12: 0 | OJ12: 0 | OK12: 0 | OL12: 0 | OM12: 0 | ON12: 420 | OO12: 0 | OP12: 0 | OQ12: 0 | OR12: 0 | OS12: 0 | OT12: 0 | OU12: 0 | OV12: 0 | OW12: 0 | OX12: 0 | OY12: 0 | OZ12: 0 | PA12: 0 | PB12: 0 | PC12: 1120 | PD12: 380 | PE12: 0 | PF12: 795 | PG12: 0 | PH12: 0 | PI12: 0 | PJ12: 0 | PK12: 0 | PL12: 0 | PM12: 0 | PN12: 0 | PO12: 0 | PP12: 0 | PQ12: 0 | PR12: 0 | PS12: 0 | PT12: 0 | PU12: 0 | PV12: 0 | PW12: 0 | PX12: 0 | PY12: 0 | PZ12: 0 | QA12: 0 | QB12: 0 | QC12: 0 | QD12: 0 | QE12: 0 | QF12: 0 | QG12: 0 | QH12: 0 | QI12: 0 | QJ12: 0 | QK12: 0 | QL12: 0 | QM12: 0 | QN12: 0 | QO12: 0 | QP12: 0 | QQ12: 0 | QR12: 0 | QS12: 0 | QT12: 0 | QU12: 0 | QV12: 0 | QW12: 0 | QX12: 0 | QY12: 0 | QZ12: 0 | RA12: 0 | RB12: 0 | RC12: 0 | RD12: 0 | RE12: 0 | RF12: 0 | RG12: 0 | RH12: 0 | RI12: 0 | RJ12: 0 | RK12: 0 | RL12: 0 | RM12: 0 | RN12: 0 | RO12: 0 | RP12: 0 | RQ12: 0 | RR12: 0 | RS12: 0 | RT12: 0 | RU12: 0 | RV12: 0 | RW12: 0 | RX12: 0 | RY12: 0 | RZ12: 0 | SA12: 0 | SB12: 0 | SC12: 0 | SD12: 0 | SE12: 0 | SF12: 0 | SG12: 0 | SH12: 0 | SI12: 0 | SJ12: 0 | SK12: 0 | SL12: 0 | SM12: 0 | SN12: 0 | SO12: 0 | SP12: 0 | SQ12: 0 | SR12: 0 | SS12: 0 | ST12: 0 | SU12: 0 | SV12: 0 | SW12: 0 | SX12: 0 | SY12: 0 | SZ12: 0 | TA12: 0 | TB12: 0 | TC12: 0 | TD12: 0 | TE12: 0 | TF12: 0 | TG12: 0 | TH12: 0 | TI12: 0 | TJ12: 0 | TK12: 0 | TL12: 0 | TM12: 0 | TN12: 0 | TO12: 0 | TP12: 0 | TQ12: 0 | TR12: 0 | TS12: 0 | TT12: 0 | TU12: 0 | TV12: 0 | TW12: 0 | TX12: 0 | TY12: 0 | TZ12: 0 | UA12: 0 | UB12: 0 | UC12: 0 | UD12: 0 | UE12: 0 | UF12: 0 | UG12: 0 | UH12: 0 | UI12: 0 | UJ12: 0 | UK12: 0 | UL12: 0 | UM12: 0 | UN12: 0 | UO12: 0 | UP12: 0 | UQ12: 0 | UR12: 0 | US12: 0 | UT12: 0 | UU12: 0 | UV12: 0 | UW12: 0 | UX12: 0 | UY12: 0 | UZ12: 0 | VA12: 0 | VB12: 0 | VC12: 0 | VD12: 0 | VE12: 0 | VF12: 0 | VG12: 0 | VH12: 0 | VI12: 0 | VJ12: 0 | VK12: 0 | VL12: 0 | VM12: 0 | VN12: 0 | VO12: 0 | VP12: 0 | VQ12: 0 | VR12: 0 | VS12: 0 | VT12: 0 | VU12: 0 | VV12: 0 | VW12: 0 | VX12: 0 | VY12: 0 | VZ12: 0 | WA12: 0 | WB12: 0 | WC12: 0 | WD12: 0 | WE12: 0 | WF12: 0 | WG12: 0 | WH12: 0 | WI12: 0 | WJ12: 0 | WK12: 0 | WL12: 0 | WM12: 0 | WN12: 0 | WO12: 0 | WP12: 0 | WQ12: 0 | WR12: 0 | WS12: 0 | WT12: 0 | WU12: 0 | WV12: 0 | WW12: 0 | WX12: 0 | WY12: 0 | WZ12: 0 | XA12: 0 | XB12: 0 | XC12: 0 | XD12: 0 | XE12: 0 | XF12: 0 | XG12: 0 | XH12: 0 | XI12: 0 | XJ12: 0 | XK12: 0 | XL12: 0 | XM12: 0 | XN12: 0 | XO12: 0 | XP12: 0 | XQ12: 0 | XR12: 0 | XS12: 0 | XT12: 0 | XU12: 0 | XV12: 0 | XW12: 0 | XX12: 0 | XY12: 0 | XZ12: 0 | YA12: 0 | YB12: 0 | YC12: 0 | YD12: 0 | YE12: 0 | YF12: 0 | YG12: 0 | YH12: 0 | YI12: 0 | YJ12: 0 | YK12: 0 | YL12: 0 | YM12: 0 | YN12: 0 | YO12: 0 | YP12: 0 | YQ12: 0 | YR12: 0 | YS12: 0 | YT12: 0 | YU12: 0 | YV12: 0 | YW12: 0 | YX12: 0 | YY12: 0 | YZ12: 0 | ZA12: 0 | ZB12: 0 | ZC12: 0 | ZD12: 0 | ZE12: 0 | ZF12: 0 | ZG12: 0 | ZH12: 0 | ZI12: 0 | ZJ12: 0 | ZK12: 0 | ZL12: 0 | ZM12: 0 | ZN12: 0 | ZO12: 0 | ZP12: 0 | ZQ12: 0 | ZR12: 0 | ZS12: 0 | ZT12: 0 | ZU12: 0 | ZV12: 0 | ZW12: 0 | ZX12: 0 | ZY12: 0 | ZZ12: 0 | AAA12: 0 | AAB12: 0 | AAC12: 0 | AAD12: 0 | AAE12: 0 | AAF12: 0 | AAG12: 0 | AAH12: 0 | AAI12: 0 | AAJ12: 0 | AAK12: 0 | AAL12: 0 | AAM12: 0 | AAN12: 0 | AAO12: 0 | AAP12: 0 | AAQ12: 0 | AAR12: 0 | AAS12: 0 | AAT12: 0 | AAU12: 0 | AAV12: 0 | AAW12: 0 | AAX12: 0 | AAY12: 0 | AAZ12: 0 | ABA12: 0 | ABB12: 0 | ABC12: 0 | ABD12: 0 | ABE12: 0 | ABF12: 0 | ABG12: 0 | ABH12: 0 | ABI12: 0 | ABJ12: 0 | ABK12: 0 | ABL12: 0 | ABM12: 0 | ABN12: 0 | ABO12: 0 | ABP12: 0 | ABQ12: 0 | ABR12: 0 | ABS12: 0 | ABT12: 0 | ABU12: 0 | ABV12: 0 | ABW12: 0 | ABX12: 0 | ABY12: 0 | ABZ12: 0 | ACA12: 0 | ACB12: 0 | ACC12: 0 | ACD12: 0 | ACE12: 0 | ACF12: 0 | ACG12: 0 | ACH12: 0 | ACI12: 0 | ACJ12: 0 | ACK12: 0 | ACL12: 0 | ACM12: 0 | ACN12: 0 | ACO12: 0 | ACP12: 0 | ACQ12: 0 | ACR12: 0 | ACS12: 0 | ACT12: 0 | ACU12: 0 | ACV12: 0 | ACW12: 0 | ACX12: 0 | ACY12: 0 | ACZ12: 0 | ADA12: 0 | ADB12: 0 | ADC12: 0 | ADD12: 0 | ADE12: 0 | ADF12: 0 | ADG12: 0 | ADH12: 0 | ADI12: 0 | ADJ12: 0 | ADK12: 0 | ADL12: 0 | ADM12: 0 | ADN12: 0 | ADO12: 0 | ADP12: 0 | ADQ12: 0 | ADR12: 0 | ADS12: 0 | ADT12: 0 | ADU12: 0 | ADV12: 0 | ADW12: 0 | ADX12: 0 | ADY12: 0 | ADZ12: 0 | AEA12: 0 | AEB12: 0 | AEC12: 0 | AED12: 0 | AEE12: 0 | AEF12: 0 | AEG12: 0 | AEH12: 0 | AEI12: 0 | AEJ12: 0 | AEK12: 0 | AEL12: 0 | AEM12: 0 | AEN12: 0 | AEO12: 0 | AEP12: 0 | AEQ12: 0 | AER12: 0 | AES12: 0 | AET12: 0 | AEU12: 0 | AEV12: 0 | AEW12: 0 | AEX12: 0 | AEY12: 0 | AEZ12: 0 | AFA12: 0 | AFB12: 0 | AFC12: 0 | AFD12: 0 | AFE12: 0 | AFF12: 0 | AFG12: 0 | AFH12: 0 | AFI12: 0 | AFJ12: 0 | AFK12: 0 | AFL12: 0 | AFM12: 0 | AFN12: 0 | AFO12: 0 | AFP12: 0 | AFQ12: 0 | AFR12: 0 | AFS12: 0 | AFT12: 0 | AFU12: 0 | AFV12: 0 | AFW12: 0 | AFX12: 0 | AFY12: 0 | AFZ12: 0 | AGA12: 0 | AGB12: 0 | AGC12: 0 | AGD12: 0 | AGE12: 0 | AGF12: 0 | AGG12: 0 | AGH12: 0 | AGI12: 0 | AGJ12: 0 | AGK12: 0 | AGL12: 0 | AGM12: 0 | AGN12: 0 | AGO12: 0 | AGP12: 0 | AGQ12: 0 | AGR12: 0 | AGS12: 0 | AGT12: 0 | AGU12: 0 | AGV12: 0 | AGW12: 0 | AGX12: 0 | AGY12: 0 | AGZ12: 0 | AHA12: 0 | AHB12: 0 | AHC12: 0 | AHD12: 0 | AHE12: 0 | AHF12: 0 | AHG12: 0 | AHH12: 0 | AHI12: 0 | AHJ12: 0 | AHK12: 0 | AHL12: 0 | AHM12: 0 | AHN12: 0 | AHO12: 0 | AHP12: 0 | AHQ12: 0 | AHR12: 0 | AHS12: 0 | AHT12: 0 | AHU12: 0 | AHV12: 0 | AHW12: 0 | AHX12: 0 | AHY12: 0 | AHZ12: 0 | AIA12: 0 | AIB12: 0 | AIC12: 0 | AID12: 0 | AIE12: 0 | AIF12: 0 | AIG12: 0 | AIH12: 0 | AII12: #N/A | AIJ12: #N/A | AIK12: #N/A | AIL12: #N/A | AIM12: #N/A | AIN12: #N/A | AIO12: #N/A | AIP12: #N/A | AIQ12: #N/A | AIR12: #N/A | AIS12: #N/A | AIT12: #N/A | AIU12: #N/A | AIV12: #N/A | AIW12: #N/A | AIX12: #N/A | AIY12: #N/A | AIZ12: #N/A | AJA12: #N/A | AJB12: #N/A | AJC12: #N/A | AJD12: #N/A | AJE12: #N/A | AJF12: #N/A | AJG12: #N/A | AJH12: #N/A | AJI12: #N/A | AJJ12: #N/A | AJK12: #N/A | AJL12: #N/A | AJM12: #N/A | AJN12: #N/A | AJO12: #N/A | AJP12: #N/A | AJQ12: #N/A | AJR12: #N/A | AJS12: #N/A | AJT12: #N/A | AJU12: #N/A | AJV12: #N/A | AJW12: #N/A | AJX12: #N/A | AJY12: #N/A | AJZ12: #N/A | AKA12: #N/A | AKB12: #N/A | AKC12: #N/A | AKD12: #N/A | AKE12: #N/A | AKF12: #N/A | AKG12: #N/A | AKH12: #N/A | AKI12: #N/A | AKJ12: #N/A | AKK12: #N/A | AKL12: #N/A | AKM12: #N/A | AKN12: #N/A | AKO12: #N/A | AKP12: #N/A | AKQ12: #N/A | AKR12: #N/A | AKS12: #N/A | AKT12: #N/A | AKU12: #N/A | AKV12: #N/A | AKW12: #N/A | AKX12: #N/A | AKY12: #N/A | AKZ12: #N/A | ALA12: #N/A | ALB12: #N/A | ALC12: #N/A | ALD12: #N/A | ALE12: #N/A | ALF12: #N/A | ALG12: #N/A | ALH12: #N/A | ALI12: #N/A | ALJ12: #N/A | ALK12: #N/A | ALL12: #N/A | ALM12: #N/A | ALN12: #N/A | ALO12: #N/A | ALP12: #N/A | ALQ12: #N/A | ALR12: #N/A | ALS12: #N/A | ALT12: #N/A | ALU12: #N/A | ALV12: #N/A | ALW12: #N/A | ALX12: #N/A | ALY12: #N/A | ALZ12: #N/A | AMA12: #N/A | AMB12: #N/A | AMC12: #N/A | AMD12: #N/A | AME12: #N/A | AMF12: #N/A | AMG12: #N/A | AMH12: #N/A
A13: 0 | B13: 0 | C13: 0 | D13: 0 | E13: 0 | F13: 0 | G13: 0 | H13: 0 | I13: 0 | J13: 0 | K13: 0 | L13: 0 | M13: 0 | N13: 0 | O13: 0 | P13: 0 | Q13: 0 | R13: 0 | S13: 0 | T13: 0 | U13: 0 | V13: 0 | W13: 0 | X13: 0 | Y13: 0 | Z13: 0 | AA13: 0 | AB13: 0 | AC13: 0 | AD13: 0 | AE13: 0 | AF13: 0 | AG13: 0 | AH13: 0 | AI13: 0 | AJ13: 0 | AK13: 0 | AL13: 0 | AM13: 0 | AN13: 0 | AO13: 0 | AP13: 0 | AQ13: 0 | AR13: 0 | AS13: 0 | AT13: 0 | AU13: 0 | AV13: 0 | AW13: 0 | AX13: 0 | AY13: 0 | AZ13: 0 | BA13: 0 | BB13: 0 | BC13: 0 | BD13: 0 | BE13: 0 | BF13: 0 | BG13: 0 | BH13: 0 | BI13: 0 | BJ13: 0 | BK13: 0 | BL13: 0 | BM13: 0 | BN13: 0 | BO13: 0 | BP13: 0 | BQ13: 0 | BR13: 0 | BS13: 0 | BT13: 0 | BU13: 0 | BV13: 0 | BW13: 0 | BX13: 0 | BY13: 0 | BZ13: 0 | CA13: 0 | CB13: 0 | CC13: 0 | CD13: 0 | CE13: 0 | CF13: 0 | CG13: 0 | CH13: 0 | CI13: 0 | CJ13: 0 | CK13: 0 | CL13: 0 | CM13: 0 | CN13: 0 | CO13: 0 | CP13: 0 | CQ13: 0 | CR13: 0 | CS13: 0 | CT13: 0 | CU13: 0 | CV13: 0 | CW13: 0 | CX13: 0 | CY13: 0 | CZ13: 0 | DA13: 0 | DB13: 0 | DC13: 0 | DD13: 0 | DE13: 0 | DF13: 0 | DG13: 0 | DH13: 0 | DI13: 0 | DJ13: 0 | DK13: 0 | DL13: 0 | DM13: 0 | DN13: 0 | DO13: 0 | DP13: 0 | DQ13: 0 | DR13: 0 | DS13: 0 | DT13: 0 | DU13: 0 | DV13: 0 | DW13: 0 | DX13: 0 | DY13: 0 | DZ13: 0 | EA13: 0 | EB13: 0 | EC13: 0 | ED13: 0 | EE13: 0 | EF13: 0 | EG13: 0 | EH13: 0 | EI13: 0 | EJ13: 0 | EK13: 0 | EL13: 0 | EM13: 0 | EN13: 0 | EO13: 0 | EP13: 0 | EQ13: 0 | ER13: 0 | ES13: 0 | ET13: 0 | EU13: 0 | EV13: 0 | EW13: 0 | EX13: 0 | EY13: 0 | EZ13: 0 | FA13: 0 | FB13: 0 | FC13: 0 | FD13: 0 | FE13: 0 | FF13: 0 | FG13: 0 | FH13: 0 | FI13: 0 | FJ13: 0 | FK13: 0 | FL13: 0 | FM13: 0 | FN13: 0 | FO13: 0 | FP13: 0 | FQ13: 0 | FR13: 0 | FS13: 0 | FT13: 0 | FU13: 0 | FV13: 0 | FW13: 0 | FX13: 0 | FY13: 0 | FZ13: 0 | GA13: 0 | GB13: 0 | GC13: 0 | GD13: 0 | GE13: 0 | GF13: 0 | GG13: 0 | GH13: 0 | GI13: 0 | GJ13: 0 | GK13: 0 | GL13: 0 | GM13: 0 | GN13: 0 | GO13: 0 | GP13: 0 | GQ13: 0 | GR13: 0 | GS13: 0 | GT13: 0 | GU13: 0 | GV13: 0 | GW13: 0 | GX13: 0 | GY13: 0 | GZ13: 0 | HA13: 0 | HB13: 0 | HC13: 0 | HD13: 0 | HE13: 0 | HF13: 0 | HG13: 0 | HH13: 0 | HI13: 0 | HJ13: 0 | HK13: 0 | HL13: 0 | HM13: 0 | HN13: 0 | HO13: 0 | HP13: 0 | HQ13: 0 | HR13: 0 | HS13: 0 | HT13: 0 | HU13: 0 | HV13: 0 | HW13: 0 | HX13: 0 | HY13: 0 | HZ13: 0 | IA13: 0 | IB13: 0 | IC13: 0 | ID13: 0 | IE13: 0 | IF13: 0 | IG13: 0 | IH13: 0 | II13: 0 | IJ13: 0 | IK13: 0 | IL13: 0 | IM13: 0 | IN13: 0 | IO13: 0 | IP13: 0 | IQ13: 0 | IR13: 0 | IS13: 0 | IT13: 0 | IU13: 0 | IV13: 0 | IW13: 0 | IX13: 0 | IY13: 0 | IZ13: 0 | JA13: 0 | JB13: 0 | JC13: 0 | JD13: 0 | JE13: 0 | JF13: 0 | JG13: 0 | JH13: 0 | JI13: 0 | JJ13: 0 | JK13: 0 | JL13: 0 | JM13: 0 | JN13: 0 | JO13: 0 | JP13: 0 | JQ13: 0 | JR13: 0 | JS13: 0 | JT13: 0 | JU13: 0 | JV13: 0 | JW13: 0 | JX13: 0 | JY13: 0 | JZ13: 0 | KA13: 0 | KB13: 0 | KC13: 0 | KD13: 0 | KE13: 0 | KF13: 0 | KG13: 0 | KH13: 0 | KI13: 0 | KJ13: 0 | KK13: 0 | KL13: 0 | KM13: 0 | KN13: 0 | KO13: 0 | KP13: 0 | KQ13: 0 | KR13: 0 | KS13: 0 | KT13: 0 | KU13: 0 | KV13: 0 | KW13: 0 | KX13: 0 | KY13: 0 | KZ13: 0 | LA13: 0 | LB13: 0 | LC13: 0 | LD13: 0 | LE13: 0 | LF13: 0 | LG13: 0 | LH13: 0 | LI13: 0 | LJ13: 0 | LK13: 0 | LL13: 0 | LM13: 0 | LN13: 0 | LO13: 0 | LP13: 0 | LQ13: 0 | LR13: 0 | LS13: 0 | LT13: 0 | LU13: 0 | LV13: 0 | LW13: 0 | LX13: 0 | LY13: 0 | LZ13: 0 | MA13: 0 | MB13: 0 | MC13: 0 | MD13: 0 | ME13: 0 | MF13: 0 | MG13: 0 | MH13: 0 | MI13: 0 | MJ13: 0 | MK13: 0 | ML13: 0 | MM13: 0 | MN13: 0 | MO13: 0 | MP13: 0 | MQ13: 0 | MR13: 0 | MS13: 0 | MT13: 0 | MU13: 0 | MV13: 0 | MW13: 0 | MX13: 0 | MY13: 0 | MZ13: 0 | NA13: 0 | NB13: 0 | NC13: 0 | ND13: 0 | NE13: 0 | NF13: 0 | NG13: 0 | NH13: 0 | NI13: 0 | NJ13: 0 | NK13: 0 | NL13: 0 | NM13: 0 | NN13: 0 | NO13: 0 | NP13: 0 | NQ13: 0 | NR13: 0 | NS13: 0 | NT13: 0 | NU13: 0 | NV13: 0 | NW13: 0 | NX13: 0 | NY13: 0 | NZ13: 0 | OA13: 0 | OB13: 0 | OC13: 0 | OD13: 0 | OE13: 0 | OF13: 0 | OG13: 0 | OH13: 0 | OI13: 0 | OJ13: 0 | OK13: 0 | OL13: 0 | OM13: 0 | ON13: 0 | OO13: 0 | OP13: 0 | OQ13: 0 | OR13: 0 | OS13: 0 | OT13: 0 | OU13: 0 | OV13: 0 | OW13: 0 | OX13: 0 | OY13: 0 | OZ13: 0 | PA13: 0 | PB13: 0 | PC13: 0 | PD13: 0 | PE13: 0 | PF13: 0 | PG13: 0 | PH13: 0 | PI13: 0 | PJ13: 0 | PK13: 0 | PL13: 0 | PM13: 0 | PN13: 0 | PO13: 0 | PP13: 0 | PQ13: 0 | PR13: 0 | PS13: 0 | PT13: 0 | PU13: 0 | PV13: 0 | PW13: 0 | PX13: 0 | PY13: 0 | PZ13: 0 | QA13: 0 | QB13: 0 | QC13: 0 | QD13: 0 | QE13: 0 | QF13: 0 | QG13: 0 | QH13: 0 | QI13: 0 | QJ13: 0 | QK13: 0 | QL13: 0 | QM13: 0 | QN13: 0 | QO13: 0 | QP13: 0 | QQ13: 0 | QR13: 0 | QS13: 0 | QT13: 0 | QU13: 0 | QV13: 0 | QW13: 0 | QX13: 0 | QY13: 0 | QZ13: 0 | RA13: 0 | RB13: 0 | RC13: 0 | RD13: 0 | RE13: 0 | RF13: 0 | RG13: 0 | RH13: 0 | RI13: 0 | RJ13: 0 | RK13: 0 | RL13: 0 | RM13: 0 | RN13: 0 | RO13: 0 | RP13: 0 | RQ13: 0 | RR13: 0 | RS13: 0 | RT13: 0 | RU13: 0 | RV13: 0 | RW13: 0 | RX13: 0 | RY13: 0 | RZ13: 0 | SA13: 0 | SB13: 0 | SC13: 0 | SD13: 0 | SE13: 0 | SF13: 0 | SG13: 0 | SH13: 0 | SI13: 0 | SJ13: 0 | SK13: 0 | SL13: 0 | SM13: 0 | SN13: 0 | SO13: 0 | SP13: 0 | SQ13: 0 | SR13: 0 | SS13: 0 | ST13: 0 | SU13: 0 | SV13: 0 | SW13: 0 | SX13: 0 | SY13: 0 | SZ13: 0 | TA13: 0 | TB13: 0 | TC13: 0 | TD13: 0 | TE13: 0 | TF13: 0 | TG13: 0 | TH13: 0 | TI13: 0 | TJ13: 0 | TK13: 0 | TL13: 0 | TM13: 0 | TN13: 0 | TO13: 0 | TP13: 0 | TQ13: 0 | TR13: 0 | TS13: 0 | TT13: 0 | TU13: 0 | TV13: 0 | TW13: 0 | TX13: 0 | TY13: 0 | TZ13: 0 | UA13: 0 | UB13: 0 | UC13: 0 | UD13: 0 | UE13: 0 | UF13: 0 | UG13: 0 | UH13: 0 | UI13: 0 | UJ13: 0 | UK13: 0 | UL13: 0 | UM13: 0 | UN13: 0 | UO13: 0 | UP13: 0 | UQ13: 0 | UR13: 0 | US13: 0 | UT13: 0 | UU13: 0 | UV13: 0 | UW13: 0 | UX13: 0 | UY13: 0 | UZ13: 0 | VA13: 0 | VB13: 0 | VC13: 0 | VD13: 0 | VE13: 0 | VF13: 0 | VG13: 0 | VH13: 0 | VI13: 0 | VJ13: 0 | VK13: 0 | VL13: 0 | VM13: 0 | VN13: 0 | VO13: 0 | VP13: 0 | VQ13: 0 | VR13: 0 | VS13: 0 | VT13: 0 | VU13: 0 | VV13: 0 | VW13: 0 | VX13: 0 | VY13: 0 | VZ13: 0 | WA13: 0 | WB13: 0 | WC13: 0 | WD13: 0 | WE13: 0 | WF13: 0 | WG13: 0 | WH13: 0 | WI13: 0 | WJ13: 0 | WK13: 0 | WL13: 0 | WM13: 0 | WN13: 0 | WO13: 0 | WP13: 0 | WQ13: 0 | WR13: 0 | WS13: 0 | WT13: 0 | WU13: 0 | WV13: 0 | WW13: 0 | WX13: 0 | WY13: 0 | WZ13: 0 | XA13: 0 | XB13: 0 | XC13: 0 | XD13: 0 | XE13: 0 | XF13: 0 | XG13: 0 | XH13: 0 | XI13: 0 | XJ13: 0 | XK13: 0 | XL13: 0 | XM13: 0 | XN13: 0 | XO13: 0 | XP13: 0 | XQ13: 0 | XR13: 0 | XS13: 0 | XT13: 0 | XU13: 0 | XV13: 0 | XW13: 0 | XX13: 0 | XY13: 0 | XZ13: 0 | YA13: 0 | YB13: 0 | YC13: 0 | YD13: 0 | YE13: 0 | YF13: 0 | YG13: 0 | YH13: 0 | YI13: 0 | YJ13: 0 | YK13: 0 | YL13: 0 | YM13: 0 | YN13: 0 | YO13: 0 | YP13: 0 | YQ13: 0 | YR13: 0 | YS13: 0 | YT13: 0 | YU13: 0 | YV13: 0 | YW13: 0 | YX13: 0 | YY13: 0 | YZ13: 0 | ZA13: 0 | ZB13: 0 | ZC13: 0 | ZD13: 0 | ZE13: 0 | ZF13: 0 | ZG13: 0 | ZH13: 0 | ZI13: 0 | ZJ13: 0 | ZK13: 0 | ZL13: 0 | ZM13: 0 | ZN13: 0 | ZO13: 0 | ZP13: 0 | ZQ13: 0 | ZR13: 0 | ZS13: 0 | ZT13: 0 | ZU13: 0 | ZV13: 0 | ZW13: 0 | ZX13: 0 | ZY13: 0 | ZZ13: 0 | AAA13: 0 | AAB13: 0 | AAC13: 0 | AAD13: 0 | AAE13: 0 | AAF13: 0 | AAG13: 0 | AAH13: 0 | AAI13: 0 | AAJ13: 0 | AAK13: 0 | AAL13: 0 | AAM13: 0 | AAN13: 0 | AAO13: 0 | AAP13: 0 | AAQ13: 0 | AAR13: 0 | AAS13: 0 | AAT13: 0 | AAU13: 0 | AAV13: 0 | AAW13: 0 | AAX13: 0 | AAY13: 0 | AAZ13: 0 | ABA13: 0 | ABB13: 0 | ABC13: 0 | ABD13: 0 | ABE13: 0 | ABF13: 0 | ABG13: 0 | ABH13: 0 | ABI13: 0 | ABJ13: 0 | ABK13: 0 | ABL13: 0 | ABM13: 0 | ABN13: 0 | ABO13: 0 | ABP13: 0 | ABQ13: 0 | ABR13: 0 | ABS13: 0 | ABT13: 0 | ABU13: 0 | ABV13: 0 | ABW13: 0 | ABX13: 0 | ABY13: 0 | ABZ13: 0 | ACA13: 0 | ACB13: 0 | ACC13: 0 | ACD13: 0 | ACE13: 0 | ACF13: 0 | ACG13: 0 | ACH13: 0 | ACI13: 0 | ACJ13: 0 | ACK13: 0 | ACL13: 0 | ACM13: 0 | ACN13: 0 | ACO13: 0 | ACP13: 0 | ACQ13: 0 | ACR13: 0 | ACS13: 0 | ACT13: 0 | ACU13: 0 | ACV13: 0 | ACW13: 0 | ACX13: 0 | ACY13: 0 | ACZ13: 0 | ADA13: 0 | ADB13: 0 | ADC13: 0 | ADD13: 0 | ADE13: 0 | ADF13: 0 | ADG13: 0 | ADH13: 0 | ADI13: 0 | ADJ13: 0 | ADK13: 0 | ADL13: 0 | ADM13: 0 | ADN13: 0 | ADO13: 0 | ADP13: 0 | ADQ13: 0 | ADR13: 0 | ADS13: 0 | ADT13: 0 | ADU13: 0 | ADV13: 0 | ADW13: 0 | ADX13: 0 | ADY13: 0 | ADZ13: 0 | AEA13: 0 | AEB13: 0 | AEC13: 0 | AED13: 0 | AEE13: 0 | AEF13: 0 | AEG13: 0 | AEH13: 0 | AEI13: 0 | AEJ13: 0 | AEK13: 0 | AEL13: 0 | AEM13: 0 | AEN13: 0 | AEO13: 0 | AEP13: 0 | AEQ13: 0 | AER13: 0 | AES13: 0 | AET13: 0 | AEU13: 0 | AEV13: 0 | AEW13: 0 | AEX13: 0 | AEY13: 0 | AEZ13: 0 | AFA13: 0 | AFB13: 0 | AFC13: 0 | AFD13: 0 | AFE13: 0 | AFF13: 0 | AFG13: 0 | AFH13: 0 | AFI13: 0 | AFJ13: 0 | AFK13: 0 | AFL13: 0 | AFM13: 0 | AFN13: 0 | AFO13: 0 | AFP13: 0 | AFQ13: 0 | AFR13: 0 | AFS13: 0 | AFT13: 0 | AFU13: 0 | AFV13: 0 | AFW13: 0 | AFX13: 0 | AFY13: 0 | AFZ13: 0 | AGA13: 0 | AGB13: 0 | AGC13: 0 | AGD13: 0 | AGE13: 0 | AGF13: 0 | AGG13: 0 | AGH13: 0 | AGI13: 0 | AGJ13: 0 | AGK13: 0 | AGL13: 0 | AGM13: 0 | AGN13: 0 | AGO13: 0 | AGP13: 0 | AGQ13: 0 | AGR13: 0 | AGS13: 0 | AGT13: 0 | AGU13: 0 | AGV13: 0 | AGW13: 0 | AGX13: 0 | AGY13: 0 | AGZ13: 0 | AHA13: 0 | AHB13: 0 | AHC13: 0 | AHD13: 0 | AHE13: 0 | AHF13: 0 | AHG13: 0 | AHH13: 0 | AHI13: 0 | AHJ13: 0 | AHK13: 0 | AHL13: 0 | AHM13: 0 | AHN13: 0 | AHO13: 0 | AHP13: 0 | AHQ13: 0 | AHR13: 0 | AHS13: 0 | AHT13: 0 | AHU13: 0 | AHV13: 0 | AHW13: 0 | AHX13: 0 | AHY13: 0 | AHZ13: 0 | AIA13: 0 | AIB13: 0 | AIC13: 0 | AID13: 0 | AIE13: 0 | AIF13: 0 | AIG13: 0 | AIH13: 0 | AII13: #N/A | AIJ13: #N/A | AIK13: #N/A | AIL13: #N/A | AIM13: #N/A | AIN13: #N/A | AIO13: #N/A | AIP13: #N/A | AIQ13: #N/A | AIR13: #N/A | AIS13: #N/A | AIT13: #N/A | AIU13: #N/A | AIV13: #N/A | AIW13: #N/A | AIX13: #N/A | AIY13: #N/A | AIZ13: #N/A | AJA13: #N/A | AJB13: #N/A | AJC13: #N/A | AJD13: #N/A | AJE13: #N/A | AJF13: #N/A | AJG13: #N/A | AJH13: #N/A | AJI13: #N/A | AJJ13: #N/A | AJK13: #N/A | AJL13: #N/A | AJM13: #N/A | AJN13: #N/A | AJO13: #N/A | AJP13: #N/A | AJQ13: #N/A | AJR13: #N/A | AJS13: #N/A | AJT13: #N/A | AJU13: #N/A | AJV13: #N/A | AJW13: #N/A | AJX13: #N/A | AJY13: #N/A | AJZ13: #N/A | AKA13: #N/A | AKB13: #N/A | AKC13: #N/A | AKD13: #N/A | AKE13: #N/A | AKF13: #N/A | AKG13: #N/A | AKH13: #N/A | AKI13: #N/A | AKJ13: #N/A | AKK13: #N/A | AKL13: #N/A | AKM13: #N/A | AKN13: #N/A | AKO13: #N/A | AKP13: #N/A | AKQ13: #N/A | AKR13: #N/A | AKS13: #N/A | AKT13: #N/A | AKU13: #N/A | AKV13: #N/A | AKW13: #N/A | AKX13: #N/A | AKY13: #N/A | AKZ13: #N/A | ALA13: #N/A | ALB13: #N/A | ALC13: #N/A | ALD13: #N/A | ALE13: #N/A | ALF13: #N/A | ALG13: #N/A | ALH13: #N/A | ALI13: #N/A | ALJ13: #N/A | ALK13: #N/A | ALL13: #N/A | ALM13: #N/A | ALN13: #N/A | ALO13: #N/A | ALP13: #N/A | ALQ13: #N/A | ALR13: #N/A | ALS13: #N/A | ALT13: #N/A | ALU13: #N/A | ALV13: #N/A | ALW13: #N/A | ALX13: #N/A | ALY13: #N/A | ALZ13: #N/A | AMA13: #N/A | AMB13: #N/A | AMC13: #N/A | AMD13: #N/A | AME13: #N/A | AMF13: #N/A | AMG13: #N/A | AMH13: #N/A
